method,id,language,split,difficulty,heldout_phrasing,noisy,R@1,R@3,R@5,MRR
1 no schema linking (random),IB_0001_en,english,test,filtered_aggregate,True,False,0.0,0.0,0.0,0.14285714285714285
1 no schema linking (random),IB_0001_hi,hindi,test,filtered_aggregate,False,False,0.0,0.0,0.0,0.011494252873563218
1 no schema linking (random),IB_0001_hing,hinglish,test,filtered_aggregate,False,False,0.0,0.0,0.0,0.012345679012345678
1 no schema linking (random),IB_0001_ta,tamil,test,filtered_aggregate,True,False,0.0,0.0,0.0,0.02702702702702703
1 no schema linking (random),IB_0002_en,english,dev,filtered_aggregate,False,False,0.0,0.0,0.0,0.012195121951219513
1 no schema linking (random),IB_0002_hi,hindi,dev,filtered_aggregate,False,False,0.0,1.0,1.0,0.5
1 no schema linking (random),IB_0002_hing,hinglish,dev,filtered_aggregate,False,False,0.0,0.0,0.0,0.015384615384615385
1 no schema linking (random),IB_0002_ta,tamil,dev,filtered_aggregate,False,False,0.0,1.0,1.0,0.3333333333333333
1 no schema linking (random),IB_0004_en,english,hard_test,filtered_aggregate,True,True,0.0,0.0,1.0,0.2
1 no schema linking (random),IB_0004_hi,hindi,hard_test,filtered_aggregate,True,True,0.0,0.0,0.0,0.014492753623188406
1 no schema linking (random),IB_0004_hing,hinglish,hard_test,filtered_aggregate,False,True,0.0,0.0,0.0,0.015873015873015872
1 no schema linking (random),IB_0004_ta,tamil,hard_test,filtered_aggregate,True,False,0.0,0.0,0.0,0.02040816326530612
1 no schema linking (random),IB_0007_en,english,dev,filtered_aggregate,False,False,0.0,0.0,0.0,0.058823529411764705
1 no schema linking (random),IB_0007_hi,hindi,dev,filtered_aggregate,False,False,0.0,0.0,0.0,0.047619047619047616
1 no schema linking (random),IB_0007_hing,hinglish,dev,filtered_aggregate,False,False,0.0,0.0,0.0,0.015873015873015872
1 no schema linking (random),IB_0007_ta,tamil,dev,filtered_aggregate,False,False,0.0,0.0,0.0,0.02631578947368421
1 no schema linking (random),IB_0009_en,english,dev,filtered_aggregate,False,False,0.0,0.0,0.0,0.01
1 no schema linking (random),IB_0009_hi,hindi,dev,filtered_aggregate,False,False,0.0,0.0,0.0,0.010101010101010102
1 no schema linking (random),IB_0009_hing,hinglish,dev,filtered_aggregate,False,False,0.0,0.0,0.0,0.010101010101010102
1 no schema linking (random),IB_0009_ta,tamil,dev,filtered_aggregate,False,False,0.0,0.0,0.0,0.023809523809523808
1 no schema linking (random),IB_0010_en,english,test,filtered_aggregate,False,False,0.0,0.0,0.0,0.011764705882352941
1 no schema linking (random),IB_0010_hi,hindi,test,filtered_aggregate,False,False,0.0,0.0,0.0,0.010638297872340425
1 no schema linking (random),IB_0010_hing,hinglish,test,filtered_aggregate,True,False,0.0,0.0,0.0,0.017543859649122806
1 no schema linking (random),IB_0010_ta,tamil,test,filtered_aggregate,True,False,0.0,0.0,0.0,0.047619047619047616
1 no schema linking (random),IB_0011_en,english,hard_test,cross_year,False,True,0.0,0.0,0.0,0.0625
1 no schema linking (random),IB_0011_hi,hindi,hard_test,cross_year,True,True,0.0,0.0,0.0,0.009523809523809525
1 no schema linking (random),IB_0011_hing,hinglish,hard_test,cross_year,True,True,0.0,0.0,0.0,0.012987012987012988
1 no schema linking (random),IB_0011_ta,tamil,hard_test,cross_year,True,False,0.0,0.0,0.0,0.030303030303030304
1 no schema linking (random),IB_0012_en,english,dev,cross_year,False,False,0.0,0.0,0.0,0.014705882352941176
1 no schema linking (random),IB_0012_hi,hindi,dev,cross_year,False,False,0.0,0.0,0.0,0.027777777777777776
1 no schema linking (random),IB_0012_hing,hinglish,dev,cross_year,False,False,0.0,0.0,0.0,0.012345679012345678
1 no schema linking (random),IB_0012_ta,tamil,dev,cross_year,False,False,0.0,0.0,0.0,0.03125
1 no schema linking (random),IB_0015_en,english,hard_test,cross_year,True,False,0.0,0.0,0.0,0.1111111111111111
1 no schema linking (random),IB_0015_hi,hindi,hard_test,cross_year,True,True,0.0,0.0,0.0,0.018867924528301886
1 no schema linking (random),IB_0015_hing,hinglish,hard_test,cross_year,False,True,0.0,0.0,0.0,0.010101010101010102
1 no schema linking (random),IB_0015_ta,tamil,hard_test,cross_year,True,True,0.0,0.0,0.0,0.012345679012345678
1 no schema linking (random),IB_0016_en,english,dev,cross_year,False,False,0.0,0.0,0.0,0.011363636363636364
1 no schema linking (random),IB_0016_hi,hindi,dev,cross_year,False,False,0.0,0.0,0.0,0.013513513513513514
1 no schema linking (random),IB_0016_hing,hinglish,dev,cross_year,False,False,0.0,0.0,0.0,0.01639344262295082
1 no schema linking (random),IB_0016_ta,tamil,dev,cross_year,False,False,0.0,0.0,0.0,0.05555555555555555
1 no schema linking (random),IB_0017_en,english,test,cross_year,True,False,0.0,0.0,0.0,0.011904761904761904
1 no schema linking (random),IB_0017_hi,hindi,test,cross_year,True,False,0.0,0.0,0.0,0.012345679012345678
1 no schema linking (random),IB_0017_hing,hinglish,test,cross_year,True,False,0.0,0.0,0.0,0.08333333333333333
1 no schema linking (random),IB_0017_ta,tamil,test,cross_year,False,False,0.0,0.0,0.0,0.03333333333333333
1 no schema linking (random),IB_0018_en,english,test,cross_year,True,False,0.0,0.0,0.0,0.0136986301369863
1 no schema linking (random),IB_0018_hi,hindi,test,cross_year,False,False,0.0,0.0,0.0,0.16666666666666666
1 no schema linking (random),IB_0018_hing,hinglish,test,cross_year,True,False,0.0,0.0,0.0,0.03333333333333333
1 no schema linking (random),IB_0018_ta,tamil,test,cross_year,True,False,0.0,0.0,0.0,0.018518518518518517
1 no schema linking (random),IB_0021_en,english,test,cross_year,True,False,0.0,0.0,0.0,0.011111111111111112
1 no schema linking (random),IB_0021_hi,hindi,test,cross_year,True,False,0.0,0.0,0.0,0.018518518518518517
1 no schema linking (random),IB_0021_hing,hinglish,test,cross_year,True,False,0.0,0.0,0.0,0.010416666666666666
1 no schema linking (random),IB_0021_ta,tamil,test,cross_year,True,False,0.0,0.0,0.0,0.02564102564102564
1 no schema linking (random),IB_0022_en,english,hard_test,cross_year,True,False,0.0,0.0,0.0,0.011494252873563218
1 no schema linking (random),IB_0022_hi,hindi,hard_test,cross_year,True,True,0.0,0.0,0.0,0.010526315789473684
1 no schema linking (random),IB_0022_hing,hinglish,hard_test,cross_year,True,True,0.0,0.0,0.0,0.010526315789473684
1 no schema linking (random),IB_0022_ta,tamil,hard_test,cross_year,False,True,0.0,0.0,0.0,0.023809523809523808
1 no schema linking (random),IB_0025_en,english,dev,multi_hop,False,False,0.0,0.0,0.0,0.030303030303030304
1 no schema linking (random),IB_0025_hi,hindi,dev,multi_hop,False,False,0.0,0.0,0.0,0.05
1 no schema linking (random),IB_0025_hing,hinglish,dev,multi_hop,False,False,0.0,0.0,0.0,0.010526315789473684
1 no schema linking (random),IB_0025_ta,tamil,dev,multi_hop,False,False,0.0,0.0,0.0,0.02127659574468085
1 no schema linking (random),IB_0026_en,english,dev,multi_hop,False,False,0.0,0.0,0.0,0.01
1 no schema linking (random),IB_0026_hi,hindi,dev,multi_hop,False,False,0.0,0.0,0.0,0.014925373134328358
1 no schema linking (random),IB_0026_hing,hinglish,dev,multi_hop,False,False,0.0,0.0,0.0,0.013513513513513514
1 no schema linking (random),IB_0026_ta,tamil,dev,multi_hop,False,False,0.0,0.0,0.0,0.015625
1 no schema linking (random),IB_0029_en,english,dev,multi_hop,False,False,0.0,0.0,0.0,0.02702702702702703
1 no schema linking (random),IB_0029_hi,hindi,dev,multi_hop,False,False,0.0,0.0,0.0,0.03225806451612903
1 no schema linking (random),IB_0029_hing,hinglish,dev,multi_hop,False,False,0.0,0.0,0.0,0.027777777777777776
1 no schema linking (random),IB_0029_ta,tamil,dev,multi_hop,False,False,0.0,0.0,0.0,0.02857142857142857
1 no schema linking (random),IB_0034_en,english,dev,filtered_aggregate,False,False,0.0,0.0,0.0,0.014925373134328358
1 no schema linking (random),IB_0034_hi,hindi,dev,filtered_aggregate,False,False,0.0,0.0,0.0,0.03571428571428571
1 no schema linking (random),IB_0034_hing,hinglish,dev,filtered_aggregate,False,False,0.0,0.0,0.0,0.01020408163265306
1 no schema linking (random),IB_0034_ta,tamil,dev,filtered_aggregate,False,False,0.0,0.0,0.0,0.03333333333333333
1 no schema linking (random),IB_0035_en,english,dev,filtered_aggregate,False,False,0.0,0.0,0.0,0.05555555555555555
1 no schema linking (random),IB_0035_hi,hindi,dev,filtered_aggregate,False,False,0.0,0.0,0.0,0.034482758620689655
1 no schema linking (random),IB_0035_hing,hinglish,dev,filtered_aggregate,False,False,0.0,0.0,0.0,0.022222222222222223
1 no schema linking (random),IB_0035_ta,tamil,dev,filtered_aggregate,False,False,0.0,0.0,0.0,0.014705882352941176
1 no schema linking (random),IB_0036_en,english,hard_test,filtered_aggregate,True,True,0.0,0.0,0.0,0.023255813953488372
1 no schema linking (random),IB_0036_hi,hindi,hard_test,filtered_aggregate,False,True,0.0,0.0,0.0,0.014285714285714285
1 no schema linking (random),IB_0036_hing,hinglish,hard_test,filtered_aggregate,True,True,0.0,0.0,0.0,0.025
1 no schema linking (random),IB_0036_ta,tamil,hard_test,filtered_aggregate,True,True,0.0,0.0,0.0,0.010416666666666666
1 no schema linking (random),IB_0037_en,english,test,filtered_aggregate,True,False,0.0,0.0,1.0,0.2
1 no schema linking (random),IB_0037_hi,hindi,test,filtered_aggregate,True,False,0.0,0.0,0.0,0.0125
1 no schema linking (random),IB_0037_hing,hinglish,test,filtered_aggregate,False,False,0.0,0.0,0.0,0.011764705882352941
1 no schema linking (random),IB_0037_ta,tamil,test,filtered_aggregate,False,False,0.0,0.0,0.0,0.017857142857142856
1 no schema linking (random),IB_0045_en,english,hard_test,filtered_aggregate,True,True,0.0,0.0,0.0,0.015625
1 no schema linking (random),IB_0045_hi,hindi,hard_test,filtered_aggregate,True,True,0.0,0.0,0.0,0.02127659574468085
1 no schema linking (random),IB_0045_hing,hinglish,hard_test,filtered_aggregate,True,True,0.0,0.0,0.0,0.010752688172043012
1 no schema linking (random),IB_0045_ta,tamil,hard_test,filtered_aggregate,True,True,0.0,0.0,0.0,0.009523809523809525
1 no schema linking (random),IB_0047_en,english,test,filtered_aggregate,True,False,0.0,0.0,0.0,0.03225806451612903
1 no schema linking (random),IB_0047_hi,hindi,test,filtered_aggregate,True,False,0.0,0.0,0.0,0.011627906976744186
1 no schema linking (random),IB_0047_hing,hinglish,test,filtered_aggregate,True,False,0.0,0.0,0.0,0.011494252873563218
1 no schema linking (random),IB_0047_ta,tamil,test,filtered_aggregate,False,False,0.0,0.0,0.0,0.021739130434782608
1 no schema linking (random),IB_0048_en,english,test,filtered_aggregate,False,False,0.0,0.0,0.0,0.011904761904761904
1 no schema linking (random),IB_0048_hi,hindi,test,filtered_aggregate,False,False,0.0,0.0,0.0,0.014705882352941176
1 no schema linking (random),IB_0048_hing,hinglish,test,filtered_aggregate,False,False,0.0,0.0,0.0,0.015384615384615385
1 no schema linking (random),IB_0048_ta,tamil,test,filtered_aggregate,True,False,0.0,0.0,0.0,0.037037037037037035
1 no schema linking (random),IB_0050_en,english,test,filtered_aggregate,True,False,0.0,0.0,0.0,0.016129032258064516
1 no schema linking (random),IB_0050_hi,hindi,test,filtered_aggregate,True,False,0.0,0.0,0.0,0.02702702702702703
1 no schema linking (random),IB_0050_hing,hinglish,test,filtered_aggregate,False,False,0.0,0.0,0.0,0.011235955056179775
1 no schema linking (random),IB_0050_ta,tamil,test,filtered_aggregate,True,False,0.0,0.0,0.0,0.024390243902439025
1 no schema linking (random),IB_0051_en,english,test,filtered_aggregate,True,False,0.0,0.0,0.0,0.027777777777777776
1 no schema linking (random),IB_0051_hi,hindi,test,filtered_aggregate,False,False,0.0,0.0,0.0,0.023809523809523808
1 no schema linking (random),IB_0051_hing,hinglish,test,filtered_aggregate,False,False,0.0,0.0,0.0,0.045454545454545456
1 no schema linking (random),IB_0051_ta,tamil,test,filtered_aggregate,True,False,0.0,0.0,0.0,0.03333333333333333
1 no schema linking (random),IB_0052_en,english,dev,filtered_aggregate,False,False,0.0,0.0,0.0,0.058823529411764705
1 no schema linking (random),IB_0052_hi,hindi,dev,filtered_aggregate,False,False,0.0,0.0,0.0,0.014705882352941176
1 no schema linking (random),IB_0052_hing,hinglish,dev,filtered_aggregate,False,False,0.0,0.0,0.0,0.011494252873563218
1 no schema linking (random),IB_0052_ta,tamil,dev,filtered_aggregate,False,False,0.0,0.0,0.0,0.029411764705882353
1 no schema linking (random),IB_0053_en,english,test,filtered_aggregate,True,False,0.0,0.0,0.0,0.029411764705882353
1 no schema linking (random),IB_0053_hi,hindi,test,filtered_aggregate,True,False,0.0,0.0,0.0,0.05
1 no schema linking (random),IB_0053_hing,hinglish,test,filtered_aggregate,True,False,0.0,0.0,0.0,0.022727272727272728
1 no schema linking (random),IB_0053_ta,tamil,test,filtered_aggregate,True,False,0.0,0.0,0.0,0.015873015873015872
1 no schema linking (random),IB_0055_en,english,dev,cross_year,False,False,0.0,1.0,1.0,0.3333333333333333
1 no schema linking (random),IB_0055_hi,hindi,dev,cross_year,False,False,0.0,0.0,0.0,0.025
1 no schema linking (random),IB_0055_hing,hinglish,dev,cross_year,False,False,0.0,0.0,0.0,0.015151515151515152
1 no schema linking (random),IB_0055_ta,tamil,dev,cross_year,False,False,0.0,0.0,0.0,0.08333333333333333
1 no schema linking (random),IB_0056_en,english,hard_test,cross_year,True,True,0.0,0.0,0.0,0.0136986301369863
1 no schema linking (random),IB_0056_hi,hindi,hard_test,cross_year,True,True,0.0,0.0,0.0,0.041666666666666664
1 no schema linking (random),IB_0056_hing,hinglish,hard_test,cross_year,True,True,0.0,0.0,1.0,0.2
1 no schema linking (random),IB_0056_ta,tamil,hard_test,cross_year,True,False,0.0,0.0,0.0,0.019230769230769232
1 no schema linking (random),IB_0057_en,english,hard_test,cross_year,True,False,0.0,0.0,0.0,0.02127659574468085
1 no schema linking (random),IB_0057_hi,hindi,hard_test,cross_year,True,True,0.0,0.0,0.0,0.125
1 no schema linking (random),IB_0057_hing,hinglish,hard_test,cross_year,True,False,0.0,0.0,0.0,0.011363636363636364
1 no schema linking (random),IB_0057_ta,tamil,hard_test,cross_year,True,True,0.0,0.0,0.0,0.024390243902439025
1 no schema linking (random),IB_0060_en,english,test,cross_year,True,False,0.0,0.0,0.0,0.009708737864077669
1 no schema linking (random),IB_0060_hi,hindi,test,cross_year,True,False,0.0,0.0,0.0,0.010101010101010102
1 no schema linking (random),IB_0060_hing,hinglish,test,cross_year,False,False,0.0,0.0,0.0,0.013157894736842105
1 no schema linking (random),IB_0060_ta,tamil,test,cross_year,True,False,0.0,0.0,0.0,0.017857142857142856
1 no schema linking (random),IB_0065_en,english,test,filtered_aggregate,True,False,0.0,0.0,0.0,0.012195121951219513
1 no schema linking (random),IB_0065_hi,hindi,test,filtered_aggregate,True,False,0.0,0.0,0.0,0.015873015873015872
1 no schema linking (random),IB_0065_hing,hinglish,test,filtered_aggregate,True,False,0.0,0.0,0.0,0.07692307692307693
1 no schema linking (random),IB_0065_ta,tamil,test,filtered_aggregate,False,False,0.0,0.0,0.0,0.03125
1 no schema linking (random),IB_0067_en,english,test,filtered_aggregate,False,False,0.0,0.0,0.0,0.012345679012345678
1 no schema linking (random),IB_0067_hi,hindi,test,filtered_aggregate,True,False,0.0,0.0,0.0,0.018867924528301886
1 no schema linking (random),IB_0067_hing,hinglish,test,filtered_aggregate,True,False,0.0,0.0,0.0,0.01098901098901099
1 no schema linking (random),IB_0067_ta,tamil,test,filtered_aggregate,True,False,0.0,0.0,0.0,0.01694915254237288
1 no schema linking (random),IB_0068_en,english,test,filtered_aggregate,True,False,0.0,0.0,0.0,0.009900990099009901
1 no schema linking (random),IB_0068_hi,hindi,test,filtered_aggregate,False,False,0.0,0.0,0.0,0.009523809523809525
1 no schema linking (random),IB_0068_hing,hinglish,test,filtered_aggregate,True,False,0.0,0.0,0.0,0.009433962264150943
1 no schema linking (random),IB_0068_ta,tamil,test,filtered_aggregate,True,False,0.0,0.0,0.0,0.023809523809523808
1 no schema linking (random),IB_0071_en,english,hard_test,filtered_aggregate,True,False,0.0,0.0,0.0,0.0196078431372549
1 no schema linking (random),IB_0071_hi,hindi,hard_test,filtered_aggregate,False,False,0.0,0.0,0.0,0.009433962264150943
1 no schema linking (random),IB_0071_hing,hinglish,hard_test,filtered_aggregate,True,True,0.0,0.0,0.0,0.03225806451612903
1 no schema linking (random),IB_0071_ta,tamil,hard_test,filtered_aggregate,True,True,0.0,0.0,0.0,0.03571428571428571
1 no schema linking (random),IB_0077_en,english,hard_test,cross_year,True,True,0.0,0.0,0.0,0.012658227848101266
1 no schema linking (random),IB_0077_hi,hindi,hard_test,cross_year,True,False,0.0,0.0,0.0,0.012987012987012988
1 no schema linking (random),IB_0077_hing,hinglish,hard_test,cross_year,True,True,0.0,0.0,0.0,0.07142857142857142
1 no schema linking (random),IB_0077_ta,tamil,hard_test,cross_year,True,True,0.0,0.0,0.0,0.012048192771084338
1 no schema linking (random),IB_0078_en,english,test,cross_year,True,False,0.0,0.0,0.0,0.03333333333333333
1 no schema linking (random),IB_0078_hi,hindi,test,cross_year,True,False,0.0,0.0,0.0,0.058823529411764705
1 no schema linking (random),IB_0078_hing,hinglish,test,cross_year,True,False,0.0,0.0,0.0,0.010638297872340425
1 no schema linking (random),IB_0078_ta,tamil,test,cross_year,True,False,0.0,0.0,0.0,0.03225806451612903
1 no schema linking (random),IB_0079_en,english,hard_test,cross_year,True,True,0.0,0.0,0.0,0.010869565217391304
1 no schema linking (random),IB_0079_hi,hindi,hard_test,cross_year,True,True,0.0,0.0,0.0,0.027777777777777776
1 no schema linking (random),IB_0079_hing,hinglish,hard_test,cross_year,True,True,0.0,1.0,1.0,0.5
1 no schema linking (random),IB_0079_ta,tamil,hard_test,cross_year,False,True,0.0,0.0,0.0,0.09090909090909091
1 no schema linking (random),IB_0080_en,english,hard_test,cross_year,True,True,0.0,0.0,0.0,0.009708737864077669
1 no schema linking (random),IB_0080_hi,hindi,hard_test,cross_year,True,True,0.0,0.0,0.0,0.023809523809523808
1 no schema linking (random),IB_0080_hing,hinglish,hard_test,cross_year,True,True,0.0,0.0,0.0,0.013157894736842105
1 no schema linking (random),IB_0080_ta,tamil,hard_test,cross_year,True,True,0.0,0.0,0.0,0.012195121951219513
1 no schema linking (random),IB_0081_en,english,dev,filtered_aggregate,False,False,0.0,0.0,0.0,0.009433962264150943
1 no schema linking (random),IB_0081_hi,hindi,dev,filtered_aggregate,False,False,0.0,0.0,0.0,0.010869565217391304
1 no schema linking (random),IB_0081_hing,hinglish,dev,filtered_aggregate,False,False,0.0,0.0,0.0,0.01
1 no schema linking (random),IB_0081_ta,tamil,dev,filtered_aggregate,False,False,0.0,0.0,0.0,0.030303030303030304
1 no schema linking (random),IB_0082_en,english,dev,filtered_aggregate,False,False,0.0,0.0,0.0,0.023809523809523808
1 no schema linking (random),IB_0082_hi,hindi,dev,filtered_aggregate,False,False,0.0,0.0,0.0,0.0136986301369863
1 no schema linking (random),IB_0082_hing,hinglish,dev,filtered_aggregate,False,False,0.0,0.0,0.0,0.05555555555555555
1 no schema linking (random),IB_0082_ta,tamil,dev,filtered_aggregate,False,False,0.0,0.0,0.0,0.0196078431372549
1 no schema linking (random),IB_0083_en,english,dev,filtered_aggregate,False,False,0.0,0.0,0.0,0.01282051282051282
1 no schema linking (random),IB_0083_hi,hindi,dev,filtered_aggregate,False,False,0.0,0.0,0.0,0.012048192771084338
1 no schema linking (random),IB_0083_hing,hinglish,dev,filtered_aggregate,False,False,0.0,0.0,0.0,0.010638297872340425
1 no schema linking (random),IB_0083_ta,tamil,dev,filtered_aggregate,False,False,0.0,0.0,0.0,0.011904761904761904
1 no schema linking (random),IB_0085_en,english,dev,filtered_aggregate,False,False,0.0,0.0,0.0,0.08333333333333333
1 no schema linking (random),IB_0085_hi,hindi,dev,filtered_aggregate,False,False,0.0,0.0,0.0,0.015625
1 no schema linking (random),IB_0085_hing,hinglish,dev,filtered_aggregate,False,False,0.0,0.0,0.0,0.00980392156862745
1 no schema linking (random),IB_0085_ta,tamil,dev,filtered_aggregate,False,False,0.0,0.0,1.0,0.25
1 no schema linking (random),IB_0087_en,english,test,filtered_aggregate,True,False,0.0,0.0,0.0,0.017241379310344827
1 no schema linking (random),IB_0087_hi,hindi,test,filtered_aggregate,True,False,0.0,0.0,0.0,0.012345679012345678
1 no schema linking (random),IB_0087_hing,hinglish,test,filtered_aggregate,False,False,0.0,0.0,0.0,0.017857142857142856
1 no schema linking (random),IB_0087_ta,tamil,test,filtered_aggregate,True,False,0.0,0.0,0.0,0.058823529411764705
1 no schema linking (random),IB_0089_en,english,dev,cross_year,False,False,0.0,0.0,0.0,0.020833333333333332
1 no schema linking (random),IB_0089_hi,hindi,dev,cross_year,False,False,0.0,0.0,0.0,0.015384615384615385
1 no schema linking (random),IB_0089_hing,hinglish,dev,cross_year,False,False,0.0,0.0,0.0,0.017543859649122806
1 no schema linking (random),IB_0089_ta,tamil,dev,cross_year,False,False,0.0,0.0,0.0,0.013333333333333334
1 no schema linking (random),IB_0090_en,english,hard_test,cross_year,True,False,0.0,0.0,0.0,0.017241379310344827
1 no schema linking (random),IB_0090_hi,hindi,hard_test,cross_year,True,True,0.0,0.0,0.0,0.00980392156862745
1 no schema linking (random),IB_0090_hing,hinglish,hard_test,cross_year,True,True,0.0,0.0,0.0,0.016666666666666666
1 no schema linking (random),IB_0090_ta,tamil,hard_test,cross_year,False,True,0.0,0.0,0.0,0.01694915254237288
1 no schema linking (random),IB_0093_en,english,test,cross_year,True,False,0.0,0.0,0.0,0.027777777777777776
1 no schema linking (random),IB_0093_hi,hindi,test,cross_year,True,False,0.0,0.0,0.0,0.0625
1 no schema linking (random),IB_0093_hing,hinglish,test,cross_year,True,False,0.0,0.0,0.0,0.023255813953488372
1 no schema linking (random),IB_0093_ta,tamil,test,cross_year,True,False,0.0,0.0,0.0,0.020833333333333332
1 no schema linking (random),IB_0097_en,english,test,simple_lookup,True,False,0.0,0.0,0.0,0.04
1 no schema linking (random),IB_0097_hi,hindi,test,simple_lookup,True,False,0.0,0.0,0.0,0.043478260869565216
1 no schema linking (random),IB_0097_hing,hinglish,test,simple_lookup,False,False,0.0,0.0,0.0,0.009708737864077669
1 no schema linking (random),IB_0097_ta,tamil,test,simple_lookup,True,False,0.0,0.0,0.0,0.05
1 no schema linking (random),IB_0099_en,english,test,simple_lookup,True,False,0.0,0.0,0.0,0.05
1 no schema linking (random),IB_0099_hi,hindi,test,simple_lookup,False,False,0.0,0.0,0.0,0.017857142857142856
1 no schema linking (random),IB_0099_hing,hinglish,test,simple_lookup,True,False,0.0,0.0,0.0,0.012345679012345678
1 no schema linking (random),IB_0099_ta,tamil,test,simple_lookup,True,False,0.0,0.0,0.0,0.07692307692307693
1 no schema linking (random),IB_0100_en,english,dev,simple_lookup,False,False,0.0,0.0,0.0,0.025
1 no schema linking (random),IB_0100_hi,hindi,dev,simple_lookup,False,False,0.0,0.0,0.0,0.03571428571428571
1 no schema linking (random),IB_0100_hing,hinglish,dev,simple_lookup,False,False,0.0,0.0,0.0,0.018867924528301886
1 no schema linking (random),IB_0100_ta,tamil,dev,simple_lookup,False,False,0.0,0.0,0.0,0.015384615384615385
1 no schema linking (random),IB_0101_en,english,hard_test,simple_lookup,True,True,0.0,0.0,0.0,0.09090909090909091
1 no schema linking (random),IB_0101_hi,hindi,hard_test,simple_lookup,True,False,0.0,0.0,0.0,0.017857142857142856
1 no schema linking (random),IB_0101_hing,hinglish,hard_test,simple_lookup,True,True,0.0,0.0,0.0,0.1
1 no schema linking (random),IB_0101_ta,tamil,hard_test,simple_lookup,True,False,0.0,0.0,0.0,0.011363636363636364
1 no schema linking (random),IB_0102_en,english,hard_test,simple_lookup,False,True,0.0,0.0,0.0,0.016666666666666666
1 no schema linking (random),IB_0102_hi,hindi,hard_test,simple_lookup,False,False,0.0,0.0,0.0,0.045454545454545456
1 no schema linking (random),IB_0102_hing,hinglish,hard_test,simple_lookup,True,True,1.0,1.0,1.0,1.0
1 no schema linking (random),IB_0102_ta,tamil,hard_test,simple_lookup,True,True,0.0,0.0,0.0,0.009433962264150943
1 no schema linking (random),IB_0107_en,english,hard_test,simple_lookup,True,True,0.0,0.0,0.0,0.015151515151515152
1 no schema linking (random),IB_0107_hi,hindi,hard_test,simple_lookup,False,True,0.0,0.0,0.0,0.014705882352941176
1 no schema linking (random),IB_0107_hing,hinglish,hard_test,simple_lookup,True,True,0.0,0.0,0.0,0.01098901098901099
1 no schema linking (random),IB_0107_ta,tamil,hard_test,simple_lookup,False,True,0.0,0.0,0.0,0.01639344262295082
1 no schema linking (random),IB_0110_en,english,test,simple_lookup,True,False,0.0,0.0,0.0,0.14285714285714285
1 no schema linking (random),IB_0110_hi,hindi,test,simple_lookup,True,False,0.0,0.0,0.0,0.07692307692307693
1 no schema linking (random),IB_0110_hing,hinglish,test,simple_lookup,False,False,0.0,0.0,0.0,0.010526315789473684
1 no schema linking (random),IB_0110_ta,tamil,test,simple_lookup,True,False,0.0,0.0,0.0,0.016666666666666666
1 no schema linking (random),IB_0112_en,english,test,filtered_aggregate,True,False,0.0,0.0,0.0,0.02702702702702703
1 no schema linking (random),IB_0112_hi,hindi,test,filtered_aggregate,False,False,0.0,0.0,0.0,0.012658227848101266
1 no schema linking (random),IB_0112_hing,hinglish,test,filtered_aggregate,False,False,0.0,0.0,0.0,0.03225806451612903
1 no schema linking (random),IB_0112_ta,tamil,test,filtered_aggregate,True,False,0.0,0.0,0.0,0.009708737864077669
1 no schema linking (random),IB_0114_en,english,test,filtered_aggregate,True,False,0.0,0.0,0.0,0.013513513513513514
1 no schema linking (random),IB_0114_hi,hindi,test,filtered_aggregate,True,False,0.0,0.0,0.0,0.03125
1 no schema linking (random),IB_0114_hing,hinglish,test,filtered_aggregate,False,False,0.0,0.0,0.0,0.012345679012345678
1 no schema linking (random),IB_0114_ta,tamil,test,filtered_aggregate,True,False,0.0,0.0,0.0,0.01282051282051282
1 no schema linking (random),IB_0115_en,english,test,filtered_aggregate,True,False,0.0,0.0,0.0,0.09090909090909091
1 no schema linking (random),IB_0115_hi,hindi,test,filtered_aggregate,True,False,0.0,0.0,0.0,0.07142857142857142
1 no schema linking (random),IB_0115_hing,hinglish,test,filtered_aggregate,True,False,0.0,0.0,0.0,0.013888888888888888
1 no schema linking (random),IB_0115_ta,tamil,test,filtered_aggregate,False,False,0.0,0.0,0.0,0.02
1 no schema linking (random),IB_0116_en,english,hard_test,filtered_aggregate,False,True,0.0,0.0,0.0,0.018867924528301886
1 no schema linking (random),IB_0116_hi,hindi,hard_test,filtered_aggregate,True,False,0.0,0.0,0.0,0.010101010101010102
1 no schema linking (random),IB_0116_hing,hinglish,hard_test,filtered_aggregate,True,True,0.0,0.0,0.0,0.014925373134328358
1 no schema linking (random),IB_0116_ta,tamil,hard_test,filtered_aggregate,True,True,0.0,0.0,0.0,0.03571428571428571
1 no schema linking (random),IB_0117_en,english,test,filtered_aggregate,False,False,0.0,0.0,0.0,0.02127659574468085
1 no schema linking (random),IB_0117_hi,hindi,test,filtered_aggregate,True,False,0.0,0.0,0.0,0.010752688172043012
1 no schema linking (random),IB_0117_hing,hinglish,test,filtered_aggregate,False,False,0.0,0.0,1.0,0.2
1 no schema linking (random),IB_0117_ta,tamil,test,filtered_aggregate,False,False,0.0,0.0,0.0,0.013157894736842105
1 no schema linking (random),IB_0119_en,english,test,filtered_aggregate,True,False,0.0,0.0,0.0,0.015625
1 no schema linking (random),IB_0119_hi,hindi,test,filtered_aggregate,True,False,0.0,0.0,1.0,0.25
1 no schema linking (random),IB_0119_hing,hinglish,test,filtered_aggregate,False,False,0.0,0.0,0.0,0.05263157894736842
1 no schema linking (random),IB_0119_ta,tamil,test,filtered_aggregate,False,False,0.0,0.0,0.0,0.010869565217391304
1 no schema linking (random),IB_0120_en,english,test,multi_hop,True,False,0.0,0.0,0.0,0.011648145668764227
1 no schema linking (random),IB_0120_hi,hindi,test,multi_hop,True,False,0.0,0.0,0.0,0.027661064425770307
1 no schema linking (random),IB_0120_hing,hinglish,test,multi_hop,True,False,0.0,0.0,0.0,0.015339578454332554
1 no schema linking (random),IB_0120_ta,tamil,test,multi_hop,True,False,0.0,0.0,0.0,0.025550314465408803
1 no schema linking (random),IB_0121_en,english,hard_test,multi_hop,True,True,0.0,0.0,0.0,0.018312533912099836
1 no schema linking (random),IB_0121_hi,hindi,hard_test,multi_hop,True,True,0.0,0.0,0.0,0.02393162393162393
1 no schema linking (random),IB_0121_hing,hinglish,hard_test,multi_hop,False,True,0.0,0.0,0.0,0.01605392156862745
1 no schema linking (random),IB_0121_ta,tamil,hard_test,multi_hop,True,True,0.0,0.0,0.0,0.039705882352941174
1 no schema linking (random),IB_0122_en,english,hard_test,multi_hop,False,True,0.0,0.0,0.5,0.11470588235294119
1 no schema linking (random),IB_0122_hi,hindi,hard_test,multi_hop,False,True,0.0,0.0,0.0,0.021315192743764172
1 no schema linking (random),IB_0122_hing,hinglish,hard_test,multi_hop,False,True,0.0,0.0,0.0,0.026129032258064518
1 no schema linking (random),IB_0122_ta,tamil,hard_test,multi_hop,True,True,0.0,0.0,0.0,0.021505376344086023
1 no schema linking (random),IB_0123_en,english,dev,multi_hop,False,False,0.0,0.0,0.0,0.014913831197525408
1 no schema linking (random),IB_0123_hi,hindi,dev,multi_hop,False,False,0.0,0.0,0.0,0.027116402116402115
1 no schema linking (random),IB_0123_hing,hinglish,dev,multi_hop,False,False,0.0,0.0,0.0,0.01037988228999465
1 no schema linking (random),IB_0123_ta,tamil,dev,multi_hop,False,False,0.0,0.0,0.0,0.011899820118998202
1 no schema linking (random),IB_0125_en,english,dev,multi_hop,False,False,0.0,0.0,0.0,0.021033868092691622
1 no schema linking (random),IB_0125_hi,hindi,dev,multi_hop,False,False,0.0,0.0,0.0,0.011744505494505494
1 no schema linking (random),IB_0125_hing,hinglish,dev,multi_hop,False,False,0.0,0.0,0.0,0.012565525747764416
1 no schema linking (random),IB_0125_ta,tamil,dev,multi_hop,False,False,0.0,0.0,0.0,0.0155168297923132
1 no schema linking (random),IB_0126_en,english,hard_test,multi_hop,False,True,0.0,0.0,0.0,0.015925925925925927
1 no schema linking (random),IB_0126_hi,hindi,hard_test,multi_hop,True,True,0.0,0.0,0.0,0.03074712643678161
1 no schema linking (random),IB_0126_hing,hinglish,hard_test,multi_hop,True,False,0.0,0.0,0.0,0.0393574297188755
1 no schema linking (random),IB_0126_ta,tamil,hard_test,multi_hop,False,True,0.0,0.0,0.0,0.020833333333333332
1 no schema linking (random),IB_0127_en,english,dev,multi_hop,False,False,0.0,0.0,0.5,0.10943396226415095
1 no schema linking (random),IB_0127_hi,hindi,dev,multi_hop,False,False,0.0,0.5,0.5,0.2578125
1 no schema linking (random),IB_0127_hing,hinglish,dev,multi_hop,False,False,0.0,0.0,0.0,0.014238667183262301
1 no schema linking (random),IB_0127_ta,tamil,dev,multi_hop,False,False,0.0,0.0,0.0,0.01509009009009009
1 no schema linking (random),IB_0128_en,english,dev,filtered_aggregate,False,False,0.0,0.0,0.0,0.031818181818181815
1 no schema linking (random),IB_0128_hi,hindi,dev,filtered_aggregate,False,False,0.0,0.0,0.0,0.03253119429590018
1 no schema linking (random),IB_0128_hing,hinglish,dev,filtered_aggregate,False,False,0.0,0.0,0.0,0.0830564784053156
1 no schema linking (random),IB_0128_ta,tamil,dev,filtered_aggregate,False,False,0.0,0.0,0.0,0.013829022988505746
1 no schema linking (random),IB_0129_en,english,test,filtered_aggregate,True,False,0.0,0.0,0.0,0.05113636363636364
1 no schema linking (random),IB_0129_hi,hindi,test,filtered_aggregate,True,False,0.0,0.0,0.0,0.019149626744563452
1 no schema linking (random),IB_0129_hing,hinglish,test,filtered_aggregate,False,False,0.0,0.0,0.5,0.11612903225806452
1 no schema linking (random),IB_0129_ta,tamil,test,filtered_aggregate,True,False,0.0,0.5,0.5,0.255050505050505
1 no schema linking (random),IB_0130_en,english,dev,filtered_aggregate,False,False,0.0,0.0,0.0,0.07313829787234043
1 no schema linking (random),IB_0130_hi,hindi,dev,filtered_aggregate,False,False,0.0,0.0,0.0,0.015617433414043584
1 no schema linking (random),IB_0130_hing,hinglish,dev,filtered_aggregate,False,False,0.0,0.0,0.5,0.10561797752808989
1 no schema linking (random),IB_0130_ta,tamil,dev,filtered_aggregate,False,False,0.0,0.0,0.0,0.020370370370370372
1 no schema linking (random),IB_0131_en,english,dev,filtered_aggregate,False,False,0.0,0.0,0.0,0.06105006105006105
1 no schema linking (random),IB_0131_hi,hindi,dev,filtered_aggregate,False,False,0.0,0.0,0.0,0.011328725038402458
1 no schema linking (random),IB_0131_hing,hinglish,dev,filtered_aggregate,False,False,0.0,0.5,0.5,0.2611111111111111
1 no schema linking (random),IB_0131_ta,tamil,dev,filtered_aggregate,False,False,0.0,0.0,0.0,0.03141025641025641
1 no schema linking (random),IB_0132_en,english,dev,filtered_aggregate,False,False,0.0,0.0,0.0,0.019852941176470587
1 no schema linking (random),IB_0132_hi,hindi,dev,filtered_aggregate,False,False,0.0,0.0,0.0,0.016314131413141315
1 no schema linking (random),IB_0132_hing,hinglish,dev,filtered_aggregate,False,False,0.0,0.0,0.0,0.023214285714285715
1 no schema linking (random),IB_0132_ta,tamil,dev,filtered_aggregate,False,False,0.0,0.0,0.0,0.02687074829931973
1 no schema linking (random),IB_0133_en,english,dev,filtered_aggregate,False,False,0.0,0.0,0.0,0.01088982063824831
1 no schema linking (random),IB_0133_hi,hindi,dev,filtered_aggregate,False,False,0.0,0.0,0.0,0.036904761904761905
1 no schema linking (random),IB_0133_hing,hinglish,dev,filtered_aggregate,False,False,0.0,0.0,0.0,0.014826839826839827
1 no schema linking (random),IB_0133_ta,tamil,dev,filtered_aggregate,False,False,0.0,0.0,0.0,0.018147502903600465
1 no schema linking (random),IB_0134_en,english,test,filtered_aggregate,True,False,0.0,0.0,0.0,0.02758164165931156
1 no schema linking (random),IB_0134_hi,hindi,test,filtered_aggregate,True,False,0.0,0.0,0.0,0.06916666666666667
1 no schema linking (random),IB_0134_hing,hinglish,test,filtered_aggregate,False,False,0.0,0.0,0.0,0.058333333333333334
1 no schema linking (random),IB_0134_ta,tamil,test,filtered_aggregate,False,False,0.0,0.0,0.0,0.011717171717171718
1 no schema linking (random),IB_0135_en,english,dev,filtered_aggregate,False,False,0.0,0.0,0.0,0.02928692699490662
1 no schema linking (random),IB_0135_hi,hindi,dev,filtered_aggregate,False,False,0.0,0.0,0.0,0.011771222822323778
1 no schema linking (random),IB_0135_hing,hinglish,dev,filtered_aggregate,False,False,0.0,0.0,0.0,0.05
1 no schema linking (random),IB_0135_ta,tamil,dev,filtered_aggregate,False,False,0.0,0.0,0.0,0.020556478405315614
1 no schema linking (random),IB_0136_en,english,test,filtered_aggregate,False,False,0.0,0.0,0.0,0.016666666666666666
1 no schema linking (random),IB_0136_hi,hindi,test,filtered_aggregate,False,False,0.0,0.0,0.0,0.017857142857142856
1 no schema linking (random),IB_0136_hing,hinglish,test,filtered_aggregate,False,False,0.0,0.0,0.0,0.015384615384615385
1 no schema linking (random),IB_0136_ta,tamil,test,filtered_aggregate,True,False,0.0,0.0,0.0,0.013513513513513514
1 no schema linking (random),IB_0137_en,english,test,filtered_aggregate,True,False,0.0,0.0,0.0,0.01020408163265306
1 no schema linking (random),IB_0137_hi,hindi,test,filtered_aggregate,True,False,0.0,0.0,0.0,0.017543859649122806
1 no schema linking (random),IB_0137_hing,hinglish,test,filtered_aggregate,True,False,0.0,0.0,0.0,0.07142857142857142
1 no schema linking (random),IB_0137_ta,tamil,test,filtered_aggregate,False,False,0.0,0.0,0.0,0.009708737864077669
1 no schema linking (random),IB_0138_en,english,dev,filtered_aggregate,False,False,0.0,0.0,0.0,0.03225806451612903
1 no schema linking (random),IB_0138_hi,hindi,dev,filtered_aggregate,False,False,0.0,0.0,0.0,0.029411764705882353
1 no schema linking (random),IB_0138_hing,hinglish,dev,filtered_aggregate,False,False,0.0,0.0,1.0,0.2
1 no schema linking (random),IB_0138_ta,tamil,dev,filtered_aggregate,False,False,0.0,0.0,0.0,0.07142857142857142
1 no schema linking (random),IB_0139_en,english,test,filtered_aggregate,True,False,0.0,0.0,0.0,0.011627906976744186
1 no schema linking (random),IB_0139_hi,hindi,test,filtered_aggregate,True,False,1.0,1.0,1.0,1.0
1 no schema linking (random),IB_0139_hing,hinglish,test,filtered_aggregate,False,False,0.0,0.0,0.0,0.01282051282051282
1 no schema linking (random),IB_0139_ta,tamil,test,filtered_aggregate,True,False,0.0,0.0,0.0,0.014084507042253521
1 no schema linking (random),IB_0142_en,english,hard_test,filtered_aggregate,False,False,0.0,0.0,0.0,0.041666666666666664
1 no schema linking (random),IB_0142_hi,hindi,hard_test,filtered_aggregate,False,True,0.0,0.0,0.0,0.02702702702702703
1 no schema linking (random),IB_0142_hing,hinglish,hard_test,filtered_aggregate,True,False,0.0,0.0,0.0,0.018518518518518517
1 no schema linking (random),IB_0142_ta,tamil,hard_test,filtered_aggregate,False,True,0.0,0.0,0.0,0.01098901098901099
1 no schema linking (random),IB_0143_en,english,test,filtered_aggregate,True,False,0.0,1.0,1.0,0.5
1 no schema linking (random),IB_0143_hi,hindi,test,filtered_aggregate,True,False,0.0,0.0,0.0,0.010752688172043012
1 no schema linking (random),IB_0143_hing,hinglish,test,filtered_aggregate,True,False,0.0,0.0,0.0,0.009615384615384616
1 no schema linking (random),IB_0143_ta,tamil,test,filtered_aggregate,True,False,0.0,0.0,0.0,0.020833333333333332
1 no schema linking (random),IB_0145_en,english,test,filtered_aggregate,False,False,0.0,0.0,0.0,0.1111111111111111
1 no schema linking (random),IB_0145_hi,hindi,test,filtered_aggregate,True,False,0.0,0.0,0.0,0.017543859649122806
1 no schema linking (random),IB_0145_hing,hinglish,test,filtered_aggregate,False,False,0.0,0.0,0.0,0.00980392156862745
1 no schema linking (random),IB_0145_ta,tamil,test,filtered_aggregate,False,False,0.0,0.0,0.0,0.03333333333333333
1 no schema linking (random),IB_0146_en,english,hard_test,cross_year,True,False,0.0,0.0,0.0,0.009523809523809525
1 no schema linking (random),IB_0146_hi,hindi,hard_test,cross_year,True,False,0.0,0.0,0.0,0.04
1 no schema linking (random),IB_0146_hing,hinglish,hard_test,cross_year,True,True,0.0,0.0,0.0,0.013157894736842105
1 no schema linking (random),IB_0146_ta,tamil,hard_test,cross_year,True,False,0.0,0.0,0.0,0.010638297872340425
1 no schema linking (random),IB_0147_en,english,dev,cross_year,False,False,0.0,0.0,0.0,0.058823529411764705
1 no schema linking (random),IB_0147_hi,hindi,dev,cross_year,False,False,0.0,0.0,0.0,0.010309278350515464
1 no schema linking (random),IB_0147_hing,hinglish,dev,cross_year,False,False,0.0,0.0,0.0,0.011904761904761904
1 no schema linking (random),IB_0147_ta,tamil,dev,cross_year,False,False,0.0,0.0,0.0,0.010638297872340425
1 no schema linking (random),IB_0148_en,english,hard_test,cross_year,True,False,0.0,0.0,0.0,0.01282051282051282
1 no schema linking (random),IB_0148_hi,hindi,hard_test,cross_year,True,False,0.0,0.0,0.0,0.043478260869565216
1 no schema linking (random),IB_0148_hing,hinglish,hard_test,cross_year,True,False,0.0,0.0,0.0,0.01282051282051282
1 no schema linking (random),IB_0148_ta,tamil,hard_test,cross_year,True,True,0.0,0.0,0.0,0.00980392156862745
1 no schema linking (random),IB_0150_en,english,test,filtered_aggregate,True,False,0.0,1.0,1.0,0.3333333333333333
1 no schema linking (random),IB_0150_hi,hindi,test,filtered_aggregate,True,False,0.0,0.0,0.0,0.022222222222222223
1 no schema linking (random),IB_0150_hing,hinglish,test,filtered_aggregate,False,False,0.0,0.0,0.0,0.010101010101010102
1 no schema linking (random),IB_0150_ta,tamil,test,filtered_aggregate,True,False,1.0,1.0,1.0,1.0
1 no schema linking (random),IB_0151_en,english,test,filtered_aggregate,True,False,0.0,0.0,0.0,0.010752688172043012
1 no schema linking (random),IB_0151_hi,hindi,test,filtered_aggregate,True,False,0.0,0.0,0.0,0.010869565217391304
1 no schema linking (random),IB_0151_hing,hinglish,test,filtered_aggregate,False,False,0.0,0.0,0.0,0.011494252873563218
1 no schema linking (random),IB_0151_ta,tamil,test,filtered_aggregate,True,False,0.0,0.0,0.0,0.012195121951219513
1 no schema linking (random),IB_0152_en,english,dev,filtered_aggregate,False,False,0.0,0.0,0.0,0.012048192771084338
1 no schema linking (random),IB_0152_hi,hindi,dev,filtered_aggregate,False,False,0.0,0.0,0.0,0.011494252873563218
1 no schema linking (random),IB_0152_hing,hinglish,dev,filtered_aggregate,False,False,0.0,0.0,0.0,0.05555555555555555
1 no schema linking (random),IB_0152_ta,tamil,dev,filtered_aggregate,False,False,0.0,0.0,1.0,0.2
1 no schema linking (random),IB_0153_en,english,dev,filtered_aggregate,False,False,0.0,0.0,0.0,0.07692307692307693
1 no schema linking (random),IB_0153_hi,hindi,dev,filtered_aggregate,False,False,0.0,0.0,0.0,0.02040816326530612
1 no schema linking (random),IB_0153_hing,hinglish,dev,filtered_aggregate,False,False,0.0,0.0,0.0,0.03333333333333333
1 no schema linking (random),IB_0153_ta,tamil,dev,filtered_aggregate,False,False,0.0,0.0,0.0,0.013333333333333334
1 no schema linking (random),IB_0156_en,english,hard_test,filtered_aggregate,False,True,0.0,0.0,0.0,0.012987012987012988
1 no schema linking (random),IB_0156_hi,hindi,hard_test,filtered_aggregate,False,True,0.0,0.0,0.0,0.015625
1 no schema linking (random),IB_0156_hing,hinglish,hard_test,filtered_aggregate,True,True,0.0,0.0,0.0,0.011363636363636364
1 no schema linking (random),IB_0156_ta,tamil,hard_test,filtered_aggregate,False,False,0.0,0.0,0.0,0.02127659574468085
1 no schema linking (random),IB_0158_en,english,dev,filtered_aggregate,False,False,0.0,0.0,0.0,0.01
1 no schema linking (random),IB_0158_hi,hindi,dev,filtered_aggregate,False,False,0.0,0.0,0.0,0.017241379310344827
1 no schema linking (random),IB_0158_hing,hinglish,dev,filtered_aggregate,False,False,0.0,0.0,0.0,0.01639344262295082
1 no schema linking (random),IB_0158_ta,tamil,dev,filtered_aggregate,False,False,0.0,0.0,0.0,0.012658227848101266
1 no schema linking (random),IB_0160_en,english,test,filtered_aggregate,True,False,0.0,0.0,0.0,0.07142857142857142
1 no schema linking (random),IB_0160_hi,hindi,test,filtered_aggregate,False,False,0.0,0.0,0.0,0.01
1 no schema linking (random),IB_0160_hing,hinglish,test,filtered_aggregate,True,False,0.0,0.0,0.0,0.023255813953488372
1 no schema linking (random),IB_0160_ta,tamil,test,filtered_aggregate,False,False,0.0,0.0,0.0,0.011764705882352941
1 no schema linking (random),IB_0161_en,english,test,filtered_aggregate,True,False,0.0,1.0,1.0,0.3333333333333333
1 no schema linking (random),IB_0161_hi,hindi,test,filtered_aggregate,False,False,0.0,0.0,0.0,0.024390243902439025
1 no schema linking (random),IB_0161_hing,hinglish,test,filtered_aggregate,False,False,0.0,0.0,0.0,0.017543859649122806
1 no schema linking (random),IB_0161_ta,tamil,test,filtered_aggregate,False,False,0.0,0.0,0.0,0.025
1 no schema linking (random),IB_0162_en,english,test,filtered_aggregate,False,False,0.0,0.0,0.0,0.03225806451612903
1 no schema linking (random),IB_0162_hi,hindi,test,filtered_aggregate,True,False,0.0,0.0,0.0,0.013888888888888888
1 no schema linking (random),IB_0162_hing,hinglish,test,filtered_aggregate,False,False,0.0,0.0,0.0,0.08333333333333333
1 no schema linking (random),IB_0162_ta,tamil,test,filtered_aggregate,False,False,0.0,0.0,0.0,0.07142857142857142
1 no schema linking (random),IB_0165_en,english,hard_test,filtered_aggregate,True,True,0.0,0.0,0.0,0.01
1 no schema linking (random),IB_0165_hi,hindi,hard_test,filtered_aggregate,True,True,0.0,0.0,0.0,0.029411764705882353
1 no schema linking (random),IB_0165_hing,hinglish,hard_test,filtered_aggregate,False,True,0.0,0.0,0.0,0.011235955056179775
1 no schema linking (random),IB_0165_ta,tamil,hard_test,filtered_aggregate,True,True,0.0,0.0,0.0,0.022727272727272728
1 no schema linking (random),IB_0167_en,english,test,filtered_aggregate,True,False,0.0,0.0,0.0,0.016129032258064516
1 no schema linking (random),IB_0167_hi,hindi,test,filtered_aggregate,False,False,0.0,0.0,0.0,0.043478260869565216
1 no schema linking (random),IB_0167_hing,hinglish,test,filtered_aggregate,True,False,1.0,1.0,1.0,1.0
1 no schema linking (random),IB_0167_ta,tamil,test,filtered_aggregate,True,False,0.0,0.0,0.0,0.018867924528301886
1 no schema linking (random),IB_0169_en,english,test,filtered_aggregate,False,False,0.0,0.0,0.0,0.01
1 no schema linking (random),IB_0169_hi,hindi,test,filtered_aggregate,True,False,0.0,0.0,0.0,0.010101010101010102
1 no schema linking (random),IB_0169_hing,hinglish,test,filtered_aggregate,False,False,0.0,0.0,0.0,0.01282051282051282
1 no schema linking (random),IB_0169_ta,tamil,test,filtered_aggregate,True,False,0.0,0.0,0.0,0.009615384615384616
1 no schema linking (random),IB_0170_en,english,hard_test,filtered_aggregate,True,True,0.0,0.0,0.0,0.038461538461538464
1 no schema linking (random),IB_0170_hi,hindi,hard_test,filtered_aggregate,True,False,0.0,0.0,0.0,0.013333333333333334
1 no schema linking (random),IB_0170_hing,hinglish,hard_test,filtered_aggregate,True,True,0.0,0.0,0.0,0.012658227848101266
1 no schema linking (random),IB_0170_ta,tamil,hard_test,filtered_aggregate,False,False,0.0,0.0,0.0,0.037037037037037035
1 no schema linking (random),IB_0177_en,english,dev,multi_hop,False,False,0.0,0.5,0.5,0.25510204081632654
1 no schema linking (random),IB_0177_hi,hindi,dev,multi_hop,False,False,0.0,0.0,0.0,0.09642857142857142
1 no schema linking (random),IB_0177_hing,hinglish,dev,multi_hop,False,False,0.0,0.0,0.0,0.05518018018018018
1 no schema linking (random),IB_0177_ta,tamil,dev,multi_hop,False,False,0.0,0.0,0.0,0.09415584415584416
1 no schema linking (random),IB_0180_en,english,hard_test,simple_lookup,False,True,0.0,0.0,0.0,0.011627906976744186
1 no schema linking (random),IB_0180_hi,hindi,hard_test,simple_lookup,True,False,0.0,0.0,0.0,0.011111111111111112
1 no schema linking (random),IB_0180_hing,hinglish,hard_test,simple_lookup,True,True,0.0,0.0,0.0,0.017241379310344827
1 no schema linking (random),IB_0180_ta,tamil,hard_test,simple_lookup,False,False,0.0,0.0,0.0,0.01282051282051282
1 no schema linking (random),IB_0181_en,english,hard_test,simple_lookup,True,True,0.0,0.0,0.0,0.0625
1 no schema linking (random),IB_0181_hi,hindi,hard_test,simple_lookup,True,True,0.0,0.0,0.0,0.00980392156862745
1 no schema linking (random),IB_0181_hing,hinglish,hard_test,simple_lookup,True,True,0.0,0.0,0.0,0.011235955056179775
1 no schema linking (random),IB_0181_ta,tamil,hard_test,simple_lookup,False,True,0.0,0.0,0.0,0.09090909090909091
1 no schema linking (random),IB_0182_en,english,test,simple_lookup,True,False,0.0,0.0,0.0,0.02702702702702703
1 no schema linking (random),IB_0182_hi,hindi,test,simple_lookup,True,False,0.0,0.0,0.0,0.029411764705882353
1 no schema linking (random),IB_0182_hing,hinglish,test,simple_lookup,True,False,0.0,0.0,0.0,0.015873015873015872
1 no schema linking (random),IB_0182_ta,tamil,test,simple_lookup,False,False,0.0,0.0,0.0,0.014492753623188406
1 no schema linking (random),IB_0191_en,english,dev,simple_lookup,False,False,0.0,0.0,0.0,0.019230769230769232
1 no schema linking (random),IB_0191_hi,hindi,dev,simple_lookup,False,False,0.0,0.0,0.0,0.015151515151515152
1 no schema linking (random),IB_0191_hing,hinglish,dev,simple_lookup,False,False,0.0,0.0,0.0,0.03333333333333333
1 no schema linking (random),IB_0191_ta,tamil,dev,simple_lookup,False,False,0.0,0.0,0.0,0.011111111111111112
1 no schema linking (random),IB_0192_en,english,dev,simple_lookup,False,False,0.0,0.0,1.0,0.2
1 no schema linking (random),IB_0192_hi,hindi,dev,simple_lookup,False,False,0.0,0.0,0.0,0.01639344262295082
1 no schema linking (random),IB_0192_hing,hinglish,dev,simple_lookup,False,False,0.0,0.0,0.0,0.024390243902439025
1 no schema linking (random),IB_0192_ta,tamil,dev,simple_lookup,False,False,0.0,0.0,0.0,0.015151515151515152
1 no schema linking (random),IB_0193_en,english,dev,cross_year,False,False,0.0,0.0,0.0,0.14285714285714285
1 no schema linking (random),IB_0193_hi,hindi,dev,cross_year,False,False,0.0,0.0,0.0,0.07142857142857142
1 no schema linking (random),IB_0193_hing,hinglish,dev,cross_year,False,False,0.0,0.0,1.0,0.2
1 no schema linking (random),IB_0193_ta,tamil,dev,cross_year,False,False,0.0,0.0,0.0,0.0196078431372549
1 no schema linking (random),IB_0194_en,english,hard_test,cross_year,True,False,0.0,0.0,1.0,0.2
1 no schema linking (random),IB_0194_hi,hindi,hard_test,cross_year,True,False,0.0,0.0,0.0,0.0625
1 no schema linking (random),IB_0194_hing,hinglish,hard_test,cross_year,True,True,0.0,0.0,0.0,0.009708737864077669
1 no schema linking (random),IB_0194_ta,tamil,hard_test,cross_year,True,True,0.0,0.0,0.0,0.013888888888888888
1 no schema linking (random),IB_0195_en,english,test,cross_year,False,False,0.0,0.0,0.0,0.014285714285714285
1 no schema linking (random),IB_0195_hi,hindi,test,cross_year,False,False,0.0,0.0,0.0,0.023809523809523808
1 no schema linking (random),IB_0195_hing,hinglish,test,cross_year,True,False,0.0,0.0,0.0,0.023809523809523808
1 no schema linking (random),IB_0195_ta,tamil,test,cross_year,True,False,0.0,0.0,0.0,0.011904761904761904
1 no schema linking (random),IB_0199_en,english,test,cross_year,False,False,0.0,0.0,0.0,0.022727272727272728
1 no schema linking (random),IB_0199_hi,hindi,test,cross_year,True,False,0.0,0.0,0.0,0.125
1 no schema linking (random),IB_0199_hing,hinglish,test,cross_year,False,False,0.0,0.0,0.0,0.043478260869565216
1 no schema linking (random),IB_0199_ta,tamil,test,cross_year,True,False,0.0,0.0,0.0,0.010526315789473684
1 no schema linking (random),IB_0200_en,english,test,cross_year,True,False,0.0,0.0,0.0,0.014492753623188406
1 no schema linking (random),IB_0200_hi,hindi,test,cross_year,True,False,0.0,0.0,0.0,0.025
1 no schema linking (random),IB_0200_hing,hinglish,test,cross_year,True,False,0.0,0.0,0.0,0.011235955056179775
1 no schema linking (random),IB_0200_ta,tamil,test,cross_year,True,False,0.0,0.0,0.0,0.011235955056179775
1 no schema linking (random),IB_0201_en,english,dev,simple_lookup,False,False,0.0,0.0,0.0,0.16666666666666666
1 no schema linking (random),IB_0201_hi,hindi,dev,simple_lookup,False,False,0.0,0.0,0.0,0.1
1 no schema linking (random),IB_0201_hing,hinglish,dev,simple_lookup,False,False,0.0,0.0,0.0,0.06666666666666667
1 no schema linking (random),IB_0201_ta,tamil,dev,simple_lookup,False,False,0.0,0.0,0.0,0.013513513513513514
1 no schema linking (random),IB_0204_en,english,test,simple_lookup,True,False,0.0,0.0,0.0,0.010752688172043012
1 no schema linking (random),IB_0204_hi,hindi,test,simple_lookup,False,False,0.0,0.0,0.0,0.019230769230769232
1 no schema linking (random),IB_0204_hing,hinglish,test,simple_lookup,True,False,0.0,0.0,0.0,0.03333333333333333
1 no schema linking (random),IB_0204_ta,tamil,test,simple_lookup,False,False,0.0,0.0,0.0,0.011764705882352941
1 no schema linking (random),IB_0207_en,english,hard_test,simple_lookup,False,False,0.0,0.0,0.0,0.012345679012345678
1 no schema linking (random),IB_0207_hi,hindi,hard_test,simple_lookup,True,True,0.0,0.0,0.0,0.02040816326530612
1 no schema linking (random),IB_0207_hing,hinglish,hard_test,simple_lookup,False,True,0.0,0.0,0.0,0.01020408163265306
1 no schema linking (random),IB_0207_ta,tamil,hard_test,simple_lookup,True,True,0.0,0.0,0.0,0.05
1 no schema linking (random),IB_0208_en,english,test,simple_lookup,True,False,0.0,0.0,0.0,0.011235955056179775
1 no schema linking (random),IB_0208_hi,hindi,test,simple_lookup,True,False,0.0,0.0,0.0,0.125
1 no schema linking (random),IB_0208_hing,hinglish,test,simple_lookup,False,False,0.0,0.0,0.0,0.013888888888888888
1 no schema linking (random),IB_0208_ta,tamil,test,simple_lookup,True,False,0.0,0.0,0.0,0.012987012987012988
1 no schema linking (random),IB_0209_en,english,test,simple_lookup,False,False,0.0,0.0,0.0,0.014285714285714285
1 no schema linking (random),IB_0209_hi,hindi,test,simple_lookup,True,False,0.0,0.0,0.0,0.1
1 no schema linking (random),IB_0209_hing,hinglish,test,simple_lookup,False,False,0.0,0.0,0.0,0.010638297872340425
1 no schema linking (random),IB_0209_ta,tamil,test,simple_lookup,True,False,0.0,0.0,1.0,0.25
1 no schema linking (random),IB_0211_en,english,test,simple_lookup,True,False,0.0,0.0,0.0,0.013157894736842105
1 no schema linking (random),IB_0211_hi,hindi,test,simple_lookup,True,False,0.0,0.0,0.0,0.14285714285714285
1 no schema linking (random),IB_0211_hing,hinglish,test,simple_lookup,True,False,0.0,0.0,0.0,0.011904761904761904
1 no schema linking (random),IB_0211_ta,tamil,test,simple_lookup,True,False,0.0,0.0,0.0,0.01818181818181818
1 no schema linking (random),IB_0212_en,english,test,simple_lookup,False,False,0.0,0.0,0.0,0.00980392156862745
1 no schema linking (random),IB_0212_hi,hindi,test,simple_lookup,True,False,0.0,0.0,0.0,0.01818181818181818
1 no schema linking (random),IB_0212_hing,hinglish,test,simple_lookup,True,False,0.0,0.0,0.0,0.1
1 no schema linking (random),IB_0212_ta,tamil,test,simple_lookup,True,False,0.0,0.0,0.0,0.058823529411764705
1 no schema linking (random),IB_0216_en,english,dev,filtered_aggregate,False,False,0.0,0.0,0.0,0.02631578947368421
1 no schema linking (random),IB_0216_hi,hindi,dev,filtered_aggregate,False,False,0.0,0.0,0.0,0.017857142857142856
1 no schema linking (random),IB_0216_hing,hinglish,dev,filtered_aggregate,False,False,0.0,0.0,0.0,0.01020408163265306
1 no schema linking (random),IB_0216_ta,tamil,dev,filtered_aggregate,False,False,0.0,0.0,0.0,0.009615384615384616
1 no schema linking (random),IB_0217_en,english,dev,filtered_aggregate,False,False,0.0,0.0,0.0,0.014492753623188406
1 no schema linking (random),IB_0217_hi,hindi,dev,filtered_aggregate,False,False,0.0,0.0,0.0,0.014925373134328358
1 no schema linking (random),IB_0217_hing,hinglish,dev,filtered_aggregate,False,False,0.0,0.0,0.0,0.04
1 no schema linking (random),IB_0217_ta,tamil,dev,filtered_aggregate,False,False,0.0,0.0,0.0,0.016129032258064516
1 no schema linking (random),IB_0218_en,english,dev,filtered_aggregate,False,False,0.0,0.0,0.0,0.07692307692307693
1 no schema linking (random),IB_0218_hi,hindi,dev,filtered_aggregate,False,False,0.0,0.0,0.0,0.02702702702702703
1 no schema linking (random),IB_0218_hing,hinglish,dev,filtered_aggregate,False,False,0.0,0.0,0.0,0.018867924528301886
1 no schema linking (random),IB_0218_ta,tamil,dev,filtered_aggregate,False,False,0.0,0.0,0.0,0.009615384615384616
1 no schema linking (random),IB_0219_en,english,test,filtered_aggregate,False,False,0.0,0.0,0.0,0.023255813953488372
1 no schema linking (random),IB_0219_hi,hindi,test,filtered_aggregate,True,False,0.0,0.0,0.0,0.0125
1 no schema linking (random),IB_0219_hing,hinglish,test,filtered_aggregate,False,False,0.0,0.0,0.0,0.02127659574468085
1 no schema linking (random),IB_0219_ta,tamil,test,filtered_aggregate,True,False,0.0,0.0,0.0,0.011627906976744186
1 no schema linking (random),IB_0220_en,english,test,filtered_aggregate,True,False,0.0,0.0,0.0,0.011235955056179775
1 no schema linking (random),IB_0220_hi,hindi,test,filtered_aggregate,True,False,0.0,0.0,0.0,0.016666666666666666
1 no schema linking (random),IB_0220_hing,hinglish,test,filtered_aggregate,True,False,0.0,0.0,0.0,0.01282051282051282
1 no schema linking (random),IB_0220_ta,tamil,test,filtered_aggregate,False,False,0.0,0.0,0.0,0.0136986301369863
1 no schema linking (random),IB_0221_en,english,dev,filtered_aggregate,False,False,0.0,0.0,0.0,0.013157894736842105
1 no schema linking (random),IB_0221_hi,hindi,dev,filtered_aggregate,False,False,0.0,0.0,0.0,0.013157894736842105
1 no schema linking (random),IB_0221_hing,hinglish,dev,filtered_aggregate,False,False,0.0,0.0,0.0,0.017241379310344827
1 no schema linking (random),IB_0221_ta,tamil,dev,filtered_aggregate,False,False,0.0,0.0,0.0,0.038461538461538464
1 no schema linking (random),IB_0222_en,english,test,filtered_aggregate,False,False,0.0,0.0,0.0,0.010309278350515464
1 no schema linking (random),IB_0222_hi,hindi,test,filtered_aggregate,True,False,0.0,0.0,0.0,0.016666666666666666
1 no schema linking (random),IB_0222_hing,hinglish,test,filtered_aggregate,False,False,0.0,0.0,0.0,0.014492753623188406
1 no schema linking (random),IB_0222_ta,tamil,test,filtered_aggregate,True,False,0.0,0.0,0.0,0.01
1 no schema linking (random),IB_0223_en,english,test,filtered_aggregate,False,False,0.0,0.0,0.0,0.011627906976744186
1 no schema linking (random),IB_0223_hi,hindi,test,filtered_aggregate,True,False,0.0,0.0,0.0,0.047619047619047616
1 no schema linking (random),IB_0223_hing,hinglish,test,filtered_aggregate,True,False,0.0,0.0,0.0,0.012195121951219513
1 no schema linking (random),IB_0223_ta,tamil,test,filtered_aggregate,False,False,0.0,0.0,0.0,0.037037037037037035
1 no schema linking (random),IB_0224_en,english,test,filtered_aggregate,True,False,0.0,0.0,0.0,0.043478260869565216
1 no schema linking (random),IB_0224_hi,hindi,test,filtered_aggregate,True,False,0.0,0.0,0.0,0.00980392156862745
1 no schema linking (random),IB_0224_hing,hinglish,test,filtered_aggregate,False,False,0.0,0.0,0.0,0.01
1 no schema linking (random),IB_0224_ta,tamil,test,filtered_aggregate,False,False,0.0,0.0,0.0,0.02040816326530612
1 no schema linking (random),IB_0226_en,english,test,filtered_aggregate,True,False,0.0,0.0,0.0,0.030303030303030304
1 no schema linking (random),IB_0226_hi,hindi,test,filtered_aggregate,True,False,0.0,1.0,1.0,0.5
1 no schema linking (random),IB_0226_hing,hinglish,test,filtered_aggregate,True,False,0.0,0.0,0.0,0.011764705882352941
1 no schema linking (random),IB_0226_ta,tamil,test,filtered_aggregate,True,False,0.0,0.0,0.0,0.0196078431372549
1 no schema linking (random),IB_0227_en,english,dev,multi_hop,False,False,0.0,0.0,0.0,0.016415027633501268
1 no schema linking (random),IB_0227_hi,hindi,dev,multi_hop,False,False,0.0,0.0,0.0,0.016046491456327524
1 no schema linking (random),IB_0227_hing,hinglish,dev,multi_hop,False,False,0.0,0.0,0.0,0.0636437908496732
1 no schema linking (random),IB_0227_ta,tamil,dev,multi_hop,False,False,0.0,0.0,0.0,0.07131185807656396
1 no schema linking (random),IB_0228_en,english,dev,multi_hop,False,False,0.3333333333333333,0.3333333333333333,0.3333333333333333,0.3464285714285715
1 no schema linking (random),IB_0228_hi,hindi,dev,multi_hop,False,False,0.0,0.0,0.0,0.02441144114411441
1 no schema linking (random),IB_0228_hing,hinglish,dev,multi_hop,False,False,0.0,0.0,0.3333333333333333,0.11155202821869488
1 no schema linking (random),IB_0228_ta,tamil,dev,multi_hop,False,False,0.0,0.0,0.0,0.01624301624301624
1 no schema linking (random),IB_0230_en,english,test,multi_hop,True,False,0.0,0.3333333333333333,0.3333333333333333,0.13145181795067376
1 no schema linking (random),IB_0230_hi,hindi,test,multi_hop,False,False,0.0,0.0,0.0,0.01793282969753558
1 no schema linking (random),IB_0230_hing,hinglish,test,multi_hop,False,False,0.0,0.0,0.0,0.030259511211892163
1 no schema linking (random),IB_0230_ta,tamil,test,multi_hop,True,False,0.0,0.0,0.0,0.012748452264581297
1 no schema linking (random),IB_0232_en,english,test,multi_hop,True,False,0.0,0.0,0.3333333333333333,0.10978835978835978
1 no schema linking (random),IB_0232_hi,hindi,test,multi_hop,True,False,0.0,0.0,0.0,0.08730158730158728
1 no schema linking (random),IB_0232_hing,hinglish,test,multi_hop,True,False,0.0,0.0,0.0,0.026071315623023405
1 no schema linking (random),IB_0232_ta,tamil,test,multi_hop,True,False,0.0,0.0,0.0,0.012963877570619143
1 no schema linking (random),IB_0233_en,english,test,filtered_aggregate,True,False,0.0,0.0,0.0,0.01818181818181818
1 no schema linking (random),IB_0233_hi,hindi,test,filtered_aggregate,True,False,0.0,0.0,0.0,0.02040816326530612
1 no schema linking (random),IB_0233_hing,hinglish,test,filtered_aggregate,True,False,0.0,0.0,0.0,0.02857142857142857
1 no schema linking (random),IB_0233_ta,tamil,test,filtered_aggregate,False,False,0.0,0.0,0.0,0.009900990099009901
1 no schema linking (random),IB_0236_en,english,dev,filtered_aggregate,False,False,0.0,0.0,0.0,0.014084507042253521
1 no schema linking (random),IB_0236_hi,hindi,dev,filtered_aggregate,False,False,0.0,0.0,0.0,0.012195121951219513
1 no schema linking (random),IB_0236_hing,hinglish,dev,filtered_aggregate,False,False,0.0,0.0,1.0,0.2
1 no schema linking (random),IB_0236_ta,tamil,dev,filtered_aggregate,False,False,0.0,0.0,0.0,0.018867924528301886
1 no schema linking (random),IB_0238_en,english,test,filtered_aggregate,True,False,0.0,0.0,0.0,0.016129032258064516
1 no schema linking (random),IB_0238_hi,hindi,test,filtered_aggregate,True,False,0.0,0.0,0.0,0.02857142857142857
1 no schema linking (random),IB_0238_hing,hinglish,test,filtered_aggregate,True,False,0.0,0.0,0.0,0.01818181818181818
1 no schema linking (random),IB_0238_ta,tamil,test,filtered_aggregate,False,False,0.0,0.0,0.0,0.00980392156862745
1 no schema linking (random),IB_0239_en,english,hard_test,filtered_aggregate,True,True,0.0,0.0,0.0,0.017857142857142856
1 no schema linking (random),IB_0239_hi,hindi,hard_test,filtered_aggregate,False,True,0.0,0.0,0.0,0.019230769230769232
1 no schema linking (random),IB_0239_hing,hinglish,hard_test,filtered_aggregate,True,True,0.0,0.0,0.0,0.009433962264150943
1 no schema linking (random),IB_0239_ta,tamil,hard_test,filtered_aggregate,True,False,0.0,0.0,0.0,0.014285714285714285
1 no schema linking (random),IB_0243_en,english,hard_test,multi_hop,False,True,0.0,0.0,0.0,0.03231663035584604
1 no schema linking (random),IB_0243_hi,hindi,hard_test,multi_hop,True,False,0.0,0.0,0.0,0.028986234465686517
1 no schema linking (random),IB_0243_hing,hinglish,hard_test,multi_hop,True,False,0.0,0.0,0.0,0.05417529330572809
1 no schema linking (random),IB_0243_ta,tamil,hard_test,multi_hop,True,False,0.0,0.0,0.0,0.025694444444444447
1 no schema linking (random),IB_0247_en,english,test,multi_hop,True,False,0.0,0.0,0.0,0.017230669846948918
1 no schema linking (random),IB_0247_hi,hindi,test,multi_hop,True,False,0.0,0.3333333333333333,0.6666666666666666,0.25
1 no schema linking (random),IB_0247_hing,hinglish,test,multi_hop,True,False,0.0,0.0,0.0,0.01264938113529663
1 no schema linking (random),IB_0247_ta,tamil,test,multi_hop,True,False,0.0,0.0,0.0,0.021178321178321177
1 no schema linking (random),IB_0249_en,english,test,simple_lookup,True,False,0.0,0.0,0.0,0.02631578947368421
1 no schema linking (random),IB_0249_hi,hindi,test,simple_lookup,True,False,0.0,0.0,0.0,0.02857142857142857
1 no schema linking (random),IB_0249_hing,hinglish,test,simple_lookup,False,False,0.0,0.0,0.0,0.014925373134328358
1 no schema linking (random),IB_0249_ta,tamil,test,simple_lookup,False,False,0.0,0.0,0.0,0.014084507042253521
1 no schema linking (random),IB_0250_en,english,test,simple_lookup,True,False,0.0,0.0,0.0,0.018867924528301886
1 no schema linking (random),IB_0250_hi,hindi,test,simple_lookup,True,False,0.0,0.0,0.0,0.07692307692307693
1 no schema linking (random),IB_0250_hing,hinglish,test,simple_lookup,True,False,0.0,0.0,0.0,0.14285714285714285
1 no schema linking (random),IB_0250_ta,tamil,test,simple_lookup,True,False,0.0,0.0,0.0,0.024390243902439025
1 no schema linking (random),IB_0251_en,english,test,simple_lookup,False,False,0.0,0.0,0.0,0.010416666666666666
1 no schema linking (random),IB_0251_hi,hindi,test,simple_lookup,True,False,0.0,0.0,0.0,0.07142857142857142
1 no schema linking (random),IB_0251_hing,hinglish,test,simple_lookup,True,False,0.0,0.0,0.0,0.018518518518518517
1 no schema linking (random),IB_0251_ta,tamil,test,simple_lookup,True,False,0.0,0.0,0.0,0.025
1 no schema linking (random),IB_0252_en,english,test,simple_lookup,True,False,0.0,0.0,0.0,0.05263157894736842
1 no schema linking (random),IB_0252_hi,hindi,test,simple_lookup,True,False,0.0,0.0,0.0,0.043478260869565216
1 no schema linking (random),IB_0252_hing,hinglish,test,simple_lookup,True,False,0.0,0.0,0.0,0.022222222222222223
1 no schema linking (random),IB_0252_ta,tamil,test,simple_lookup,True,False,0.0,0.0,0.0,0.025
1 no schema linking (random),IB_0253_en,english,test,simple_lookup,True,False,0.0,0.0,0.0,0.0196078431372549
1 no schema linking (random),IB_0253_hi,hindi,test,simple_lookup,True,False,0.0,0.0,0.0,0.027777777777777776
1 no schema linking (random),IB_0253_hing,hinglish,test,simple_lookup,True,False,0.0,0.0,0.0,0.017857142857142856
1 no schema linking (random),IB_0253_ta,tamil,test,simple_lookup,True,False,0.0,0.0,0.0,0.011494252873563218
1 no schema linking (random),IB_0254_en,english,dev,simple_lookup,False,False,0.0,0.0,0.0,0.011494252873563218
1 no schema linking (random),IB_0254_hi,hindi,dev,simple_lookup,False,False,0.0,0.0,0.0,0.025
1 no schema linking (random),IB_0254_hing,hinglish,dev,simple_lookup,False,False,0.0,0.0,0.0,0.037037037037037035
1 no schema linking (random),IB_0254_ta,tamil,dev,simple_lookup,False,False,0.0,0.0,0.0,0.125
1 no schema linking (random),IB_0256_en,english,hard_test,simple_lookup,True,True,0.0,0.0,0.0,0.1111111111111111
1 no schema linking (random),IB_0256_hi,hindi,hard_test,simple_lookup,False,True,0.0,0.0,0.0,0.01639344262295082
1 no schema linking (random),IB_0256_hing,hinglish,hard_test,simple_lookup,True,True,0.0,0.0,0.0,0.05
1 no schema linking (random),IB_0256_ta,tamil,hard_test,simple_lookup,True,True,0.0,0.0,0.0,0.03125
1 no schema linking (random),IB_0257_en,english,hard_test,simple_lookup,False,True,0.0,0.0,0.0,0.019230769230769232
1 no schema linking (random),IB_0257_hi,hindi,hard_test,simple_lookup,True,True,0.0,0.0,0.0,0.03225806451612903
1 no schema linking (random),IB_0257_hing,hinglish,hard_test,simple_lookup,True,True,0.0,0.0,0.0,0.03571428571428571
1 no schema linking (random),IB_0257_ta,tamil,hard_test,simple_lookup,True,True,0.0,0.0,0.0,0.1
1 no schema linking (random),IB_0258_en,english,test,simple_lookup,False,False,0.0,0.0,0.0,0.037037037037037035
1 no schema linking (random),IB_0258_hi,hindi,test,simple_lookup,False,False,0.0,1.0,1.0,0.5
1 no schema linking (random),IB_0258_hing,hinglish,test,simple_lookup,False,False,0.0,0.0,0.0,0.011494252873563218
1 no schema linking (random),IB_0258_ta,tamil,test,simple_lookup,False,False,0.0,0.0,0.0,0.010638297872340425
1 no schema linking (random),IB_0259_en,english,hard_test,simple_lookup,False,True,0.0,0.0,0.0,0.02857142857142857
1 no schema linking (random),IB_0259_hi,hindi,hard_test,simple_lookup,True,True,0.0,0.0,0.0,0.02631578947368421
1 no schema linking (random),IB_0259_hing,hinglish,hard_test,simple_lookup,True,False,0.0,0.0,0.0,0.011235955056179775
1 no schema linking (random),IB_0259_ta,tamil,hard_test,simple_lookup,True,True,0.0,0.0,0.0,0.041666666666666664
1 no schema linking (random),IB_0260_en,english,test,simple_lookup,True,False,0.0,0.0,0.0,0.023809523809523808
1 no schema linking (random),IB_0260_hi,hindi,test,simple_lookup,True,False,0.0,0.0,0.0,0.010416666666666666
1 no schema linking (random),IB_0260_hing,hinglish,test,simple_lookup,True,False,0.0,0.0,0.0,0.01282051282051282
1 no schema linking (random),IB_0260_ta,tamil,test,simple_lookup,False,False,0.0,0.0,1.0,0.2
1 no schema linking (random),IB_0261_en,english,hard_test,simple_lookup,False,True,0.0,0.0,0.0,0.010416666666666666
1 no schema linking (random),IB_0261_hi,hindi,hard_test,simple_lookup,True,True,0.0,0.0,0.0,0.010638297872340425
1 no schema linking (random),IB_0261_hing,hinglish,hard_test,simple_lookup,True,True,0.0,0.0,0.0,0.030303030303030304
1 no schema linking (random),IB_0261_ta,tamil,hard_test,simple_lookup,True,True,0.0,0.0,0.0,0.011764705882352941
1 no schema linking (random),IB_0262_en,english,test,simple_lookup,True,False,0.0,0.0,0.0,0.08333333333333333
1 no schema linking (random),IB_0262_hi,hindi,test,simple_lookup,True,False,0.0,0.0,0.0,0.01098901098901099
1 no schema linking (random),IB_0262_hing,hinglish,test,simple_lookup,False,False,0.0,0.0,0.0,0.015151515151515152
1 no schema linking (random),IB_0262_ta,tamil,test,simple_lookup,True,False,0.0,0.0,0.0,0.02857142857142857
1 no schema linking (random),IB_0264_en,english,hard_test,cross_year,False,True,0.0,0.0,0.0,0.05
1 no schema linking (random),IB_0264_hi,hindi,hard_test,cross_year,False,True,0.0,0.0,0.0,0.012048192771084338
1 no schema linking (random),IB_0264_hing,hinglish,hard_test,cross_year,True,True,0.0,0.0,0.0,0.01020408163265306
1 no schema linking (random),IB_0264_ta,tamil,hard_test,cross_year,False,True,0.0,0.0,0.0,0.015384615384615385
1 no schema linking (random),IB_0265_en,english,hard_test,cross_year,True,False,0.0,0.0,0.0,0.01818181818181818
1 no schema linking (random),IB_0265_hi,hindi,hard_test,cross_year,True,False,0.0,0.0,0.0,0.0125
1 no schema linking (random),IB_0265_hing,hinglish,hard_test,cross_year,True,True,0.0,0.0,0.0,0.015625
1 no schema linking (random),IB_0265_ta,tamil,hard_test,cross_year,True,True,0.0,0.0,0.0,0.010309278350515464
1 no schema linking (random),IB_0266_en,english,test,cross_year,False,False,0.0,0.0,0.0,0.009708737864077669
1 no schema linking (random),IB_0266_hi,hindi,test,cross_year,True,False,0.0,0.0,0.0,0.037037037037037035
1 no schema linking (random),IB_0266_hing,hinglish,test,cross_year,True,False,0.0,0.0,0.0,0.0196078431372549
1 no schema linking (random),IB_0266_ta,tamil,test,cross_year,True,False,0.0,0.0,0.0,0.012345679012345678
1 no schema linking (random),IB_0267_en,english,hard_test,cross_year,True,True,0.0,0.0,0.0,0.010638297872340425
1 no schema linking (random),IB_0267_hi,hindi,hard_test,cross_year,True,True,0.0,0.0,0.0,0.016666666666666666
1 no schema linking (random),IB_0267_hing,hinglish,hard_test,cross_year,True,True,0.0,0.0,0.0,0.09090909090909091
1 no schema linking (random),IB_0267_ta,tamil,hard_test,cross_year,False,True,0.0,0.0,0.0,0.021739130434782608
1 no schema linking (random),IB_0269_en,english,hard_test,cross_year,False,True,0.0,0.0,0.0,0.00980392156862745
1 no schema linking (random),IB_0269_hi,hindi,hard_test,cross_year,False,False,0.0,0.0,0.0,0.017543859649122806
1 no schema linking (random),IB_0269_hing,hinglish,hard_test,cross_year,True,True,0.0,0.0,0.0,0.015151515151515152
1 no schema linking (random),IB_0269_ta,tamil,hard_test,cross_year,True,True,0.0,0.0,0.0,0.010416666666666666
1 no schema linking (random),IB_0270_en,english,hard_test,cross_year,True,False,0.0,0.0,0.0,0.011235955056179775
1 no schema linking (random),IB_0270_hi,hindi,hard_test,cross_year,True,True,0.0,0.0,0.0,0.013157894736842105
1 no schema linking (random),IB_0270_hing,hinglish,hard_test,cross_year,True,True,0.0,0.0,0.0,0.011904761904761904
1 no schema linking (random),IB_0270_ta,tamil,hard_test,cross_year,True,True,0.0,0.0,0.0,0.047619047619047616
1 no schema linking (random),IB_0273_en,english,hard_test,cross_year,False,False,0.0,0.0,0.0,0.14285714285714285
1 no schema linking (random),IB_0273_hi,hindi,hard_test,cross_year,True,True,0.0,0.0,0.0,0.014084507042253521
1 no schema linking (random),IB_0273_hing,hinglish,hard_test,cross_year,True,True,0.0,0.0,0.0,0.05555555555555555
1 no schema linking (random),IB_0273_ta,tamil,hard_test,cross_year,False,True,0.0,0.0,0.0,0.025
1 no schema linking (random),IB_0282_en,english,hard_test,cross_year,True,True,0.0,0.0,0.0,0.027777777777777776
1 no schema linking (random),IB_0282_hi,hindi,hard_test,cross_year,True,True,0.0,0.0,0.0,0.010869565217391304
1 no schema linking (random),IB_0282_hing,hinglish,hard_test,cross_year,True,True,0.0,0.0,0.0,0.01098901098901099
1 no schema linking (random),IB_0282_ta,tamil,hard_test,cross_year,True,True,0.0,0.0,0.0,0.012987012987012988
1 no schema linking (random),IB_0285_en,english,test,cross_year,True,False,0.0,0.0,0.0,0.018867924528301886
1 no schema linking (random),IB_0285_hi,hindi,test,cross_year,True,False,0.0,0.0,0.0,0.011764705882352941
1 no schema linking (random),IB_0285_hing,hinglish,test,cross_year,False,False,0.0,0.0,0.0,0.02127659574468085
1 no schema linking (random),IB_0285_ta,tamil,test,cross_year,True,False,0.0,0.0,0.0,0.015625
1 no schema linking (random),IB_0286_en,english,test,cross_year,True,False,0.0,0.0,0.0,0.01020408163265306
1 no schema linking (random),IB_0286_hi,hindi,test,cross_year,True,False,0.0,0.0,0.0,0.01098901098901099
1 no schema linking (random),IB_0286_hing,hinglish,test,cross_year,True,False,0.0,1.0,1.0,0.3333333333333333
1 no schema linking (random),IB_0286_ta,tamil,test,cross_year,True,False,0.0,0.0,0.0,0.0625
1 no schema linking (random),IB_0287_en,english,test,cross_year,True,False,0.0,0.0,0.0,0.01098901098901099
1 no schema linking (random),IB_0287_hi,hindi,test,cross_year,True,False,0.0,0.0,0.0,0.01098901098901099
1 no schema linking (random),IB_0287_hing,hinglish,test,cross_year,True,False,0.0,0.0,0.0,0.009900990099009901
1 no schema linking (random),IB_0287_ta,tamil,test,cross_year,False,False,0.0,0.0,0.0,0.08333333333333333
1 no schema linking (random),IB_0289_en,english,hard_test,cross_year,False,True,0.0,0.0,0.0,0.012195121951219513
1 no schema linking (random),IB_0289_hi,hindi,hard_test,cross_year,True,True,0.0,0.0,0.0,0.017543859649122806
1 no schema linking (random),IB_0289_hing,hinglish,hard_test,cross_year,True,True,0.0,0.0,0.0,0.015384615384615385
1 no schema linking (random),IB_0289_ta,tamil,hard_test,cross_year,True,True,0.0,0.0,0.0,0.03125
1 no schema linking (random),IB_0292_en,english,hard_test,simple_lookup,True,True,0.0,0.0,0.0,0.011764705882352941
1 no schema linking (random),IB_0292_hi,hindi,hard_test,simple_lookup,True,True,0.0,0.0,0.0,0.045454545454545456
1 no schema linking (random),IB_0292_hing,hinglish,hard_test,simple_lookup,False,True,0.0,0.0,0.0,0.011235955056179775
1 no schema linking (random),IB_0292_ta,tamil,hard_test,simple_lookup,False,True,0.0,0.0,0.0,0.013333333333333334
1 no schema linking (random),IB_0293_en,english,hard_test,simple_lookup,False,True,0.0,0.0,0.0,0.009708737864077669
1 no schema linking (random),IB_0293_hi,hindi,hard_test,simple_lookup,False,True,0.0,0.0,0.0,0.014285714285714285
1 no schema linking (random),IB_0293_hing,hinglish,hard_test,simple_lookup,True,False,0.0,0.0,0.0,0.011363636363636364
1 no schema linking (random),IB_0293_ta,tamil,hard_test,simple_lookup,True,True,0.0,0.0,0.0,0.045454545454545456
1 no schema linking (random),IB_0294_en,english,test,simple_lookup,True,False,0.0,0.0,0.0,0.03571428571428571
1 no schema linking (random),IB_0294_hi,hindi,test,simple_lookup,False,False,0.0,0.0,1.0,0.25
1 no schema linking (random),IB_0294_hing,hinglish,test,simple_lookup,False,False,0.0,0.0,0.0,0.037037037037037035
1 no schema linking (random),IB_0294_ta,tamil,test,simple_lookup,True,False,0.0,0.0,0.0,0.01694915254237288
1 no schema linking (random),IB_0295_en,english,hard_test,simple_lookup,True,True,0.0,0.0,0.0,0.009615384615384616
1 no schema linking (random),IB_0295_hi,hindi,hard_test,simple_lookup,True,True,0.0,0.0,0.0,0.019230769230769232
1 no schema linking (random),IB_0295_hing,hinglish,hard_test,simple_lookup,False,True,0.0,0.0,0.0,0.013157894736842105
1 no schema linking (random),IB_0295_ta,tamil,hard_test,simple_lookup,True,True,0.0,0.0,0.0,0.034482758620689655
1 no schema linking (random),IB_0297_en,english,dev,simple_lookup,False,False,0.0,0.0,0.0,0.030303030303030304
1 no schema linking (random),IB_0297_hi,hindi,dev,simple_lookup,False,False,0.0,1.0,1.0,0.5
1 no schema linking (random),IB_0297_hing,hinglish,dev,simple_lookup,False,False,0.0,0.0,0.0,0.018518518518518517
1 no schema linking (random),IB_0297_ta,tamil,dev,simple_lookup,False,False,0.0,0.0,0.0,0.011904761904761904
1 no schema linking (random),IB_0299_en,english,test,simple_lookup,False,False,0.0,0.0,0.0,0.03571428571428571
1 no schema linking (random),IB_0299_hi,hindi,test,simple_lookup,False,False,0.0,0.0,0.0,0.010869565217391304
1 no schema linking (random),IB_0299_hing,hinglish,test,simple_lookup,False,False,0.0,0.0,0.0,0.010752688172043012
1 no schema linking (random),IB_0299_ta,tamil,test,simple_lookup,True,False,0.0,0.0,0.0,0.02127659574468085
1 no schema linking (random),IB_0300_en,english,test,simple_lookup,True,False,0.0,0.0,0.0,0.01282051282051282
1 no schema linking (random),IB_0300_hi,hindi,test,simple_lookup,False,False,0.0,0.0,0.0,0.030303030303030304
1 no schema linking (random),IB_0300_hing,hinglish,test,simple_lookup,True,False,0.0,0.0,0.0,0.0136986301369863
1 no schema linking (random),IB_0300_ta,tamil,test,simple_lookup,False,False,0.0,0.0,0.0,0.015384615384615385
1 no schema linking (random),IB_0301_en,english,dev,simple_lookup,False,False,0.0,0.0,1.0,0.25
1 no schema linking (random),IB_0301_hi,hindi,dev,simple_lookup,False,False,0.0,0.0,0.0,0.041666666666666664
1 no schema linking (random),IB_0301_hing,hinglish,dev,simple_lookup,False,False,0.0,1.0,1.0,0.5
1 no schema linking (random),IB_0301_ta,tamil,dev,simple_lookup,False,False,0.0,0.0,0.0,0.027777777777777776
1 no schema linking (random),IB_0304_en,english,dev,simple_lookup,False,False,0.0,0.0,0.0,0.009708737864077669
1 no schema linking (random),IB_0304_hi,hindi,dev,simple_lookup,False,False,0.0,0.0,0.0,0.012195121951219513
1 no schema linking (random),IB_0304_hing,hinglish,dev,simple_lookup,False,False,1.0,1.0,1.0,1.0
1 no schema linking (random),IB_0304_ta,tamil,dev,simple_lookup,False,False,0.0,0.0,0.0,0.011627906976744186
1 no schema linking (random),IB_0305_en,english,test,simple_lookup,False,False,0.0,0.0,0.0,0.030303030303030304
1 no schema linking (random),IB_0305_hi,hindi,test,simple_lookup,True,False,0.0,0.0,0.0,0.03333333333333333
1 no schema linking (random),IB_0305_hing,hinglish,test,simple_lookup,False,False,0.0,0.0,0.0,0.00980392156862745
1 no schema linking (random),IB_0305_ta,tamil,test,simple_lookup,True,False,0.0,0.0,0.0,0.009708737864077669
1 no schema linking (random),IB_0306_en,english,test,simple_lookup,False,False,0.0,0.0,0.0,0.05
1 no schema linking (random),IB_0306_hi,hindi,test,simple_lookup,False,False,0.0,0.0,0.0,0.015384615384615385
1 no schema linking (random),IB_0306_hing,hinglish,test,simple_lookup,False,False,0.0,1.0,1.0,0.5
1 no schema linking (random),IB_0306_ta,tamil,test,simple_lookup,True,False,0.0,0.0,0.0,0.16666666666666666
1 no schema linking (random),IB_0307_en,english,dev,simple_lookup,False,False,0.0,0.0,1.0,0.2
1 no schema linking (random),IB_0307_hi,hindi,dev,simple_lookup,False,False,0.0,0.0,0.0,0.012658227848101266
1 no schema linking (random),IB_0307_hing,hinglish,dev,simple_lookup,False,False,0.0,0.0,0.0,0.013157894736842105
1 no schema linking (random),IB_0307_ta,tamil,dev,simple_lookup,False,False,0.0,0.0,0.0,0.01098901098901099
1 no schema linking (random),IB_0309_en,english,hard_test,simple_lookup,False,True,0.0,0.0,0.0,0.038461538461538464
1 no schema linking (random),IB_0309_hi,hindi,hard_test,simple_lookup,True,True,0.0,0.0,0.0,0.02857142857142857
1 no schema linking (random),IB_0309_hing,hinglish,hard_test,simple_lookup,False,True,0.0,0.0,0.0,0.022222222222222223
1 no schema linking (random),IB_0309_ta,tamil,hard_test,simple_lookup,True,True,0.0,0.0,0.0,0.016129032258064516
1 no schema linking (random),IB_0310_en,english,test,simple_lookup,True,False,0.0,0.0,0.0,0.011494252873563218
1 no schema linking (random),IB_0310_hi,hindi,test,simple_lookup,True,False,0.0,0.0,0.0,0.011627906976744186
1 no schema linking (random),IB_0310_hing,hinglish,test,simple_lookup,True,False,0.0,0.0,0.0,0.06666666666666667
1 no schema linking (random),IB_0310_ta,tamil,test,simple_lookup,False,False,0.0,0.0,0.0,0.020833333333333332
1 no schema linking (random),IB_0312_en,english,test,simple_lookup,False,False,0.0,0.0,0.0,0.02857142857142857
1 no schema linking (random),IB_0312_hi,hindi,test,simple_lookup,False,False,0.0,0.0,0.0,0.02040816326530612
1 no schema linking (random),IB_0312_hing,hinglish,test,simple_lookup,False,False,0.0,0.0,0.0,0.011363636363636364
1 no schema linking (random),IB_0312_ta,tamil,test,simple_lookup,True,False,0.0,0.0,0.0,0.041666666666666664
1 no schema linking (random),IB_0313_en,english,hard_test,simple_lookup,True,True,0.0,0.0,0.0,0.011627906976744186
1 no schema linking (random),IB_0313_hi,hindi,hard_test,simple_lookup,True,True,0.0,0.0,0.0,0.125
1 no schema linking (random),IB_0313_hing,hinglish,hard_test,simple_lookup,True,True,0.0,0.0,0.0,0.015151515151515152
1 no schema linking (random),IB_0313_ta,tamil,hard_test,simple_lookup,True,True,0.0,0.0,0.0,0.011764705882352941
1 no schema linking (random),IB_0315_en,english,hard_test,simple_lookup,True,True,0.0,0.0,0.0,0.022727272727272728
1 no schema linking (random),IB_0315_hi,hindi,hard_test,simple_lookup,True,True,0.0,0.0,0.0,0.01818181818181818
1 no schema linking (random),IB_0315_hing,hinglish,hard_test,simple_lookup,False,True,0.0,0.0,0.0,0.14285714285714285
1 no schema linking (random),IB_0315_ta,tamil,hard_test,simple_lookup,True,True,0.0,0.0,0.0,0.010752688172043012
1 no schema linking (random),IB_0316_en,english,test,simple_lookup,True,False,0.0,0.0,0.0,0.023809523809523808
1 no schema linking (random),IB_0316_hi,hindi,test,simple_lookup,True,False,0.0,0.0,0.0,0.029411764705882353
1 no schema linking (random),IB_0316_hing,hinglish,test,simple_lookup,True,False,0.0,0.0,0.0,0.009615384615384616
1 no schema linking (random),IB_0316_ta,tamil,test,simple_lookup,False,False,0.0,0.0,0.0,0.01282051282051282
1 no schema linking (random),IB_0317_en,english,dev,simple_lookup,False,False,0.0,0.0,0.0,0.024390243902439025
1 no schema linking (random),IB_0317_hi,hindi,dev,simple_lookup,False,False,0.0,0.0,0.0,0.030303030303030304
1 no schema linking (random),IB_0317_hing,hinglish,dev,simple_lookup,False,False,0.0,0.0,0.0,0.043478260869565216
1 no schema linking (random),IB_0317_ta,tamil,dev,simple_lookup,False,False,0.0,0.0,0.0,0.01098901098901099
1 no schema linking (random),IB_0320_en,english,hard_test,simple_lookup,False,True,0.0,0.0,0.0,0.013888888888888888
1 no schema linking (random),IB_0320_hi,hindi,hard_test,simple_lookup,True,True,0.0,1.0,1.0,0.3333333333333333
1 no schema linking (random),IB_0320_hing,hinglish,hard_test,simple_lookup,False,True,0.0,0.0,0.0,0.06666666666666667
1 no schema linking (random),IB_0320_ta,tamil,hard_test,simple_lookup,True,True,0.0,0.0,0.0,0.015384615384615385
1 no schema linking (random),IB_0321_en,english,test,simple_lookup,False,False,0.0,0.0,0.0,0.011235955056179775
1 no schema linking (random),IB_0321_hi,hindi,test,simple_lookup,True,False,0.0,0.0,0.0,0.012195121951219513
1 no schema linking (random),IB_0321_hing,hinglish,test,simple_lookup,False,False,0.0,0.0,0.0,0.017857142857142856
1 no schema linking (random),IB_0321_ta,tamil,test,simple_lookup,True,False,0.0,0.0,0.0,0.011111111111111112
1 no schema linking (random),IB_0322_en,english,hard_test,simple_lookup,True,True,0.0,0.0,0.0,0.03333333333333333
1 no schema linking (random),IB_0322_hi,hindi,hard_test,simple_lookup,True,False,0.0,0.0,0.0,0.08333333333333333
1 no schema linking (random),IB_0322_hing,hinglish,hard_test,simple_lookup,True,True,0.0,0.0,0.0,0.058823529411764705
1 no schema linking (random),IB_0322_ta,tamil,hard_test,simple_lookup,True,True,0.0,0.0,0.0,0.022727272727272728
1 no schema linking (random),IB_0323_en,english,hard_test,simple_lookup,True,True,0.0,0.0,0.0,0.016129032258064516
1 no schema linking (random),IB_0323_hi,hindi,hard_test,simple_lookup,True,True,0.0,0.0,0.0,0.013513513513513514
1 no schema linking (random),IB_0323_hing,hinglish,hard_test,simple_lookup,False,False,0.0,0.0,0.0,0.125
1 no schema linking (random),IB_0323_ta,tamil,hard_test,simple_lookup,True,False,0.0,0.0,0.0,0.16666666666666666
1 no schema linking (random),IB_0324_en,english,test,simple_lookup,False,False,0.0,0.0,0.0,0.011111111111111112
1 no schema linking (random),IB_0324_hi,hindi,test,simple_lookup,False,False,0.0,0.0,1.0,0.25
1 no schema linking (random),IB_0324_hing,hinglish,test,simple_lookup,True,False,0.0,0.0,0.0,0.014925373134328358
1 no schema linking (random),IB_0324_ta,tamil,test,simple_lookup,False,False,0.0,0.0,0.0,0.010309278350515464
1 no schema linking (random),IB_0325_en,english,test,simple_lookup,False,False,0.0,0.0,0.0,0.034482758620689655
1 no schema linking (random),IB_0325_hi,hindi,test,simple_lookup,True,False,0.0,0.0,0.0,0.009708737864077669
1 no schema linking (random),IB_0325_hing,hinglish,test,simple_lookup,True,False,0.0,0.0,0.0,0.012048192771084338
1 no schema linking (random),IB_0325_ta,tamil,test,simple_lookup,True,False,0.0,0.0,0.0,0.07692307692307693
1 no schema linking (random),IB_0327_en,english,dev,simple_lookup,False,False,0.0,0.0,0.0,0.01639344262295082
1 no schema linking (random),IB_0327_hi,hindi,dev,simple_lookup,False,False,0.0,0.0,0.0,0.02040816326530612
1 no schema linking (random),IB_0327_hing,hinglish,dev,simple_lookup,False,False,0.0,0.0,0.0,0.047619047619047616
1 no schema linking (random),IB_0327_ta,tamil,dev,simple_lookup,False,False,0.0,0.0,0.0,0.04
1 no schema linking (random),IB_0330_en,english,test,cross_year,True,False,0.0,0.0,0.0,0.011363636363636364
1 no schema linking (random),IB_0330_hi,hindi,test,cross_year,True,False,0.0,0.0,0.0,0.009523809523809525
1 no schema linking (random),IB_0330_hing,hinglish,test,cross_year,True,False,0.0,0.0,0.0,0.01818181818181818
1 no schema linking (random),IB_0330_ta,tamil,test,cross_year,True,False,0.0,0.0,0.0,0.010526315789473684
1 no schema linking (random),IB_0331_en,english,hard_test,cross_year,False,True,0.0,0.0,0.0,0.011764705882352941
1 no schema linking (random),IB_0331_hi,hindi,hard_test,cross_year,True,True,0.0,0.0,0.0,0.014492753623188406
1 no schema linking (random),IB_0331_hing,hinglish,hard_test,cross_year,True,True,0.0,0.0,0.0,0.03125
1 no schema linking (random),IB_0331_ta,tamil,hard_test,cross_year,True,True,0.0,0.0,1.0,0.25
1 no schema linking (random),IB_0333_en,english,hard_test,cross_year,False,False,0.0,0.0,0.0,0.02040816326530612
1 no schema linking (random),IB_0333_hi,hindi,hard_test,cross_year,False,True,0.0,0.0,0.0,0.125
1 no schema linking (random),IB_0333_hing,hinglish,hard_test,cross_year,False,True,0.0,0.0,0.0,0.009615384615384616
1 no schema linking (random),IB_0333_ta,tamil,hard_test,cross_year,False,True,0.0,0.0,0.0,0.023255813953488372
1 no schema linking (random),IB_0336_en,english,hard_test,cross_year,False,False,0.0,0.0,0.0,0.14285714285714285
1 no schema linking (random),IB_0336_hi,hindi,hard_test,cross_year,True,True,0.0,0.0,0.0,0.018867924528301886
1 no schema linking (random),IB_0336_hing,hinglish,hard_test,cross_year,True,False,0.0,0.0,0.0,0.009615384615384616
1 no schema linking (random),IB_0336_ta,tamil,hard_test,cross_year,True,True,0.0,0.0,0.0,0.09090909090909091
1 no schema linking (random),IB_0339_en,english,test,cross_year,True,False,0.0,0.0,0.0,0.022222222222222223
1 no schema linking (random),IB_0339_hi,hindi,test,cross_year,True,False,0.0,0.0,0.0,0.010638297872340425
1 no schema linking (random),IB_0339_hing,hinglish,test,cross_year,False,False,0.0,0.0,0.0,0.01
1 no schema linking (random),IB_0339_ta,tamil,test,cross_year,False,False,0.0,0.0,0.0,0.16666666666666666
1 no schema linking (random),IB_0340_en,english,hard_test,cross_year,True,True,0.0,0.0,0.0,0.027777777777777776
1 no schema linking (random),IB_0340_hi,hindi,hard_test,cross_year,True,True,0.0,0.0,0.0,0.02631578947368421
1 no schema linking (random),IB_0340_hing,hinglish,hard_test,cross_year,True,True,0.0,0.0,0.0,0.037037037037037035
1 no schema linking (random),IB_0340_ta,tamil,hard_test,cross_year,False,True,0.0,0.0,0.0,0.03125
1 no schema linking (random),IB_0341_en,english,hard_test,cross_year,True,True,0.0,0.0,0.0,0.02040816326530612
1 no schema linking (random),IB_0341_hi,hindi,hard_test,cross_year,False,True,0.0,0.0,0.0,0.009708737864077669
1 no schema linking (random),IB_0341_hing,hinglish,hard_test,cross_year,True,True,0.0,0.0,0.0,0.010526315789473684
1 no schema linking (random),IB_0341_ta,tamil,hard_test,cross_year,True,True,0.0,0.0,0.0,0.0136986301369863
1 no schema linking (random),IB_0342_en,english,test,multi_hop,False,False,0.0,0.0,0.0,0.03747628083491461
1 no schema linking (random),IB_0342_hi,hindi,test,multi_hop,True,False,0.0,0.0,0.0,0.015362511052166225
1 no schema linking (random),IB_0342_hing,hinglish,test,multi_hop,True,False,0.0,0.0,0.0,0.012445887445887446
1 no schema linking (random),IB_0342_ta,tamil,test,multi_hop,False,False,0.0,0.0,0.0,0.028221778221778224
1 no schema linking (random),IB_0344_en,english,test,multi_hop,True,False,0.0,0.0,0.0,0.10989010989010989
1 no schema linking (random),IB_0344_hi,hindi,test,multi_hop,True,False,0.0,0.0,0.0,0.06340579710144928
1 no schema linking (random),IB_0344_hing,hinglish,test,multi_hop,True,False,0.5,0.5,0.5,0.5142857142857142
1 no schema linking (random),IB_0344_ta,tamil,test,multi_hop,True,False,0.0,0.0,0.0,0.024245689655172414
1 no schema linking (random),IB_0345_en,english,dev,multi_hop,False,False,0.0,0.0,0.0,0.027427490542244644
1 no schema linking (random),IB_0345_hi,hindi,dev,multi_hop,False,False,0.0,0.0,0.0,0.01157035848047084
1 no schema linking (random),IB_0345_hing,hinglish,dev,multi_hop,False,False,0.0,0.0,0.0,0.009916543937162493
1 no schema linking (random),IB_0345_ta,tamil,dev,multi_hop,False,False,0.0,0.0,0.0,0.046274038461538464
1 no schema linking (random),IB_0346_en,english,dev,multi_hop,False,False,0.0,0.0,0.0,0.014772727272727272
1 no schema linking (random),IB_0346_hi,hindi,dev,multi_hop,False,False,0.0,0.0,0.0,0.01582751744765703
1 no schema linking (random),IB_0346_hing,hinglish,dev,multi_hop,False,False,0.0,0.0,0.0,0.017297162767546042
1 no schema linking (random),IB_0346_ta,tamil,dev,multi_hop,False,False,0.0,0.0,0.0,0.028711484593837534
1 no schema linking (random),IB_0347_en,english,test,multi_hop,False,False,0.0,0.0,0.0,0.06575963718820861
1 no schema linking (random),IB_0347_hi,hindi,test,multi_hop,True,False,0.0,0.0,0.0,0.01985062893081761
1 no schema linking (random),IB_0347_hing,hinglish,test,multi_hop,False,False,0.0,0.0,0.0,0.01625
1 no schema linking (random),IB_0347_ta,tamil,test,multi_hop,False,False,0.0,0.0,0.0,0.027352941176470587
1 no schema linking (random),IB_0349_en,english,hard_test,multi_hop,True,True,0.0,0.0,0.0,0.0507177033492823
1 no schema linking (random),IB_0349_hi,hindi,hard_test,multi_hop,False,True,0.0,0.0,0.0,0.03051106025934401
1 no schema linking (random),IB_0349_hing,hinglish,hard_test,multi_hop,True,True,0.0,0.0,0.0,0.029833620195065975
1 no schema linking (random),IB_0349_ta,tamil,hard_test,multi_hop,True,False,0.0,0.0,0.0,0.034355179704016914
1 no schema linking (random),IB_0353_en,english,hard_test,multi_hop,False,True,0.0,0.0,0.0,0.06340847499384085
1 no schema linking (random),IB_0353_hi,hindi,hard_test,multi_hop,False,True,0.0,0.3333333333333333,0.3333333333333333,0.1288888888888889
1 no schema linking (random),IB_0353_hing,hinglish,hard_test,multi_hop,True,False,0.0,0.0,0.0,0.015516890516890517
1 no schema linking (random),IB_0353_ta,tamil,hard_test,multi_hop,True,True,0.0,0.0,0.0,0.045743145743145745
1 no schema linking (random),IB_0354_en,english,test,multi_hop,False,False,0.0,0.0,0.0,0.02221625492302184
1 no schema linking (random),IB_0354_hi,hindi,test,multi_hop,True,False,0.0,0.0,0.0,0.06320346320346319
1 no schema linking (random),IB_0354_hing,hinglish,test,multi_hop,True,False,0.0,0.0,0.0,0.022304693357324934
1 no schema linking (random),IB_0354_ta,tamil,test,multi_hop,True,False,0.0,0.0,0.0,0.02077060332329653
1 no schema linking (random),IB_0355_en,english,dev,multi_hop,False,False,0.0,0.0,0.0,0.04892075694855116
1 no schema linking (random),IB_0355_hi,hindi,dev,multi_hop,False,False,0.0,0.0,0.0,0.02355122609035097
1 no schema linking (random),IB_0355_hing,hinglish,dev,multi_hop,False,False,0.0,0.3333333333333333,0.3333333333333333,0.12295844969112295
1 no schema linking (random),IB_0355_ta,tamil,dev,multi_hop,False,False,0.0,0.0,0.0,0.04339225589225589
1 no schema linking (random),IB_0356_en,english,test,multi_hop,False,False,0.0,0.0,0.0,0.02115707498303147
1 no schema linking (random),IB_0356_hi,hindi,test,multi_hop,False,False,0.0,0.0,0.0,0.02869920891765552
1 no schema linking (random),IB_0356_hing,hinglish,test,multi_hop,False,False,0.0,0.0,0.3333333333333333,0.07716022579244464
1 no schema linking (random),IB_0356_ta,tamil,test,multi_hop,False,False,0.0,0.0,0.0,0.03194583194583194
1 no schema linking (random),IB_0357_en,english,hard_test,multi_hop,False,False,0.3333333333333333,0.3333333333333333,0.3333333333333333,0.3482012478428249
1 no schema linking (random),IB_0357_hi,hindi,hard_test,multi_hop,False,False,0.0,0.0,0.0,0.01713144978928975
1 no schema linking (random),IB_0357_hing,hinglish,hard_test,multi_hop,False,True,0.0,0.0,0.0,0.03302121383615441
1 no schema linking (random),IB_0357_ta,tamil,hard_test,multi_hop,True,True,0.0,0.0,0.0,0.025396825396825393
1 no schema linking (random),IB_0358_en,english,hard_test,multi_hop,False,True,0.0,0.0,0.0,0.013888888888888888
1 no schema linking (random),IB_0358_hi,hindi,hard_test,multi_hop,False,True,0.0,0.0,0.0,0.037037037037037035
1 no schema linking (random),IB_0358_hing,hinglish,hard_test,multi_hop,True,True,0.0,0.0,0.0,0.010101010101010102
1 no schema linking (random),IB_0358_ta,tamil,hard_test,multi_hop,False,False,0.0,0.0,1.0,0.25
1 no schema linking (random),IB_0359_en,english,test,multi_hop,True,False,0.0,0.0,0.0,0.01282051282051282
1 no schema linking (random),IB_0359_hi,hindi,test,multi_hop,True,False,0.0,0.0,0.0,0.014925373134328358
1 no schema linking (random),IB_0359_hing,hinglish,test,multi_hop,True,False,0.0,0.0,0.0,0.04
1 no schema linking (random),IB_0359_ta,tamil,test,multi_hop,True,False,0.0,0.0,0.0,0.021739130434782608
1 no schema linking (random),IB_0360_en,english,test,multi_hop,False,False,0.0,0.0,0.0,0.14285714285714285
1 no schema linking (random),IB_0360_hi,hindi,test,multi_hop,True,False,0.0,0.0,0.0,0.010869565217391304
1 no schema linking (random),IB_0360_hing,hinglish,test,multi_hop,False,False,0.0,0.0,0.0,0.012658227848101266
1 no schema linking (random),IB_0360_ta,tamil,test,multi_hop,True,False,0.0,0.0,0.0,0.027777777777777776
1 no schema linking (random),IB_0362_en,english,hard_test,multi_hop,False,False,0.0,0.0,0.0,0.011904761904761904
1 no schema linking (random),IB_0362_hi,hindi,hard_test,multi_hop,True,True,0.0,0.0,0.0,0.010416666666666666
1 no schema linking (random),IB_0362_hing,hinglish,hard_test,multi_hop,True,False,0.0,0.0,0.0,0.011764705882352941
1 no schema linking (random),IB_0362_ta,tamil,hard_test,multi_hop,True,True,0.0,0.0,0.0,0.011494252873563218
1 no schema linking (random),IB_0363_en,english,hard_test,multi_hop,False,True,0.0,0.0,0.0,0.024390243902439025
1 no schema linking (random),IB_0363_hi,hindi,hard_test,multi_hop,True,True,0.0,0.0,0.0,0.010638297872340425
1 no schema linking (random),IB_0363_hing,hinglish,hard_test,multi_hop,False,False,0.0,0.0,0.0,0.02564102564102564
1 no schema linking (random),IB_0363_ta,tamil,hard_test,multi_hop,False,True,0.0,0.0,0.0,0.027777777777777776
1 no schema linking (random),IB_0365_en,english,hard_test,multi_hop,True,False,0.0,0.0,0.0,0.016817410966647822
1 no schema linking (random),IB_0365_hi,hindi,hard_test,multi_hop,True,True,0.0,0.0,0.0,0.02000702000702001
1 no schema linking (random),IB_0365_hing,hinglish,hard_test,multi_hop,True,True,0.0,0.0,0.0,0.041666666666666664
1 no schema linking (random),IB_0365_ta,tamil,hard_test,multi_hop,True,False,0.0,0.0,0.0,0.019960474308300395
1 no schema linking (random),IB_0366_en,english,dev,multi_hop,False,False,0.0,0.0,0.0,0.04772727272727273
1 no schema linking (random),IB_0366_hi,hindi,dev,multi_hop,False,False,0.0,0.0,0.0,0.05714285714285714
1 no schema linking (random),IB_0366_hing,hinglish,dev,multi_hop,False,False,0.0,0.0,0.0,0.01728110599078341
1 no schema linking (random),IB_0366_ta,tamil,dev,multi_hop,False,False,0.0,0.0,0.0,0.018219218336761683
1 no schema linking (random),IB_0367_en,english,dev,multi_hop,False,False,0.0,0.0,0.0,0.023734885803851323
1 no schema linking (random),IB_0367_hi,hindi,dev,multi_hop,False,False,0.0,0.0,0.0,0.018139661756683034
1 no schema linking (random),IB_0367_hing,hinglish,dev,multi_hop,False,False,0.0,0.5,0.5,0.2569444444444444
1 no schema linking (random),IB_0367_ta,tamil,dev,multi_hop,False,False,0.0,0.0,0.0,0.024479166666666666
1 no schema linking (random),IB_0368_en,english,dev,multi_hop,False,False,0.0,0.0,0.0,0.037500000000000006
1 no schema linking (random),IB_0368_hi,hindi,dev,multi_hop,False,False,0.0,0.0,0.0,0.052564102564102565
1 no schema linking (random),IB_0368_hing,hinglish,dev,multi_hop,False,False,0.0,0.0,0.0,0.019568151147098513
1 no schema linking (random),IB_0368_ta,tamil,dev,multi_hop,False,False,0.0,0.0,0.0,0.012758397932816537
1 no schema linking (random),IB_0371_en,english,test,multi_hop,True,False,0.0,0.0,0.0,0.039473684210526314
1 no schema linking (random),IB_0371_hi,hindi,test,multi_hop,True,False,0.0,0.0,0.0,0.04159663865546218
1 no schema linking (random),IB_0371_hing,hinglish,test,multi_hop,False,False,0.0,0.0,0.0,0.011807261807261809
1 no schema linking (random),IB_0371_ta,tamil,test,multi_hop,True,False,0.0,0.0,0.0,0.028125
2 BM25,IB_0001_en,english,test,filtered_aggregate,True,False,0.0,1.0,1.0,0.3333333333333333
2 BM25,IB_0001_hi,hindi,test,filtered_aggregate,False,False,0.0,0.0,0.0,0.011235955056179775
2 BM25,IB_0001_hing,hinglish,test,filtered_aggregate,False,False,0.0,1.0,1.0,0.3333333333333333
2 BM25,IB_0001_ta,tamil,test,filtered_aggregate,True,False,0.0,0.0,0.0,0.011235955056179775
2 BM25,IB_0002_en,english,dev,filtered_aggregate,False,False,0.0,1.0,1.0,0.3333333333333333
2 BM25,IB_0002_hi,hindi,dev,filtered_aggregate,False,False,0.0,0.0,0.0,0.01098901098901099
2 BM25,IB_0002_hing,hinglish,dev,filtered_aggregate,False,False,0.0,1.0,1.0,0.3333333333333333
2 BM25,IB_0002_ta,tamil,dev,filtered_aggregate,False,False,0.0,0.0,0.0,0.01098901098901099
2 BM25,IB_0004_en,english,hard_test,filtered_aggregate,True,True,0.0,1.0,1.0,0.3333333333333333
2 BM25,IB_0004_hi,hindi,hard_test,filtered_aggregate,True,True,0.0,0.0,0.0,0.01098901098901099
2 BM25,IB_0004_hing,hinglish,hard_test,filtered_aggregate,False,True,0.0,1.0,1.0,0.3333333333333333
2 BM25,IB_0004_ta,tamil,hard_test,filtered_aggregate,True,False,0.0,0.0,0.0,0.01098901098901099
2 BM25,IB_0007_en,english,dev,filtered_aggregate,False,False,0.0,1.0,1.0,0.3333333333333333
2 BM25,IB_0007_hi,hindi,dev,filtered_aggregate,False,False,0.0,0.0,0.0,0.01098901098901099
2 BM25,IB_0007_hing,hinglish,dev,filtered_aggregate,False,False,0.0,1.0,1.0,0.3333333333333333
2 BM25,IB_0007_ta,tamil,dev,filtered_aggregate,False,False,0.0,0.0,0.0,0.01098901098901099
2 BM25,IB_0009_en,english,dev,filtered_aggregate,False,False,1.0,1.0,1.0,1.0
2 BM25,IB_0009_hi,hindi,dev,filtered_aggregate,False,False,0.0,0.0,0.0,0.011235955056179775
2 BM25,IB_0009_hing,hinglish,dev,filtered_aggregate,False,False,0.0,1.0,1.0,0.3333333333333333
2 BM25,IB_0009_ta,tamil,dev,filtered_aggregate,False,False,0.0,0.0,0.0,0.011235955056179775
2 BM25,IB_0010_en,english,test,filtered_aggregate,False,False,0.0,1.0,1.0,0.3333333333333333
2 BM25,IB_0010_hi,hindi,test,filtered_aggregate,False,False,0.0,0.0,0.0,0.01098901098901099
2 BM25,IB_0010_hing,hinglish,test,filtered_aggregate,True,False,0.0,0.0,0.0,0.02127659574468085
2 BM25,IB_0010_ta,tamil,test,filtered_aggregate,True,False,0.0,0.0,0.0,0.01098901098901099
2 BM25,IB_0011_en,english,hard_test,cross_year,False,True,1.0,1.0,1.0,1.0
2 BM25,IB_0011_hi,hindi,hard_test,cross_year,True,True,0.0,0.0,0.0,0.013888888888888888
2 BM25,IB_0011_hing,hinglish,hard_test,cross_year,True,True,1.0,1.0,1.0,1.0
2 BM25,IB_0011_ta,tamil,hard_test,cross_year,True,False,0.0,0.0,0.0,0.013888888888888888
2 BM25,IB_0012_en,english,dev,cross_year,False,False,1.0,1.0,1.0,1.0
2 BM25,IB_0012_hi,hindi,dev,cross_year,False,False,0.0,0.0,0.0,0.013513513513513514
2 BM25,IB_0012_hing,hinglish,dev,cross_year,False,False,1.0,1.0,1.0,1.0
2 BM25,IB_0012_ta,tamil,dev,cross_year,False,False,0.0,0.0,0.0,0.013513513513513514
2 BM25,IB_0015_en,english,hard_test,cross_year,True,False,1.0,1.0,1.0,1.0
2 BM25,IB_0015_hi,hindi,hard_test,cross_year,True,True,0.0,0.0,0.0,0.013888888888888888
2 BM25,IB_0015_hing,hinglish,hard_test,cross_year,False,True,1.0,1.0,1.0,1.0
2 BM25,IB_0015_ta,tamil,hard_test,cross_year,True,True,0.0,0.0,0.0,0.013888888888888888
2 BM25,IB_0016_en,english,dev,cross_year,False,False,0.0,0.0,0.0,0.14285714285714285
2 BM25,IB_0016_hi,hindi,dev,cross_year,False,False,0.0,0.0,0.0,0.013513513513513514
2 BM25,IB_0016_hing,hinglish,dev,cross_year,False,False,1.0,1.0,1.0,1.0
2 BM25,IB_0016_ta,tamil,dev,cross_year,False,False,0.0,0.0,0.0,0.013513513513513514
2 BM25,IB_0017_en,english,test,cross_year,True,False,1.0,1.0,1.0,1.0
2 BM25,IB_0017_hi,hindi,test,cross_year,True,False,0.0,0.0,0.0,0.013888888888888888
2 BM25,IB_0017_hing,hinglish,test,cross_year,True,False,1.0,1.0,1.0,1.0
2 BM25,IB_0017_ta,tamil,test,cross_year,False,False,0.0,0.0,0.0,0.013888888888888888
2 BM25,IB_0018_en,english,test,cross_year,True,False,1.0,1.0,1.0,1.0
2 BM25,IB_0018_hi,hindi,test,cross_year,False,False,0.0,0.0,0.0,0.013888888888888888
2 BM25,IB_0018_hing,hinglish,test,cross_year,True,False,1.0,1.0,1.0,1.0
2 BM25,IB_0018_ta,tamil,test,cross_year,True,False,0.0,0.0,0.0,0.013888888888888888
2 BM25,IB_0021_en,english,test,cross_year,True,False,1.0,1.0,1.0,1.0
2 BM25,IB_0021_hi,hindi,test,cross_year,True,False,0.0,0.0,0.0,0.013513513513513514
2 BM25,IB_0021_hing,hinglish,test,cross_year,True,False,1.0,1.0,1.0,1.0
2 BM25,IB_0021_ta,tamil,test,cross_year,True,False,0.0,0.0,0.0,0.013513513513513514
2 BM25,IB_0022_en,english,hard_test,cross_year,True,False,1.0,1.0,1.0,1.0
2 BM25,IB_0022_hi,hindi,hard_test,cross_year,True,True,0.0,0.0,0.0,0.013513513513513514
2 BM25,IB_0022_hing,hinglish,hard_test,cross_year,True,True,1.0,1.0,1.0,1.0
2 BM25,IB_0022_ta,tamil,hard_test,cross_year,False,True,0.0,0.0,0.0,0.013513513513513514
2 BM25,IB_0025_en,english,dev,multi_hop,False,False,1.0,1.0,1.0,1.0
2 BM25,IB_0025_hi,hindi,dev,multi_hop,False,False,0.0,0.0,0.0,0.013888888888888888
2 BM25,IB_0025_hing,hinglish,dev,multi_hop,False,False,1.0,1.0,1.0,1.0
2 BM25,IB_0025_ta,tamil,dev,multi_hop,False,False,0.0,0.0,0.0,0.013888888888888888
2 BM25,IB_0026_en,english,dev,multi_hop,False,False,1.0,1.0,1.0,1.0
2 BM25,IB_0026_hi,hindi,dev,multi_hop,False,False,0.0,0.0,0.0,0.013888888888888888
2 BM25,IB_0026_hing,hinglish,dev,multi_hop,False,False,0.0,1.0,1.0,0.5
2 BM25,IB_0026_ta,tamil,dev,multi_hop,False,False,0.0,0.0,0.0,0.013888888888888888
2 BM25,IB_0029_en,english,dev,multi_hop,False,False,1.0,1.0,1.0,1.0
2 BM25,IB_0029_hi,hindi,dev,multi_hop,False,False,0.0,0.0,0.0,0.013513513513513514
2 BM25,IB_0029_hing,hinglish,dev,multi_hop,False,False,1.0,1.0,1.0,1.0
2 BM25,IB_0029_ta,tamil,dev,multi_hop,False,False,0.0,0.0,0.0,0.013513513513513514
2 BM25,IB_0034_en,english,dev,filtered_aggregate,False,False,0.0,0.0,0.0,0.09090909090909091
2 BM25,IB_0034_hi,hindi,dev,filtered_aggregate,False,False,0.0,0.0,0.0,0.013888888888888888
2 BM25,IB_0034_hing,hinglish,dev,filtered_aggregate,False,False,1.0,1.0,1.0,1.0
2 BM25,IB_0034_ta,tamil,dev,filtered_aggregate,False,False,0.0,0.0,0.0,0.0136986301369863
2 BM25,IB_0035_en,english,dev,filtered_aggregate,False,False,0.0,0.0,0.0,0.125
2 BM25,IB_0035_hi,hindi,dev,filtered_aggregate,False,False,0.0,0.0,0.0,0.013888888888888888
2 BM25,IB_0035_hing,hinglish,dev,filtered_aggregate,False,False,1.0,1.0,1.0,1.0
2 BM25,IB_0035_ta,tamil,dev,filtered_aggregate,False,False,0.0,0.0,0.0,0.013888888888888888
2 BM25,IB_0036_en,english,hard_test,filtered_aggregate,True,True,0.0,0.0,0.0,0.09090909090909091
2 BM25,IB_0036_hi,hindi,hard_test,filtered_aggregate,False,True,0.0,0.0,0.0,0.013513513513513514
2 BM25,IB_0036_hing,hinglish,hard_test,filtered_aggregate,True,True,1.0,1.0,1.0,1.0
2 BM25,IB_0036_ta,tamil,hard_test,filtered_aggregate,True,True,0.0,0.0,0.0,0.013513513513513514
2 BM25,IB_0037_en,english,test,filtered_aggregate,True,False,1.0,1.0,1.0,1.0
2 BM25,IB_0037_hi,hindi,test,filtered_aggregate,True,False,0.0,0.0,0.0,0.013513513513513514
2 BM25,IB_0037_hing,hinglish,test,filtered_aggregate,False,False,1.0,1.0,1.0,1.0
2 BM25,IB_0037_ta,tamil,test,filtered_aggregate,False,False,0.0,0.0,0.0,0.013513513513513514
2 BM25,IB_0045_en,english,hard_test,filtered_aggregate,True,True,0.0,0.0,0.0,0.16666666666666666
2 BM25,IB_0045_hi,hindi,hard_test,filtered_aggregate,True,True,0.0,0.0,0.0,0.013888888888888888
2 BM25,IB_0045_hing,hinglish,hard_test,filtered_aggregate,True,True,1.0,1.0,1.0,1.0
2 BM25,IB_0045_ta,tamil,hard_test,filtered_aggregate,True,True,0.0,0.0,0.0,0.013888888888888888
2 BM25,IB_0047_en,english,test,filtered_aggregate,True,False,0.0,0.0,0.0,0.07692307692307693
2 BM25,IB_0047_hi,hindi,test,filtered_aggregate,True,False,0.0,0.0,0.0,0.013888888888888888
2 BM25,IB_0047_hing,hinglish,test,filtered_aggregate,True,False,1.0,1.0,1.0,1.0
2 BM25,IB_0047_ta,tamil,test,filtered_aggregate,False,False,0.0,0.0,0.0,0.013888888888888888
2 BM25,IB_0048_en,english,test,filtered_aggregate,False,False,0.0,0.0,0.0,0.07692307692307693
2 BM25,IB_0048_hi,hindi,test,filtered_aggregate,False,False,0.0,0.0,0.0,0.013888888888888888
2 BM25,IB_0048_hing,hinglish,test,filtered_aggregate,False,False,1.0,1.0,1.0,1.0
2 BM25,IB_0048_ta,tamil,test,filtered_aggregate,True,False,0.0,0.0,0.0,0.013888888888888888
2 BM25,IB_0050_en,english,test,filtered_aggregate,True,False,1.0,1.0,1.0,1.0
2 BM25,IB_0050_hi,hindi,test,filtered_aggregate,True,False,0.0,0.0,0.0,0.013888888888888888
2 BM25,IB_0050_hing,hinglish,test,filtered_aggregate,False,False,1.0,1.0,1.0,1.0
2 BM25,IB_0050_ta,tamil,test,filtered_aggregate,True,False,0.0,0.0,0.0,0.013888888888888888
2 BM25,IB_0051_en,english,test,filtered_aggregate,True,False,1.0,1.0,1.0,1.0
2 BM25,IB_0051_hi,hindi,test,filtered_aggregate,False,False,0.0,0.0,0.0,0.013888888888888888
2 BM25,IB_0051_hing,hinglish,test,filtered_aggregate,False,False,1.0,1.0,1.0,1.0
2 BM25,IB_0051_ta,tamil,test,filtered_aggregate,True,False,0.0,0.0,0.0,0.013888888888888888
2 BM25,IB_0052_en,english,dev,filtered_aggregate,False,False,1.0,1.0,1.0,1.0
2 BM25,IB_0052_hi,hindi,dev,filtered_aggregate,False,False,0.0,0.0,0.0,0.013513513513513514
2 BM25,IB_0052_hing,hinglish,dev,filtered_aggregate,False,False,1.0,1.0,1.0,1.0
2 BM25,IB_0052_ta,tamil,dev,filtered_aggregate,False,False,0.0,0.0,0.0,0.013513513513513514
2 BM25,IB_0053_en,english,test,filtered_aggregate,True,False,0.0,0.0,0.0,0.1111111111111111
2 BM25,IB_0053_hi,hindi,test,filtered_aggregate,True,False,0.0,0.0,0.0,0.013513513513513514
2 BM25,IB_0053_hing,hinglish,test,filtered_aggregate,True,False,0.0,1.0,1.0,0.5
2 BM25,IB_0053_ta,tamil,test,filtered_aggregate,True,False,0.0,0.0,0.0,0.013513513513513514
2 BM25,IB_0055_en,english,dev,cross_year,False,False,1.0,1.0,1.0,1.0
2 BM25,IB_0055_hi,hindi,dev,cross_year,False,False,0.0,0.0,0.0,0.013513513513513514
2 BM25,IB_0055_hing,hinglish,dev,cross_year,False,False,1.0,1.0,1.0,1.0
2 BM25,IB_0055_ta,tamil,dev,cross_year,False,False,0.0,0.0,0.0,0.013513513513513514
2 BM25,IB_0056_en,english,hard_test,cross_year,True,True,0.0,0.0,0.0,0.125
2 BM25,IB_0056_hi,hindi,hard_test,cross_year,True,True,0.0,0.0,0.0,0.013888888888888888
2 BM25,IB_0056_hing,hinglish,hard_test,cross_year,True,True,1.0,1.0,1.0,1.0
2 BM25,IB_0056_ta,tamil,hard_test,cross_year,True,False,0.0,0.0,0.0,0.013888888888888888
2 BM25,IB_0057_en,english,hard_test,cross_year,True,False,0.0,0.0,0.0,0.125
2 BM25,IB_0057_hi,hindi,hard_test,cross_year,True,True,0.0,0.0,0.0,0.013513513513513514
2 BM25,IB_0057_hing,hinglish,hard_test,cross_year,True,False,1.0,1.0,1.0,1.0
2 BM25,IB_0057_ta,tamil,hard_test,cross_year,True,True,0.0,0.0,0.0,0.013513513513513514
2 BM25,IB_0060_en,english,test,cross_year,True,False,0.0,1.0,1.0,0.3333333333333333
2 BM25,IB_0060_hi,hindi,test,cross_year,True,False,0.0,0.0,0.0,0.013513513513513514
2 BM25,IB_0060_hing,hinglish,test,cross_year,False,False,1.0,1.0,1.0,1.0
2 BM25,IB_0060_ta,tamil,test,cross_year,True,False,0.0,0.0,0.0,0.013513513513513514
2 BM25,IB_0065_en,english,test,filtered_aggregate,True,False,0.0,1.0,1.0,0.5
2 BM25,IB_0065_hi,hindi,test,filtered_aggregate,True,False,0.0,0.0,0.0,0.016666666666666666
2 BM25,IB_0065_hing,hinglish,test,filtered_aggregate,True,False,0.0,0.0,0.0,0.014492753623188406
2 BM25,IB_0065_ta,tamil,test,filtered_aggregate,False,False,0.0,0.0,0.0,0.016666666666666666
2 BM25,IB_0067_en,english,test,filtered_aggregate,False,False,1.0,1.0,1.0,1.0
2 BM25,IB_0067_hi,hindi,test,filtered_aggregate,True,False,0.0,1.0,1.0,0.3333333333333333
2 BM25,IB_0067_hing,hinglish,test,filtered_aggregate,True,False,0.0,0.0,1.0,0.2
2 BM25,IB_0067_ta,tamil,test,filtered_aggregate,True,False,0.0,1.0,1.0,0.3333333333333333
2 BM25,IB_0068_en,english,test,filtered_aggregate,True,False,0.0,1.0,1.0,0.5
2 BM25,IB_0068_hi,hindi,test,filtered_aggregate,False,False,0.0,0.0,0.0,0.016666666666666666
2 BM25,IB_0068_hing,hinglish,test,filtered_aggregate,True,False,0.0,0.0,0.0,0.014492753623188406
2 BM25,IB_0068_ta,tamil,test,filtered_aggregate,True,False,0.0,0.0,0.0,0.016666666666666666
2 BM25,IB_0071_en,english,hard_test,filtered_aggregate,True,False,0.0,1.0,1.0,0.5
2 BM25,IB_0071_hi,hindi,hard_test,filtered_aggregate,False,False,0.0,1.0,1.0,0.3333333333333333
2 BM25,IB_0071_hing,hinglish,hard_test,filtered_aggregate,True,True,0.0,0.0,0.0,0.014492753623188406
2 BM25,IB_0071_ta,tamil,hard_test,filtered_aggregate,True,True,0.0,1.0,1.0,0.3333333333333333
2 BM25,IB_0077_en,english,hard_test,cross_year,True,True,1.0,1.0,1.0,1.0
2 BM25,IB_0077_hi,hindi,hard_test,cross_year,True,False,0.0,0.0,0.0,0.013513513513513514
2 BM25,IB_0077_hing,hinglish,hard_test,cross_year,True,True,0.0,0.0,0.0,0.013513513513513514
2 BM25,IB_0077_ta,tamil,hard_test,cross_year,True,True,0.0,0.0,0.0,0.013888888888888888
2 BM25,IB_0078_en,english,test,cross_year,True,False,1.0,1.0,1.0,1.0
2 BM25,IB_0078_hi,hindi,test,cross_year,True,False,0.0,0.0,0.0,0.013888888888888888
2 BM25,IB_0078_hing,hinglish,test,cross_year,True,False,0.0,0.0,0.0,0.013157894736842105
2 BM25,IB_0078_ta,tamil,test,cross_year,True,False,0.0,0.0,0.0,0.013888888888888888
2 BM25,IB_0079_en,english,hard_test,cross_year,True,True,1.0,1.0,1.0,1.0
2 BM25,IB_0079_hi,hindi,hard_test,cross_year,True,True,0.0,0.0,0.0,0.013513513513513514
2 BM25,IB_0079_hing,hinglish,hard_test,cross_year,True,True,0.0,0.0,0.0,0.013157894736842105
2 BM25,IB_0079_ta,tamil,hard_test,cross_year,False,True,0.0,0.0,0.0,0.013513513513513514
2 BM25,IB_0080_en,english,hard_test,cross_year,True,True,1.0,1.0,1.0,1.0
2 BM25,IB_0080_hi,hindi,hard_test,cross_year,True,True,0.0,0.0,0.0,0.013513513513513514
2 BM25,IB_0080_hing,hinglish,hard_test,cross_year,True,True,0.0,0.0,0.0,0.012987012987012988
2 BM25,IB_0080_ta,tamil,hard_test,cross_year,True,True,0.0,0.0,0.0,0.013513513513513514
2 BM25,IB_0081_en,english,dev,filtered_aggregate,False,False,0.0,1.0,1.0,0.3333333333333333
2 BM25,IB_0081_hi,hindi,dev,filtered_aggregate,False,False,0.0,0.0,0.0,0.011235955056179775
2 BM25,IB_0081_hing,hinglish,dev,filtered_aggregate,False,False,0.0,1.0,1.0,0.3333333333333333
2 BM25,IB_0081_ta,tamil,dev,filtered_aggregate,False,False,0.0,0.0,0.0,0.011235955056179775
2 BM25,IB_0082_en,english,dev,filtered_aggregate,False,False,0.0,0.0,1.0,0.25
2 BM25,IB_0082_hi,hindi,dev,filtered_aggregate,False,False,0.0,0.0,0.0,0.011235955056179775
2 BM25,IB_0082_hing,hinglish,dev,filtered_aggregate,False,False,0.0,0.0,0.0,0.010638297872340425
2 BM25,IB_0082_ta,tamil,dev,filtered_aggregate,False,False,0.0,0.0,0.0,0.011235955056179775
2 BM25,IB_0083_en,english,dev,filtered_aggregate,False,False,0.0,1.0,1.0,0.3333333333333333
2 BM25,IB_0083_hi,hindi,dev,filtered_aggregate,False,False,0.0,0.0,1.0,0.25
2 BM25,IB_0083_hing,hinglish,dev,filtered_aggregate,False,False,0.0,0.0,1.0,0.2
2 BM25,IB_0083_ta,tamil,dev,filtered_aggregate,False,False,0.0,0.0,1.0,0.25
2 BM25,IB_0085_en,english,dev,filtered_aggregate,False,False,0.0,0.0,1.0,0.25
2 BM25,IB_0085_hi,hindi,dev,filtered_aggregate,False,False,0.0,0.0,0.0,0.011235955056179775
2 BM25,IB_0085_hing,hinglish,dev,filtered_aggregate,False,False,0.0,0.0,1.0,0.25
2 BM25,IB_0085_ta,tamil,dev,filtered_aggregate,False,False,0.0,0.0,0.0,0.011235955056179775
2 BM25,IB_0087_en,english,test,filtered_aggregate,True,False,0.0,1.0,1.0,0.3333333333333333
2 BM25,IB_0087_hi,hindi,test,filtered_aggregate,True,False,0.0,0.0,1.0,0.25
2 BM25,IB_0087_hing,hinglish,test,filtered_aggregate,False,False,0.0,1.0,1.0,0.3333333333333333
2 BM25,IB_0087_ta,tamil,test,filtered_aggregate,True,False,0.0,0.0,1.0,0.25
2 BM25,IB_0089_en,english,dev,cross_year,False,False,0.0,0.0,0.0,0.015873015873015872
2 BM25,IB_0089_hi,hindi,dev,cross_year,False,False,0.0,0.0,0.0,0.017241379310344827
2 BM25,IB_0089_hing,hinglish,dev,cross_year,False,False,0.0,0.0,0.0,0.1
2 BM25,IB_0089_ta,tamil,dev,cross_year,False,False,0.0,0.0,0.0,0.017241379310344827
2 BM25,IB_0090_en,english,hard_test,cross_year,True,False,0.0,0.0,1.0,0.25
2 BM25,IB_0090_hi,hindi,hard_test,cross_year,True,True,0.0,0.0,0.0,0.01818181818181818
2 BM25,IB_0090_hing,hinglish,hard_test,cross_year,True,True,0.0,0.0,0.0,0.05
2 BM25,IB_0090_ta,tamil,hard_test,cross_year,False,True,0.0,0.0,0.0,0.01818181818181818
2 BM25,IB_0093_en,english,test,cross_year,True,False,0.0,0.0,0.0,0.07692307692307693
2 BM25,IB_0093_hi,hindi,test,cross_year,True,False,0.0,0.0,0.0,0.01694915254237288
2 BM25,IB_0093_hing,hinglish,test,cross_year,True,False,1.0,1.0,1.0,1.0
2 BM25,IB_0093_ta,tamil,test,cross_year,True,False,0.0,0.0,0.0,0.01694915254237288
2 BM25,IB_0097_en,english,test,simple_lookup,True,False,0.0,0.0,0.0,0.034482758620689655
2 BM25,IB_0097_hi,hindi,test,simple_lookup,True,False,0.0,0.0,0.0,0.02127659574468085
2 BM25,IB_0097_hing,hinglish,test,simple_lookup,False,False,1.0,1.0,1.0,1.0
2 BM25,IB_0097_ta,tamil,test,simple_lookup,True,False,0.0,0.0,0.0,0.02127659574468085
2 BM25,IB_0099_en,english,test,simple_lookup,True,False,0.0,0.0,0.0,0.1111111111111111
2 BM25,IB_0099_hi,hindi,test,simple_lookup,False,False,0.0,0.0,0.0,0.02127659574468085
2 BM25,IB_0099_hing,hinglish,test,simple_lookup,True,False,0.0,1.0,1.0,0.5
2 BM25,IB_0099_ta,tamil,test,simple_lookup,True,False,0.0,0.0,0.0,0.02127659574468085
2 BM25,IB_0100_en,english,dev,simple_lookup,False,False,0.0,0.0,0.0,0.043478260869565216
2 BM25,IB_0100_hi,hindi,dev,simple_lookup,False,False,0.0,0.0,0.0,0.02127659574468085
2 BM25,IB_0100_hing,hinglish,dev,simple_lookup,False,False,1.0,1.0,1.0,1.0
2 BM25,IB_0100_ta,tamil,dev,simple_lookup,False,False,0.0,0.0,0.0,0.02127659574468085
2 BM25,IB_0101_en,english,hard_test,simple_lookup,True,True,0.0,0.0,0.0,0.043478260869565216
2 BM25,IB_0101_hi,hindi,hard_test,simple_lookup,True,False,0.0,0.0,0.0,0.02127659574468085
2 BM25,IB_0101_hing,hinglish,hard_test,simple_lookup,True,True,0.0,0.0,0.0,0.125
2 BM25,IB_0101_ta,tamil,hard_test,simple_lookup,True,False,0.0,0.0,0.0,0.02127659574468085
2 BM25,IB_0102_en,english,hard_test,simple_lookup,False,True,0.0,0.0,1.0,0.25
2 BM25,IB_0102_hi,hindi,hard_test,simple_lookup,False,False,0.0,0.0,0.0,0.018518518518518517
2 BM25,IB_0102_hing,hinglish,hard_test,simple_lookup,True,True,0.0,0.0,0.0,0.01818181818181818
2 BM25,IB_0102_ta,tamil,hard_test,simple_lookup,True,True,0.0,0.0,0.0,0.018518518518518517
2 BM25,IB_0107_en,english,hard_test,simple_lookup,True,True,1.0,1.0,1.0,1.0
2 BM25,IB_0107_hi,hindi,hard_test,simple_lookup,False,True,0.0,0.0,0.0,0.015625
2 BM25,IB_0107_hing,hinglish,hard_test,simple_lookup,True,True,0.0,1.0,1.0,0.5
2 BM25,IB_0107_ta,tamil,hard_test,simple_lookup,False,True,0.0,0.0,0.0,0.015625
2 BM25,IB_0110_en,english,test,simple_lookup,True,False,1.0,1.0,1.0,1.0
2 BM25,IB_0110_hi,hindi,test,simple_lookup,True,False,0.0,0.0,0.0,0.01694915254237288
2 BM25,IB_0110_hing,hinglish,test,simple_lookup,False,False,1.0,1.0,1.0,1.0
2 BM25,IB_0110_ta,tamil,test,simple_lookup,True,False,0.0,0.0,0.0,0.016129032258064516
2 BM25,IB_0112_en,english,test,filtered_aggregate,True,False,1.0,1.0,1.0,1.0
2 BM25,IB_0112_hi,hindi,test,filtered_aggregate,False,False,0.0,0.0,0.0,0.01694915254237288
2 BM25,IB_0112_hing,hinglish,test,filtered_aggregate,False,False,0.0,0.0,0.0,0.02
2 BM25,IB_0112_ta,tamil,test,filtered_aggregate,True,False,0.0,0.0,0.0,0.01694915254237288
2 BM25,IB_0114_en,english,test,filtered_aggregate,True,False,1.0,1.0,1.0,1.0
2 BM25,IB_0114_hi,hindi,test,filtered_aggregate,True,False,0.0,0.0,0.0,0.016129032258064516
2 BM25,IB_0114_hing,hinglish,test,filtered_aggregate,False,False,1.0,1.0,1.0,1.0
2 BM25,IB_0114_ta,tamil,test,filtered_aggregate,True,False,0.0,0.0,0.0,0.016129032258064516
2 BM25,IB_0115_en,english,test,filtered_aggregate,True,False,1.0,1.0,1.0,1.0
2 BM25,IB_0115_hi,hindi,test,filtered_aggregate,True,False,0.0,0.0,0.0,0.016129032258064516
2 BM25,IB_0115_hing,hinglish,test,filtered_aggregate,True,False,1.0,1.0,1.0,1.0
2 BM25,IB_0115_ta,tamil,test,filtered_aggregate,False,False,0.0,0.0,0.0,0.016129032258064516
2 BM25,IB_0116_en,english,hard_test,filtered_aggregate,False,True,1.0,1.0,1.0,1.0
2 BM25,IB_0116_hi,hindi,hard_test,filtered_aggregate,True,False,0.0,0.0,0.0,0.016129032258064516
2 BM25,IB_0116_hing,hinglish,hard_test,filtered_aggregate,True,True,1.0,1.0,1.0,1.0
2 BM25,IB_0116_ta,tamil,hard_test,filtered_aggregate,True,True,0.0,0.0,0.0,0.016129032258064516
2 BM25,IB_0117_en,english,test,filtered_aggregate,False,False,1.0,1.0,1.0,1.0
2 BM25,IB_0117_hi,hindi,test,filtered_aggregate,True,False,0.0,0.0,0.0,0.016129032258064516
2 BM25,IB_0117_hing,hinglish,test,filtered_aggregate,False,False,0.0,0.0,0.0,0.02702702702702703
2 BM25,IB_0117_ta,tamil,test,filtered_aggregate,False,False,0.0,0.0,0.0,0.016129032258064516
2 BM25,IB_0119_en,english,test,filtered_aggregate,True,False,1.0,1.0,1.0,1.0
2 BM25,IB_0119_hi,hindi,test,filtered_aggregate,True,False,0.0,0.0,0.0,0.016129032258064516
2 BM25,IB_0119_hing,hinglish,test,filtered_aggregate,False,False,1.0,1.0,1.0,1.0
2 BM25,IB_0119_ta,tamil,test,filtered_aggregate,False,False,0.0,0.0,0.0,0.016129032258064516
2 BM25,IB_0120_en,english,test,multi_hop,True,False,0.5,0.5,0.5,0.5625
2 BM25,IB_0120_hi,hindi,test,multi_hop,True,False,0.0,0.0,0.0,0.01537744641192917
2 BM25,IB_0120_hing,hinglish,test,multi_hop,True,False,0.0,0.0,0.0,0.023123732251521298
2 BM25,IB_0120_ta,tamil,test,multi_hop,True,False,0.0,0.0,0.0,0.016035353535353535
2 BM25,IB_0121_en,english,hard_test,multi_hop,True,True,0.0,0.0,0.5,0.1467391304347826
2 BM25,IB_0121_hi,hindi,hard_test,multi_hop,True,True,0.0,0.0,0.0,0.01537744641192917
2 BM25,IB_0121_hing,hinglish,hard_test,multi_hop,False,True,0.5,1.0,1.0,0.6666666666666666
2 BM25,IB_0121_ta,tamil,hard_test,multi_hop,True,True,0.0,0.0,0.0,0.01537744641192917
2 BM25,IB_0122_en,english,hard_test,multi_hop,False,True,0.0,0.0,0.0,0.09583333333333333
2 BM25,IB_0122_hi,hindi,hard_test,multi_hop,False,True,0.0,0.0,0.0,0.01537744641192917
2 BM25,IB_0122_hing,hinglish,hard_test,multi_hop,False,True,0.5,0.5,0.5,0.525
2 BM25,IB_0122_ta,tamil,hard_test,multi_hop,True,True,0.0,0.0,0.0,0.01537744641192917
2 BM25,IB_0123_en,english,dev,multi_hop,False,False,0.0,0.0,0.0,0.0734126984126984
2 BM25,IB_0123_hi,hindi,dev,multi_hop,False,False,0.0,0.0,0.0,0.016035353535353535
2 BM25,IB_0123_hing,hinglish,dev,multi_hop,False,False,0.5,0.5,0.5,0.5357142857142857
2 BM25,IB_0123_ta,tamil,dev,multi_hop,False,False,0.0,0.0,0.0,0.016035353535353535
2 BM25,IB_0125_en,english,dev,multi_hop,False,False,0.0,0.0,0.0,0.05844155844155844
2 BM25,IB_0125_hi,hindi,dev,multi_hop,False,False,0.0,0.0,0.0,0.016035353535353535
2 BM25,IB_0125_hing,hinglish,dev,multi_hop,False,False,0.5,0.5,0.5,0.525
2 BM25,IB_0125_ta,tamil,dev,multi_hop,False,False,0.0,0.0,0.0,0.016035353535353535
2 BM25,IB_0126_en,english,hard_test,multi_hop,False,True,0.0,0.0,0.0,0.05844155844155844
2 BM25,IB_0126_hi,hindi,hard_test,multi_hop,True,True,0.0,0.0,0.0,0.01537744641192917
2 BM25,IB_0126_hing,hinglish,hard_test,multi_hop,True,False,0.0,0.0,0.0,0.023123732251521298
2 BM25,IB_0126_ta,tamil,hard_test,multi_hop,False,True,0.0,0.0,0.0,0.01537744641192917
2 BM25,IB_0127_en,english,dev,multi_hop,False,False,0.0,0.5,0.5,0.19047619047619047
2 BM25,IB_0127_hi,hindi,dev,multi_hop,False,False,0.0,0.0,0.0,0.01537744641192917
2 BM25,IB_0127_hing,hinglish,dev,multi_hop,False,False,0.5,0.5,0.5,0.55
2 BM25,IB_0127_ta,tamil,dev,multi_hop,False,False,0.0,0.0,0.0,0.016035353535353535
2 BM25,IB_0128_en,english,dev,filtered_aggregate,False,False,0.0,0.0,0.5,0.1607142857142857
2 BM25,IB_0128_hi,hindi,dev,filtered_aggregate,False,False,0.0,0.0,0.0,0.0339080459770115
2 BM25,IB_0128_hing,hinglish,dev,filtered_aggregate,False,False,0.5,0.5,1.0,0.625
2 BM25,IB_0128_ta,tamil,dev,filtered_aggregate,False,False,0.0,0.0,0.0,0.0339080459770115
2 BM25,IB_0129_en,english,test,filtered_aggregate,True,False,0.0,0.0,0.0,0.07386363636363637
2 BM25,IB_0129_hi,hindi,test,filtered_aggregate,True,False,0.0,0.0,0.0,0.0339080459770115
2 BM25,IB_0129_hing,hinglish,test,filtered_aggregate,False,False,0.5,0.5,0.5,0.55
2 BM25,IB_0129_ta,tamil,test,filtered_aggregate,True,False,0.0,0.0,0.0,0.0339080459770115
2 BM25,IB_0130_en,english,dev,filtered_aggregate,False,False,0.0,0.0,0.5,0.12380952380952381
2 BM25,IB_0130_hi,hindi,dev,filtered_aggregate,False,False,0.0,0.0,0.0,0.029857397504456328
2 BM25,IB_0130_hing,hinglish,dev,filtered_aggregate,False,False,0.5,0.5,1.0,0.625
2 BM25,IB_0130_ta,tamil,dev,filtered_aggregate,False,False,0.0,0.0,0.0,0.029857397504456328
2 BM25,IB_0131_en,english,dev,filtered_aggregate,False,False,0.0,0.0,0.5,0.1607142857142857
2 BM25,IB_0131_hi,hindi,dev,filtered_aggregate,False,False,0.0,0.0,0.0,0.029857397504456328
2 BM25,IB_0131_hing,hinglish,dev,filtered_aggregate,False,False,0.5,0.5,0.5,0.53125
2 BM25,IB_0131_ta,tamil,dev,filtered_aggregate,False,False,0.0,0.0,0.0,0.029857397504456328
2 BM25,IB_0132_en,english,dev,filtered_aggregate,False,False,0.0,0.0,0.5,0.13333333333333333
2 BM25,IB_0132_hi,hindi,dev,filtered_aggregate,False,False,0.0,0.0,0.0,0.029857397504456328
2 BM25,IB_0132_hing,hinglish,dev,filtered_aggregate,False,False,0.5,0.5,0.5,0.5294117647058824
2 BM25,IB_0132_ta,tamil,dev,filtered_aggregate,False,False,0.0,0.0,0.0,0.029857397504456328
2 BM25,IB_0133_en,english,dev,filtered_aggregate,False,False,0.0,0.0,0.0,0.07936507936507936
2 BM25,IB_0133_hi,hindi,dev,filtered_aggregate,False,False,0.0,0.0,0.0,0.0339080459770115
2 BM25,IB_0133_hing,hinglish,dev,filtered_aggregate,False,False,0.5,0.5,1.0,0.625
2 BM25,IB_0133_ta,tamil,dev,filtered_aggregate,False,False,0.0,0.0,0.0,0.0339080459770115
2 BM25,IB_0134_en,english,test,filtered_aggregate,True,False,0.0,0.0,0.0,0.07532051282051282
2 BM25,IB_0134_hi,hindi,test,filtered_aggregate,True,False,0.0,0.0,0.0,0.0339080459770115
2 BM25,IB_0134_hing,hinglish,test,filtered_aggregate,False,False,0.5,0.5,1.0,0.625
2 BM25,IB_0134_ta,tamil,test,filtered_aggregate,False,False,0.0,0.0,0.0,0.0339080459770115
2 BM25,IB_0135_en,english,dev,filtered_aggregate,False,False,0.0,0.0,0.0,0.07478632478632478
2 BM25,IB_0135_hi,hindi,dev,filtered_aggregate,False,False,0.0,0.0,0.0,0.029857397504456328
2 BM25,IB_0135_hing,hinglish,dev,filtered_aggregate,False,False,0.0,0.0,0.0,0.10267857142857142
2 BM25,IB_0135_ta,tamil,dev,filtered_aggregate,False,False,0.0,0.0,0.0,0.029857397504456328
2 BM25,IB_0136_en,english,test,filtered_aggregate,False,False,0.0,0.0,0.0,0.06666666666666667
2 BM25,IB_0136_hi,hindi,test,filtered_aggregate,False,False,0.0,0.0,0.0,0.013888888888888888
2 BM25,IB_0136_hing,hinglish,test,filtered_aggregate,False,False,1.0,1.0,1.0,1.0
2 BM25,IB_0136_ta,tamil,test,filtered_aggregate,True,False,0.0,0.0,0.0,0.013513513513513514
2 BM25,IB_0137_en,english,test,filtered_aggregate,True,False,1.0,1.0,1.0,1.0
2 BM25,IB_0137_hi,hindi,test,filtered_aggregate,True,False,0.0,0.0,0.0,0.013888888888888888
2 BM25,IB_0137_hing,hinglish,test,filtered_aggregate,True,False,1.0,1.0,1.0,1.0
2 BM25,IB_0137_ta,tamil,test,filtered_aggregate,False,False,0.0,0.0,0.0,0.013888888888888888
2 BM25,IB_0138_en,english,dev,filtered_aggregate,False,False,0.0,0.0,1.0,0.25
2 BM25,IB_0138_hi,hindi,dev,filtered_aggregate,False,False,0.0,0.0,0.0,0.013513513513513514
2 BM25,IB_0138_hing,hinglish,dev,filtered_aggregate,False,False,0.0,1.0,1.0,0.5
2 BM25,IB_0138_ta,tamil,dev,filtered_aggregate,False,False,0.0,0.0,0.0,0.013513513513513514
2 BM25,IB_0139_en,english,test,filtered_aggregate,True,False,1.0,1.0,1.0,1.0
2 BM25,IB_0139_hi,hindi,test,filtered_aggregate,True,False,0.0,0.0,0.0,0.013888888888888888
2 BM25,IB_0139_hing,hinglish,test,filtered_aggregate,False,False,1.0,1.0,1.0,1.0
2 BM25,IB_0139_ta,tamil,test,filtered_aggregate,True,False,0.0,0.0,0.0,0.013888888888888888
2 BM25,IB_0142_en,english,hard_test,filtered_aggregate,False,False,0.0,0.0,0.0,0.05263157894736842
2 BM25,IB_0142_hi,hindi,hard_test,filtered_aggregate,False,True,0.0,0.0,0.0,0.013513513513513514
2 BM25,IB_0142_hing,hinglish,hard_test,filtered_aggregate,True,False,1.0,1.0,1.0,1.0
2 BM25,IB_0142_ta,tamil,hard_test,filtered_aggregate,False,True,0.0,0.0,0.0,0.013513513513513514
2 BM25,IB_0143_en,english,test,filtered_aggregate,True,False,0.0,0.0,1.0,0.2
2 BM25,IB_0143_hi,hindi,test,filtered_aggregate,True,False,0.0,0.0,0.0,0.013888888888888888
2 BM25,IB_0143_hing,hinglish,test,filtered_aggregate,True,False,1.0,1.0,1.0,1.0
2 BM25,IB_0143_ta,tamil,test,filtered_aggregate,True,False,0.0,0.0,0.0,0.013888888888888888
2 BM25,IB_0145_en,english,test,filtered_aggregate,False,False,1.0,1.0,1.0,1.0
2 BM25,IB_0145_hi,hindi,test,filtered_aggregate,True,False,0.0,0.0,0.0,0.013888888888888888
2 BM25,IB_0145_hing,hinglish,test,filtered_aggregate,False,False,1.0,1.0,1.0,1.0
2 BM25,IB_0145_ta,tamil,test,filtered_aggregate,False,False,0.0,0.0,0.0,0.013888888888888888
2 BM25,IB_0146_en,english,hard_test,cross_year,True,False,1.0,1.0,1.0,1.0
2 BM25,IB_0146_hi,hindi,hard_test,cross_year,True,False,0.0,0.0,0.0,0.013888888888888888
2 BM25,IB_0146_hing,hinglish,hard_test,cross_year,True,True,1.0,1.0,1.0,1.0
2 BM25,IB_0146_ta,tamil,hard_test,cross_year,True,False,0.0,0.0,0.0,0.013888888888888888
2 BM25,IB_0147_en,english,dev,cross_year,False,False,0.0,0.0,0.0,0.07142857142857142
2 BM25,IB_0147_hi,hindi,dev,cross_year,False,False,0.0,0.0,0.0,0.013888888888888888
2 BM25,IB_0147_hing,hinglish,dev,cross_year,False,False,0.0,0.0,0.0,0.012345679012345678
2 BM25,IB_0147_ta,tamil,dev,cross_year,False,False,0.0,0.0,0.0,0.013888888888888888
2 BM25,IB_0148_en,english,hard_test,cross_year,True,False,0.0,0.0,0.0,0.14285714285714285
2 BM25,IB_0148_hi,hindi,hard_test,cross_year,True,False,0.0,0.0,0.0,0.013888888888888888
2 BM25,IB_0148_hing,hinglish,hard_test,cross_year,True,False,0.0,0.0,1.0,0.2
2 BM25,IB_0148_ta,tamil,hard_test,cross_year,True,True,0.0,0.0,0.0,0.013888888888888888
2 BM25,IB_0150_en,english,test,filtered_aggregate,True,False,0.0,0.0,0.0,0.025
2 BM25,IB_0150_hi,hindi,test,filtered_aggregate,True,False,0.0,0.0,0.0,0.013888888888888888
2 BM25,IB_0150_hing,hinglish,test,filtered_aggregate,False,False,0.0,0.0,1.0,0.2
2 BM25,IB_0150_ta,tamil,test,filtered_aggregate,True,False,0.0,0.0,0.0,0.013888888888888888
2 BM25,IB_0151_en,english,test,filtered_aggregate,True,False,0.0,0.0,0.0,0.01098901098901099
2 BM25,IB_0151_hi,hindi,test,filtered_aggregate,True,False,0.0,0.0,0.0,0.013888888888888888
2 BM25,IB_0151_hing,hinglish,test,filtered_aggregate,False,False,1.0,1.0,1.0,1.0
2 BM25,IB_0151_ta,tamil,test,filtered_aggregate,True,False,0.0,0.0,0.0,0.013888888888888888
2 BM25,IB_0152_en,english,dev,filtered_aggregate,False,False,0.0,0.0,0.0,0.041666666666666664
2 BM25,IB_0152_hi,hindi,dev,filtered_aggregate,False,False,0.0,0.0,0.0,0.013888888888888888
2 BM25,IB_0152_hing,hinglish,dev,filtered_aggregate,False,False,1.0,1.0,1.0,1.0
2 BM25,IB_0152_ta,tamil,dev,filtered_aggregate,False,False,0.0,0.0,0.0,0.013888888888888888
2 BM25,IB_0153_en,english,dev,filtered_aggregate,False,False,0.0,0.0,0.0,0.09090909090909091
2 BM25,IB_0153_hi,hindi,dev,filtered_aggregate,False,False,0.0,0.0,0.0,0.013888888888888888
2 BM25,IB_0153_hing,hinglish,dev,filtered_aggregate,False,False,1.0,1.0,1.0,1.0
2 BM25,IB_0153_ta,tamil,dev,filtered_aggregate,False,False,0.0,0.0,0.0,0.013888888888888888
2 BM25,IB_0156_en,english,hard_test,filtered_aggregate,False,True,0.0,0.0,0.0,0.16666666666666666
2 BM25,IB_0156_hi,hindi,hard_test,filtered_aggregate,False,True,0.0,0.0,0.0,0.013888888888888888
2 BM25,IB_0156_hing,hinglish,hard_test,filtered_aggregate,True,True,1.0,1.0,1.0,1.0
2 BM25,IB_0156_ta,tamil,hard_test,filtered_aggregate,False,False,0.0,0.0,0.0,0.013888888888888888
2 BM25,IB_0158_en,english,dev,filtered_aggregate,False,False,0.0,0.0,0.0,0.08333333333333333
2 BM25,IB_0158_hi,hindi,dev,filtered_aggregate,False,False,0.0,0.0,0.0,0.013513513513513514
2 BM25,IB_0158_hing,hinglish,dev,filtered_aggregate,False,False,1.0,1.0,1.0,1.0
2 BM25,IB_0158_ta,tamil,dev,filtered_aggregate,False,False,0.0,0.0,0.0,0.013513513513513514
2 BM25,IB_0160_en,english,test,filtered_aggregate,True,False,1.0,1.0,1.0,1.0
2 BM25,IB_0160_hi,hindi,test,filtered_aggregate,False,False,0.0,0.0,0.0,0.013888888888888888
2 BM25,IB_0160_hing,hinglish,test,filtered_aggregate,True,False,1.0,1.0,1.0,1.0
2 BM25,IB_0160_ta,tamil,test,filtered_aggregate,False,False,0.0,0.0,0.0,0.013888888888888888
2 BM25,IB_0161_en,english,test,filtered_aggregate,True,False,0.0,0.0,0.0,0.011494252873563218
2 BM25,IB_0161_hi,hindi,test,filtered_aggregate,False,False,0.0,0.0,0.0,0.013888888888888888
2 BM25,IB_0161_hing,hinglish,test,filtered_aggregate,False,False,0.0,0.0,0.0,0.013513513513513514
2 BM25,IB_0161_ta,tamil,test,filtered_aggregate,False,False,0.0,0.0,0.0,0.013888888888888888
2 BM25,IB_0162_en,english,test,filtered_aggregate,False,False,0.0,1.0,1.0,0.3333333333333333
2 BM25,IB_0162_hi,hindi,test,filtered_aggregate,True,False,0.0,0.0,0.0,0.013888888888888888
2 BM25,IB_0162_hing,hinglish,test,filtered_aggregate,False,False,1.0,1.0,1.0,1.0
2 BM25,IB_0162_ta,tamil,test,filtered_aggregate,False,False,0.0,0.0,0.0,0.013888888888888888
2 BM25,IB_0165_en,english,hard_test,filtered_aggregate,True,True,1.0,1.0,1.0,1.0
2 BM25,IB_0165_hi,hindi,hard_test,filtered_aggregate,True,True,0.0,0.0,0.0,0.013513513513513514
2 BM25,IB_0165_hing,hinglish,hard_test,filtered_aggregate,False,True,1.0,1.0,1.0,1.0
2 BM25,IB_0165_ta,tamil,hard_test,filtered_aggregate,True,True,0.0,0.0,0.0,0.013513513513513514
2 BM25,IB_0167_en,english,test,filtered_aggregate,True,False,0.0,0.0,0.0,0.03571428571428571
2 BM25,IB_0167_hi,hindi,test,filtered_aggregate,False,False,0.0,0.0,0.0,0.034482758620689655
2 BM25,IB_0167_hing,hinglish,test,filtered_aggregate,True,False,0.0,1.0,1.0,0.3333333333333333
2 BM25,IB_0167_ta,tamil,test,filtered_aggregate,True,False,0.0,0.0,0.0,0.034482758620689655
2 BM25,IB_0169_en,english,test,filtered_aggregate,False,False,1.0,1.0,1.0,1.0
2 BM25,IB_0169_hi,hindi,test,filtered_aggregate,True,False,0.0,0.0,0.0,0.030303030303030304
2 BM25,IB_0169_hing,hinglish,test,filtered_aggregate,False,False,1.0,1.0,1.0,1.0
2 BM25,IB_0169_ta,tamil,test,filtered_aggregate,True,False,0.0,0.0,0.0,0.030303030303030304
2 BM25,IB_0170_en,english,hard_test,filtered_aggregate,True,True,0.0,1.0,1.0,0.5
2 BM25,IB_0170_hi,hindi,hard_test,filtered_aggregate,True,False,0.0,0.0,0.0,0.030303030303030304
2 BM25,IB_0170_hing,hinglish,hard_test,filtered_aggregate,True,True,1.0,1.0,1.0,1.0
2 BM25,IB_0170_ta,tamil,hard_test,filtered_aggregate,False,False,0.0,0.0,0.0,0.030303030303030304
2 BM25,IB_0177_en,english,dev,multi_hop,False,False,0.0,0.5,0.5,0.3333333333333333
2 BM25,IB_0177_hi,hindi,dev,multi_hop,False,False,0.0,0.0,0.0,0.011707251806261709
2 BM25,IB_0177_hing,hinglish,dev,multi_hop,False,False,0.0,0.0,0.0,0.06086956521739131
2 BM25,IB_0177_ta,tamil,dev,multi_hop,False,False,0.0,0.0,0.0,0.011707251806261709
2 BM25,IB_0180_en,english,hard_test,simple_lookup,False,True,0.0,0.0,1.0,0.2
2 BM25,IB_0180_hi,hindi,hard_test,simple_lookup,True,False,0.0,0.0,0.0,0.03125
2 BM25,IB_0180_hing,hinglish,hard_test,simple_lookup,True,True,1.0,1.0,1.0,1.0
2 BM25,IB_0180_ta,tamil,hard_test,simple_lookup,False,False,0.0,0.0,0.0,0.03125
2 BM25,IB_0181_en,english,hard_test,simple_lookup,True,True,0.0,1.0,1.0,0.5
2 BM25,IB_0181_hi,hindi,hard_test,simple_lookup,True,True,0.0,0.0,0.0,0.034482758620689655
2 BM25,IB_0181_hing,hinglish,hard_test,simple_lookup,True,True,0.0,0.0,0.0,0.029411764705882353
2 BM25,IB_0181_ta,tamil,hard_test,simple_lookup,False,True,0.0,0.0,0.0,0.034482758620689655
2 BM25,IB_0182_en,english,test,simple_lookup,True,False,0.0,1.0,1.0,0.5
2 BM25,IB_0182_hi,hindi,test,simple_lookup,True,False,0.0,0.0,0.0,0.029411764705882353
2 BM25,IB_0182_hing,hinglish,test,simple_lookup,True,False,1.0,1.0,1.0,1.0
2 BM25,IB_0182_ta,tamil,test,simple_lookup,False,False,0.0,0.0,0.0,0.029411764705882353
2 BM25,IB_0191_en,english,dev,simple_lookup,False,False,1.0,1.0,1.0,1.0
2 BM25,IB_0191_hi,hindi,dev,simple_lookup,False,False,0.0,0.0,0.0,0.02564102564102564
2 BM25,IB_0191_hing,hinglish,dev,simple_lookup,False,False,1.0,1.0,1.0,1.0
2 BM25,IB_0191_ta,tamil,dev,simple_lookup,False,False,0.0,0.0,0.0,0.02564102564102564
2 BM25,IB_0192_en,english,dev,simple_lookup,False,False,1.0,1.0,1.0,1.0
2 BM25,IB_0192_hi,hindi,dev,simple_lookup,False,False,0.0,0.0,0.0,0.030303030303030304
2 BM25,IB_0192_hing,hinglish,dev,simple_lookup,False,False,1.0,1.0,1.0,1.0
2 BM25,IB_0192_ta,tamil,dev,simple_lookup,False,False,0.0,0.0,0.0,0.030303030303030304
2 BM25,IB_0193_en,english,dev,cross_year,False,False,1.0,1.0,1.0,1.0
2 BM25,IB_0193_hi,hindi,dev,cross_year,False,False,0.0,0.0,0.0,0.02702702702702703
2 BM25,IB_0193_hing,hinglish,dev,cross_year,False,False,1.0,1.0,1.0,1.0
2 BM25,IB_0193_ta,tamil,dev,cross_year,False,False,0.0,0.0,0.0,0.02702702702702703
2 BM25,IB_0194_en,english,hard_test,cross_year,True,False,1.0,1.0,1.0,1.0
2 BM25,IB_0194_hi,hindi,hard_test,cross_year,True,False,0.0,0.0,0.0,0.030303030303030304
2 BM25,IB_0194_hing,hinglish,hard_test,cross_year,True,True,0.0,0.0,0.0,0.029411764705882353
2 BM25,IB_0194_ta,tamil,hard_test,cross_year,True,True,0.0,0.0,0.0,0.030303030303030304
2 BM25,IB_0195_en,english,test,cross_year,False,False,1.0,1.0,1.0,1.0
2 BM25,IB_0195_hi,hindi,test,cross_year,False,False,0.0,0.0,0.0,0.030303030303030304
2 BM25,IB_0195_hing,hinglish,test,cross_year,True,False,0.0,0.0,0.0,0.029411764705882353
2 BM25,IB_0195_ta,tamil,test,cross_year,True,False,0.0,0.0,0.0,0.030303030303030304
2 BM25,IB_0199_en,english,test,cross_year,False,False,1.0,1.0,1.0,1.0
2 BM25,IB_0199_hi,hindi,test,cross_year,True,False,0.0,0.0,0.0,0.02702702702702703
2 BM25,IB_0199_hing,hinglish,test,cross_year,False,False,0.0,0.0,0.0,0.02631578947368421
2 BM25,IB_0199_ta,tamil,test,cross_year,True,False,0.0,0.0,0.0,0.030303030303030304
2 BM25,IB_0200_en,english,test,cross_year,True,False,1.0,1.0,1.0,1.0
2 BM25,IB_0200_hi,hindi,test,cross_year,True,False,0.0,0.0,0.0,0.030303030303030304
2 BM25,IB_0200_hing,hinglish,test,cross_year,True,False,0.0,0.0,0.0,0.029411764705882353
2 BM25,IB_0200_ta,tamil,test,cross_year,True,False,0.0,0.0,0.0,0.030303030303030304
2 BM25,IB_0201_en,english,dev,simple_lookup,False,False,0.0,0.0,0.0,0.14285714285714285
2 BM25,IB_0201_hi,hindi,dev,simple_lookup,False,False,0.0,0.0,0.0,0.009900990099009901
2 BM25,IB_0201_hing,hinglish,dev,simple_lookup,False,False,0.0,0.0,0.0,0.125
2 BM25,IB_0201_ta,tamil,dev,simple_lookup,False,False,0.0,0.0,0.0,0.009900990099009901
2 BM25,IB_0204_en,english,test,simple_lookup,True,False,0.0,0.0,0.0,0.1
2 BM25,IB_0204_hi,hindi,test,simple_lookup,False,False,0.0,0.0,0.0,0.009900990099009901
2 BM25,IB_0204_hing,hinglish,test,simple_lookup,True,False,1.0,1.0,1.0,1.0
2 BM25,IB_0204_ta,tamil,test,simple_lookup,False,False,0.0,0.0,0.0,0.009900990099009901
2 BM25,IB_0207_en,english,hard_test,simple_lookup,False,False,0.0,0.0,1.0,0.2
2 BM25,IB_0207_hi,hindi,hard_test,simple_lookup,True,True,0.0,0.0,0.0,0.03571428571428571
2 BM25,IB_0207_hing,hinglish,hard_test,simple_lookup,False,True,1.0,1.0,1.0,1.0
2 BM25,IB_0207_ta,tamil,hard_test,simple_lookup,True,True,0.0,0.0,0.0,0.03571428571428571
2 BM25,IB_0208_en,english,test,simple_lookup,True,False,0.0,0.0,1.0,0.25
2 BM25,IB_0208_hi,hindi,test,simple_lookup,True,False,0.0,0.0,0.0,0.03571428571428571
2 BM25,IB_0208_hing,hinglish,test,simple_lookup,False,False,0.0,0.0,0.0,0.024390243902439025
2 BM25,IB_0208_ta,tamil,test,simple_lookup,True,False,0.0,0.0,0.0,0.03571428571428571
2 BM25,IB_0209_en,english,test,simple_lookup,False,False,0.0,0.0,1.0,0.25
2 BM25,IB_0209_hi,hindi,test,simple_lookup,True,False,0.0,0.0,0.0,0.03125
2 BM25,IB_0209_hing,hinglish,test,simple_lookup,False,False,1.0,1.0,1.0,1.0
2 BM25,IB_0209_ta,tamil,test,simple_lookup,True,False,0.0,0.0,0.0,0.03125
2 BM25,IB_0211_en,english,test,simple_lookup,True,False,0.0,0.0,1.0,0.25
2 BM25,IB_0211_hi,hindi,test,simple_lookup,True,False,0.0,0.0,0.0,0.03571428571428571
2 BM25,IB_0211_hing,hinglish,test,simple_lookup,True,False,0.0,0.0,0.0,0.03333333333333333
2 BM25,IB_0211_ta,tamil,test,simple_lookup,True,False,0.0,0.0,0.0,0.03571428571428571
2 BM25,IB_0212_en,english,test,simple_lookup,False,False,1.0,1.0,1.0,1.0
2 BM25,IB_0212_hi,hindi,test,simple_lookup,True,False,0.0,0.0,0.0,0.029411764705882353
2 BM25,IB_0212_hing,hinglish,test,simple_lookup,True,False,1.0,1.0,1.0,1.0
2 BM25,IB_0212_ta,tamil,test,simple_lookup,True,False,0.0,0.0,0.0,0.029411764705882353
2 BM25,IB_0216_en,english,dev,filtered_aggregate,False,False,0.0,0.0,0.0,0.07692307692307693
2 BM25,IB_0216_hi,hindi,dev,filtered_aggregate,False,False,0.0,0.0,0.0,0.013157894736842105
2 BM25,IB_0216_hing,hinglish,dev,filtered_aggregate,False,False,0.0,1.0,1.0,0.3333333333333333
2 BM25,IB_0216_ta,tamil,dev,filtered_aggregate,False,False,0.0,0.0,0.0,0.013157894736842105
2 BM25,IB_0217_en,english,dev,filtered_aggregate,False,False,0.0,0.0,0.0,0.1
2 BM25,IB_0217_hi,hindi,dev,filtered_aggregate,False,False,0.0,0.0,0.0,0.013157894736842105
2 BM25,IB_0217_hing,hinglish,dev,filtered_aggregate,False,False,0.0,0.0,0.0,0.02702702702702703
2 BM25,IB_0217_ta,tamil,dev,filtered_aggregate,False,False,0.0,0.0,0.0,0.013157894736842105
2 BM25,IB_0218_en,english,dev,filtered_aggregate,False,False,0.0,0.0,0.0,0.010752688172043012
2 BM25,IB_0218_hi,hindi,dev,filtered_aggregate,False,False,0.0,0.0,0.0,0.011494252873563218
2 BM25,IB_0218_hing,hinglish,dev,filtered_aggregate,False,False,0.0,1.0,1.0,0.3333333333333333
2 BM25,IB_0218_ta,tamil,dev,filtered_aggregate,False,False,0.0,0.0,0.0,0.011764705882352941
2 BM25,IB_0219_en,english,test,filtered_aggregate,False,False,0.0,0.0,0.0,0.023255813953488372
2 BM25,IB_0219_hi,hindi,test,filtered_aggregate,True,False,0.0,0.0,0.0,0.011235955056179775
2 BM25,IB_0219_hing,hinglish,test,filtered_aggregate,False,False,0.0,1.0,1.0,0.3333333333333333
2 BM25,IB_0219_ta,tamil,test,filtered_aggregate,True,False,0.0,0.0,0.0,0.011235955056179775
2 BM25,IB_0220_en,english,test,filtered_aggregate,True,False,0.0,0.0,0.0,0.14285714285714285
2 BM25,IB_0220_hi,hindi,test,filtered_aggregate,True,False,0.0,0.0,0.0,0.01098901098901099
2 BM25,IB_0220_hing,hinglish,test,filtered_aggregate,True,False,0.0,1.0,1.0,0.3333333333333333
2 BM25,IB_0220_ta,tamil,test,filtered_aggregate,False,False,0.0,0.0,0.0,0.01098901098901099
2 BM25,IB_0221_en,english,dev,filtered_aggregate,False,False,0.0,0.0,0.0,0.02702702702702703
2 BM25,IB_0221_hi,hindi,dev,filtered_aggregate,False,False,0.0,0.0,0.0,0.011235955056179775
2 BM25,IB_0221_hing,hinglish,dev,filtered_aggregate,False,False,0.0,1.0,1.0,0.3333333333333333
2 BM25,IB_0221_ta,tamil,dev,filtered_aggregate,False,False,0.0,0.0,0.0,0.011235955056179775
2 BM25,IB_0222_en,english,test,filtered_aggregate,False,False,0.0,0.0,0.0,0.07142857142857142
2 BM25,IB_0222_hi,hindi,test,filtered_aggregate,True,False,0.0,0.0,0.0,0.01098901098901099
2 BM25,IB_0222_hing,hinglish,test,filtered_aggregate,False,False,0.0,1.0,1.0,0.3333333333333333
2 BM25,IB_0222_ta,tamil,test,filtered_aggregate,True,False,0.0,0.0,0.0,0.01098901098901099
2 BM25,IB_0223_en,english,test,filtered_aggregate,False,False,0.0,0.0,0.0,0.03225806451612903
2 BM25,IB_0223_hi,hindi,test,filtered_aggregate,True,False,0.0,0.0,0.0,0.01098901098901099
2 BM25,IB_0223_hing,hinglish,test,filtered_aggregate,True,False,0.0,1.0,1.0,0.3333333333333333
2 BM25,IB_0223_ta,tamil,test,filtered_aggregate,False,False,0.0,0.0,0.0,0.01098901098901099
2 BM25,IB_0224_en,english,test,filtered_aggregate,True,False,0.0,0.0,0.0,0.05263157894736842
2 BM25,IB_0224_hi,hindi,test,filtered_aggregate,True,False,0.0,0.0,0.0,0.01098901098901099
2 BM25,IB_0224_hing,hinglish,test,filtered_aggregate,False,False,0.0,1.0,1.0,0.3333333333333333
2 BM25,IB_0224_ta,tamil,test,filtered_aggregate,False,False,0.0,0.0,0.0,0.01098901098901099
2 BM25,IB_0226_en,english,test,filtered_aggregate,True,False,0.0,1.0,1.0,0.3333333333333333
2 BM25,IB_0226_hi,hindi,test,filtered_aggregate,True,False,0.0,0.0,0.0,0.01098901098901099
2 BM25,IB_0226_hing,hinglish,test,filtered_aggregate,True,False,0.0,1.0,1.0,0.3333333333333333
2 BM25,IB_0226_ta,tamil,test,filtered_aggregate,True,False,0.0,0.0,0.0,0.01098901098901099
2 BM25,IB_0227_en,english,dev,multi_hop,False,False,0.0,0.0,0.0,0.02674064077572849
2 BM25,IB_0227_hi,hindi,dev,multi_hop,False,False,0.0,0.0,0.0,0.01590134845541041
2 BM25,IB_0227_hing,hinglish,dev,multi_hop,False,False,0.3333333333333333,0.3333333333333333,0.6666666666666666,0.4217948717948718
2 BM25,IB_0227_ta,tamil,dev,multi_hop,False,False,0.0,0.0,0.0,0.01590134845541041
2 BM25,IB_0228_en,english,dev,multi_hop,False,False,0.0,0.0,0.0,0.04754273504273504
2 BM25,IB_0228_hi,hindi,dev,multi_hop,False,False,0.0,0.0,0.0,0.01590134845541041
2 BM25,IB_0228_hing,hinglish,dev,multi_hop,False,False,0.3333333333333333,0.3333333333333333,0.3333333333333333,0.3619737750172533
2 BM25,IB_0228_ta,tamil,dev,multi_hop,False,False,0.0,0.0,0.0,0.016642616642616643
2 BM25,IB_0230_en,english,test,multi_hop,True,False,0.0,0.0,0.0,0.0340017825311943
2 BM25,IB_0230_hi,hindi,test,multi_hop,False,False,0.0,0.0,0.0,0.016642616642616643
2 BM25,IB_0230_hing,hinglish,test,multi_hop,False,False,0.0,0.3333333333333333,0.3333333333333333,0.1201282982328734
2 BM25,IB_0230_ta,tamil,test,multi_hop,True,False,0.0,0.0,0.0,0.016642616642616643
2 BM25,IB_0232_en,english,test,multi_hop,True,False,0.0,0.0,0.0,0.06437987624428303
2 BM25,IB_0232_hi,hindi,test,multi_hop,True,False,0.0,0.0,0.0,0.01590134845541041
2 BM25,IB_0232_hing,hinglish,test,multi_hop,True,False,0.0,0.3333333333333333,0.3333333333333333,0.18148439548911618
2 BM25,IB_0232_ta,tamil,test,multi_hop,True,False,0.0,0.0,0.0,0.01590134845541041
2 BM25,IB_0233_en,english,test,filtered_aggregate,True,False,0.0,0.0,0.0,0.011764705882352941
2 BM25,IB_0233_hi,hindi,test,filtered_aggregate,True,False,0.0,0.0,0.0,0.013888888888888888
2 BM25,IB_0233_hing,hinglish,test,filtered_aggregate,True,False,0.0,0.0,0.0,0.01282051282051282
2 BM25,IB_0233_ta,tamil,test,filtered_aggregate,False,False,0.0,0.0,0.0,0.013888888888888888
2 BM25,IB_0236_en,english,dev,filtered_aggregate,False,False,0.0,1.0,1.0,0.5
2 BM25,IB_0236_hi,hindi,dev,filtered_aggregate,False,False,0.0,0.0,0.0,0.013888888888888888
2 BM25,IB_0236_hing,hinglish,dev,filtered_aggregate,False,False,1.0,1.0,1.0,1.0
2 BM25,IB_0236_ta,tamil,dev,filtered_aggregate,False,False,0.0,0.0,0.0,0.013888888888888888
2 BM25,IB_0238_en,english,test,filtered_aggregate,True,False,0.0,0.0,0.0,0.16666666666666666
2 BM25,IB_0238_hi,hindi,test,filtered_aggregate,True,False,0.0,0.0,0.0,0.013513513513513514
2 BM25,IB_0238_hing,hinglish,test,filtered_aggregate,True,False,1.0,1.0,1.0,1.0
2 BM25,IB_0238_ta,tamil,test,filtered_aggregate,False,False,0.0,0.0,0.0,0.013513513513513514
2 BM25,IB_0239_en,english,hard_test,filtered_aggregate,True,True,0.0,1.0,1.0,0.5
2 BM25,IB_0239_hi,hindi,hard_test,filtered_aggregate,False,True,0.0,0.0,0.0,0.013513513513513514
2 BM25,IB_0239_hing,hinglish,hard_test,filtered_aggregate,True,True,0.0,0.0,0.0,0.013157894736842105
2 BM25,IB_0239_ta,tamil,hard_test,filtered_aggregate,True,False,0.0,0.0,0.0,0.013513513513513514
2 BM25,IB_0243_en,english,hard_test,multi_hop,False,True,0.0,0.0,0.3333333333333333,0.11405228758169934
2 BM25,IB_0243_hi,hindi,hard_test,multi_hop,True,False,0.0,0.0,0.0,0.017176517176517178
2 BM25,IB_0243_hing,hinglish,hard_test,multi_hop,True,False,0.3333333333333333,0.3333333333333333,0.3333333333333333,0.34610136452241713
2 BM25,IB_0243_ta,tamil,hard_test,multi_hop,True,False,0.0,0.0,0.0,0.017176517176517178
2 BM25,IB_0247_en,english,test,multi_hop,True,False,0.0,0.0,0.0,0.12261904761904763
2 BM25,IB_0247_hi,hindi,test,multi_hop,True,False,0.0,0.0,0.0,0.017176517176517178
2 BM25,IB_0247_hing,hinglish,test,multi_hop,True,False,0.3333333333333333,0.3333333333333333,0.3333333333333333,0.34610136452241713
2 BM25,IB_0247_ta,tamil,test,multi_hop,True,False,0.0,0.0,0.0,0.017176517176517178
2 BM25,IB_0249_en,english,test,simple_lookup,True,False,0.0,0.0,0.0,0.06666666666666667
2 BM25,IB_0249_hi,hindi,test,simple_lookup,True,False,0.0,0.0,0.0,0.013513513513513514
2 BM25,IB_0249_hing,hinglish,test,simple_lookup,False,False,1.0,1.0,1.0,1.0
2 BM25,IB_0249_ta,tamil,test,simple_lookup,False,False,0.0,0.0,0.0,0.013513513513513514
2 BM25,IB_0250_en,english,test,simple_lookup,True,False,0.0,0.0,0.0,0.047619047619047616
2 BM25,IB_0250_hi,hindi,test,simple_lookup,True,False,0.0,0.0,0.0,0.013513513513513514
2 BM25,IB_0250_hing,hinglish,test,simple_lookup,True,False,1.0,1.0,1.0,1.0
2 BM25,IB_0250_ta,tamil,test,simple_lookup,True,False,0.0,0.0,0.0,0.013513513513513514
2 BM25,IB_0251_en,english,test,simple_lookup,False,False,0.0,0.0,0.0,0.034482758620689655
2 BM25,IB_0251_hi,hindi,test,simple_lookup,True,False,0.0,0.0,0.0,0.013888888888888888
2 BM25,IB_0251_hing,hinglish,test,simple_lookup,True,False,0.0,0.0,0.0,0.1111111111111111
2 BM25,IB_0251_ta,tamil,test,simple_lookup,True,False,0.0,0.0,0.0,0.013888888888888888
2 BM25,IB_0252_en,english,test,simple_lookup,True,False,0.0,0.0,1.0,0.25
2 BM25,IB_0252_hi,hindi,test,simple_lookup,True,False,0.0,0.0,0.0,0.013888888888888888
2 BM25,IB_0252_hing,hinglish,test,simple_lookup,True,False,1.0,1.0,1.0,1.0
2 BM25,IB_0252_ta,tamil,test,simple_lookup,True,False,0.0,0.0,0.0,0.013888888888888888
2 BM25,IB_0253_en,english,test,simple_lookup,True,False,0.0,0.0,0.0,0.1
2 BM25,IB_0253_hi,hindi,test,simple_lookup,True,False,0.0,0.0,0.0,0.013513513513513514
2 BM25,IB_0253_hing,hinglish,test,simple_lookup,True,False,0.0,1.0,1.0,0.3333333333333333
2 BM25,IB_0253_ta,tamil,test,simple_lookup,True,False,0.0,0.0,0.0,0.013513513513513514
2 BM25,IB_0254_en,english,dev,simple_lookup,False,False,0.0,0.0,0.0,0.034482758620689655
2 BM25,IB_0254_hi,hindi,dev,simple_lookup,False,False,0.0,0.0,0.0,0.013333333333333334
2 BM25,IB_0254_hing,hinglish,dev,simple_lookup,False,False,1.0,1.0,1.0,1.0
2 BM25,IB_0254_ta,tamil,dev,simple_lookup,False,False,0.0,0.0,0.0,0.013513513513513514
2 BM25,IB_0256_en,english,hard_test,simple_lookup,True,True,0.0,0.0,0.0,0.037037037037037035
2 BM25,IB_0256_hi,hindi,hard_test,simple_lookup,False,True,0.0,0.0,0.0,0.013888888888888888
2 BM25,IB_0256_hing,hinglish,hard_test,simple_lookup,True,True,0.0,1.0,1.0,0.3333333333333333
2 BM25,IB_0256_ta,tamil,hard_test,simple_lookup,True,True,0.0,0.0,0.0,0.013888888888888888
2 BM25,IB_0257_en,english,hard_test,simple_lookup,False,True,1.0,1.0,1.0,1.0
2 BM25,IB_0257_hi,hindi,hard_test,simple_lookup,True,True,0.0,0.0,0.0,0.013513513513513514
2 BM25,IB_0257_hing,hinglish,hard_test,simple_lookup,True,True,0.0,1.0,1.0,0.3333333333333333
2 BM25,IB_0257_ta,tamil,hard_test,simple_lookup,True,True,0.0,0.0,0.0,0.013513513513513514
2 BM25,IB_0258_en,english,test,simple_lookup,False,False,1.0,1.0,1.0,1.0
2 BM25,IB_0258_hi,hindi,test,simple_lookup,False,False,0.0,0.0,0.0,0.013888888888888888
2 BM25,IB_0258_hing,hinglish,test,simple_lookup,False,False,0.0,1.0,1.0,0.5
2 BM25,IB_0258_ta,tamil,test,simple_lookup,False,False,0.0,0.0,0.0,0.013888888888888888
2 BM25,IB_0259_en,english,hard_test,simple_lookup,False,True,1.0,1.0,1.0,1.0
2 BM25,IB_0259_hi,hindi,hard_test,simple_lookup,True,True,0.0,0.0,0.0,0.013333333333333334
2 BM25,IB_0259_hing,hinglish,hard_test,simple_lookup,True,False,0.0,0.0,0.0,0.125
2 BM25,IB_0259_ta,tamil,hard_test,simple_lookup,True,True,0.0,0.0,0.0,0.013333333333333334
2 BM25,IB_0260_en,english,test,simple_lookup,True,False,0.0,0.0,0.0,0.058823529411764705
2 BM25,IB_0260_hi,hindi,test,simple_lookup,True,False,0.0,0.0,0.0,0.013888888888888888
2 BM25,IB_0260_hing,hinglish,test,simple_lookup,True,False,0.0,0.0,1.0,0.25
2 BM25,IB_0260_ta,tamil,test,simple_lookup,False,False,0.0,0.0,0.0,0.013888888888888888
2 BM25,IB_0261_en,english,hard_test,simple_lookup,False,True,0.0,0.0,0.0,0.07142857142857142
2 BM25,IB_0261_hi,hindi,hard_test,simple_lookup,True,True,0.0,0.0,0.0,0.0136986301369863
2 BM25,IB_0261_hing,hinglish,hard_test,simple_lookup,True,True,0.0,1.0,1.0,0.3333333333333333
2 BM25,IB_0261_ta,tamil,hard_test,simple_lookup,True,True,0.0,0.0,0.0,0.013888888888888888
2 BM25,IB_0262_en,english,test,simple_lookup,True,False,0.0,0.0,1.0,0.25
2 BM25,IB_0262_hi,hindi,test,simple_lookup,True,False,0.0,0.0,0.0,0.013513513513513514
2 BM25,IB_0262_hing,hinglish,test,simple_lookup,False,False,0.0,0.0,0.0,0.1111111111111111
2 BM25,IB_0262_ta,tamil,test,simple_lookup,True,False,0.0,0.0,0.0,0.013513513513513514
2 BM25,IB_0264_en,english,hard_test,cross_year,False,True,0.0,1.0,1.0,0.3333333333333333
2 BM25,IB_0264_hi,hindi,hard_test,cross_year,False,True,0.0,0.0,0.0,0.013513513513513514
2 BM25,IB_0264_hing,hinglish,hard_test,cross_year,True,True,0.0,0.0,0.0,0.1111111111111111
2 BM25,IB_0264_ta,tamil,hard_test,cross_year,False,True,0.0,0.0,0.0,0.013513513513513514
2 BM25,IB_0265_en,english,hard_test,cross_year,True,False,0.0,0.0,0.0,0.03125
2 BM25,IB_0265_hi,hindi,hard_test,cross_year,True,False,0.0,0.0,0.0,0.013513513513513514
2 BM25,IB_0265_hing,hinglish,hard_test,cross_year,True,True,0.0,0.0,0.0,0.1111111111111111
2 BM25,IB_0265_ta,tamil,hard_test,cross_year,True,True,0.0,0.0,0.0,0.013513513513513514
2 BM25,IB_0266_en,english,test,cross_year,False,False,0.0,0.0,0.0,0.14285714285714285
2 BM25,IB_0266_hi,hindi,test,cross_year,True,False,0.0,0.0,0.0,0.013888888888888888
2 BM25,IB_0266_hing,hinglish,test,cross_year,True,False,1.0,1.0,1.0,1.0
2 BM25,IB_0266_ta,tamil,test,cross_year,True,False,0.0,0.0,0.0,0.013513513513513514
2 BM25,IB_0267_en,english,hard_test,cross_year,True,True,0.0,0.0,0.0,0.038461538461538464
2 BM25,IB_0267_hi,hindi,hard_test,cross_year,True,True,0.0,0.0,0.0,0.013513513513513514
2 BM25,IB_0267_hing,hinglish,hard_test,cross_year,True,True,0.0,1.0,1.0,0.3333333333333333
2 BM25,IB_0267_ta,tamil,hard_test,cross_year,False,True,0.0,0.0,0.0,0.013513513513513514
2 BM25,IB_0269_en,english,hard_test,cross_year,False,True,0.0,0.0,0.0,0.1111111111111111
2 BM25,IB_0269_hi,hindi,hard_test,cross_year,False,False,0.0,0.0,0.0,0.013513513513513514
2 BM25,IB_0269_hing,hinglish,hard_test,cross_year,True,True,0.0,0.0,1.0,0.25
2 BM25,IB_0269_ta,tamil,hard_test,cross_year,True,True,0.0,0.0,0.0,0.013513513513513514
2 BM25,IB_0270_en,english,hard_test,cross_year,True,False,0.0,0.0,0.0,0.029411764705882353
2 BM25,IB_0270_hi,hindi,hard_test,cross_year,True,True,0.0,0.0,0.0,0.012987012987012988
2 BM25,IB_0270_hing,hinglish,hard_test,cross_year,True,True,0.0,0.0,0.0,0.1
2 BM25,IB_0270_ta,tamil,hard_test,cross_year,True,True,0.0,0.0,0.0,0.012987012987012988
2 BM25,IB_0273_en,english,hard_test,cross_year,False,False,0.0,0.0,0.0,0.03225806451612903
2 BM25,IB_0273_hi,hindi,hard_test,cross_year,True,True,0.0,0.0,0.0,0.013513513513513514
2 BM25,IB_0273_hing,hinglish,hard_test,cross_year,True,True,0.0,1.0,1.0,0.3333333333333333
2 BM25,IB_0273_ta,tamil,hard_test,cross_year,False,True,0.0,0.0,0.0,0.013513513513513514
2 BM25,IB_0282_en,english,hard_test,cross_year,True,True,0.0,0.0,0.0,0.012048192771084338
2 BM25,IB_0282_hi,hindi,hard_test,cross_year,True,True,0.0,0.0,0.0,0.013888888888888888
2 BM25,IB_0282_hing,hinglish,hard_test,cross_year,True,True,1.0,1.0,1.0,1.0
2 BM25,IB_0282_ta,tamil,hard_test,cross_year,True,True,0.0,0.0,0.0,0.013888888888888888
2 BM25,IB_0285_en,english,test,cross_year,True,False,0.0,0.0,0.0,0.1
2 BM25,IB_0285_hi,hindi,test,cross_year,True,False,0.0,0.0,0.0,0.013888888888888888
2 BM25,IB_0285_hing,hinglish,test,cross_year,False,False,1.0,1.0,1.0,1.0
2 BM25,IB_0285_ta,tamil,test,cross_year,True,False,0.0,0.0,0.0,0.013888888888888888
2 BM25,IB_0286_en,english,test,cross_year,True,False,1.0,1.0,1.0,1.0
2 BM25,IB_0286_hi,hindi,test,cross_year,True,False,0.0,0.0,0.0,0.013888888888888888
2 BM25,IB_0286_hing,hinglish,test,cross_year,True,False,1.0,1.0,1.0,1.0
2 BM25,IB_0286_ta,tamil,test,cross_year,True,False,0.0,0.0,0.0,0.013888888888888888
2 BM25,IB_0287_en,english,test,cross_year,True,False,1.0,1.0,1.0,1.0
2 BM25,IB_0287_hi,hindi,test,cross_year,True,False,0.0,0.0,0.0,0.013888888888888888
2 BM25,IB_0287_hing,hinglish,test,cross_year,True,False,1.0,1.0,1.0,1.0
2 BM25,IB_0287_ta,tamil,test,cross_year,False,False,0.0,0.0,0.0,0.013888888888888888
2 BM25,IB_0289_en,english,hard_test,cross_year,False,True,1.0,1.0,1.0,1.0
2 BM25,IB_0289_hi,hindi,hard_test,cross_year,True,True,0.0,0.0,0.0,0.013888888888888888
2 BM25,IB_0289_hing,hinglish,hard_test,cross_year,True,True,1.0,1.0,1.0,1.0
2 BM25,IB_0289_ta,tamil,hard_test,cross_year,True,True,0.0,0.0,0.0,0.013888888888888888
2 BM25,IB_0292_en,english,hard_test,simple_lookup,True,True,1.0,1.0,1.0,1.0
2 BM25,IB_0292_hi,hindi,hard_test,simple_lookup,True,True,0.0,0.0,0.0,0.013157894736842105
2 BM25,IB_0292_hing,hinglish,hard_test,simple_lookup,False,True,1.0,1.0,1.0,1.0
2 BM25,IB_0292_ta,tamil,hard_test,simple_lookup,False,True,0.0,0.0,0.0,0.013513513513513514
2 BM25,IB_0293_en,english,hard_test,simple_lookup,False,True,0.0,0.0,0.0,0.09090909090909091
2 BM25,IB_0293_hi,hindi,hard_test,simple_lookup,False,True,0.0,0.0,0.0,0.013513513513513514
2 BM25,IB_0293_hing,hinglish,hard_test,simple_lookup,True,False,0.0,0.0,1.0,0.2
2 BM25,IB_0293_ta,tamil,hard_test,simple_lookup,True,True,0.0,0.0,0.0,0.013513513513513514
2 BM25,IB_0294_en,english,test,simple_lookup,True,False,0.0,0.0,0.0,0.017241379310344827
2 BM25,IB_0294_hi,hindi,test,simple_lookup,False,False,0.0,0.0,0.0,0.013513513513513514
2 BM25,IB_0294_hing,hinglish,test,simple_lookup,False,False,0.0,0.0,0.0,0.16666666666666666
2 BM25,IB_0294_ta,tamil,test,simple_lookup,True,False,0.0,0.0,0.0,0.013513513513513514
2 BM25,IB_0295_en,english,hard_test,simple_lookup,True,True,0.0,0.0,0.0,0.14285714285714285
2 BM25,IB_0295_hi,hindi,hard_test,simple_lookup,True,True,0.0,0.0,0.0,0.013157894736842105
2 BM25,IB_0295_hing,hinglish,hard_test,simple_lookup,False,True,0.0,0.0,0.0,0.09090909090909091
2 BM25,IB_0295_ta,tamil,hard_test,simple_lookup,True,True,0.0,0.0,0.0,0.013157894736842105
2 BM25,IB_0297_en,english,dev,simple_lookup,False,False,0.0,0.0,0.0,0.14285714285714285
2 BM25,IB_0297_hi,hindi,dev,simple_lookup,False,False,0.0,0.0,0.0,0.011627906976744186
2 BM25,IB_0297_hing,hinglish,dev,simple_lookup,False,False,0.0,1.0,1.0,0.3333333333333333
2 BM25,IB_0297_ta,tamil,dev,simple_lookup,False,False,0.0,0.0,0.0,0.011627906976744186
2 BM25,IB_0299_en,english,test,simple_lookup,False,False,0.0,0.0,0.0,0.125
2 BM25,IB_0299_hi,hindi,test,simple_lookup,False,False,0.0,0.0,0.0,0.011627906976744186
2 BM25,IB_0299_hing,hinglish,test,simple_lookup,False,False,0.0,0.0,0.0,0.011111111111111112
2 BM25,IB_0299_ta,tamil,test,simple_lookup,True,False,0.0,0.0,0.0,0.011627906976744186
2 BM25,IB_0300_en,english,test,simple_lookup,True,False,0.0,1.0,1.0,0.3333333333333333
2 BM25,IB_0300_hi,hindi,test,simple_lookup,False,False,0.0,0.0,0.0,0.011235955056179775
2 BM25,IB_0300_hing,hinglish,test,simple_lookup,True,False,0.0,1.0,1.0,0.3333333333333333
2 BM25,IB_0300_ta,tamil,test,simple_lookup,False,False,0.0,0.0,0.0,0.011235955056179775
2 BM25,IB_0301_en,english,dev,simple_lookup,False,False,0.0,1.0,1.0,0.3333333333333333
2 BM25,IB_0301_hi,hindi,dev,simple_lookup,False,False,0.0,0.0,0.0,0.011363636363636364
2 BM25,IB_0301_hing,hinglish,dev,simple_lookup,False,False,0.0,1.0,1.0,0.3333333333333333
2 BM25,IB_0301_ta,tamil,dev,simple_lookup,False,False,0.0,0.0,0.0,0.011363636363636364
2 BM25,IB_0304_en,english,dev,simple_lookup,False,False,0.0,0.0,0.0,0.16666666666666666
2 BM25,IB_0304_hi,hindi,dev,simple_lookup,False,False,0.0,0.0,0.0,0.011363636363636364
2 BM25,IB_0304_hing,hinglish,dev,simple_lookup,False,False,0.0,0.0,0.0,0.043478260869565216
2 BM25,IB_0304_ta,tamil,dev,simple_lookup,False,False,0.0,0.0,0.0,0.011363636363636364
2 BM25,IB_0305_en,english,test,simple_lookup,False,False,0.0,0.0,0.0,0.16666666666666666
2 BM25,IB_0305_hi,hindi,test,simple_lookup,True,False,0.0,0.0,0.0,0.011627906976744186
2 BM25,IB_0305_hing,hinglish,test,simple_lookup,False,False,0.0,1.0,1.0,0.3333333333333333
2 BM25,IB_0305_ta,tamil,test,simple_lookup,True,False,0.0,0.0,0.0,0.011627906976744186
2 BM25,IB_0306_en,english,test,simple_lookup,False,False,0.0,0.0,0.0,0.05263157894736842
2 BM25,IB_0306_hi,hindi,test,simple_lookup,False,False,0.0,0.0,0.0,0.011363636363636364
2 BM25,IB_0306_hing,hinglish,test,simple_lookup,False,False,1.0,1.0,1.0,1.0
2 BM25,IB_0306_ta,tamil,test,simple_lookup,True,False,0.0,0.0,0.0,0.011363636363636364
2 BM25,IB_0307_en,english,dev,simple_lookup,False,False,0.0,0.0,0.0,0.058823529411764705
2 BM25,IB_0307_hi,hindi,dev,simple_lookup,False,False,0.0,0.0,0.0,0.011363636363636364
2 BM25,IB_0307_hing,hinglish,dev,simple_lookup,False,False,0.0,0.0,0.0,0.058823529411764705
2 BM25,IB_0307_ta,tamil,dev,simple_lookup,False,False,0.0,0.0,0.0,0.011235955056179775
2 BM25,IB_0309_en,english,hard_test,simple_lookup,False,True,0.0,0.0,0.0,0.02857142857142857
2 BM25,IB_0309_hi,hindi,hard_test,simple_lookup,True,True,0.0,0.0,0.0,0.011764705882352941
2 BM25,IB_0309_hing,hinglish,hard_test,simple_lookup,False,True,0.0,0.0,0.0,0.05263157894736842
2 BM25,IB_0309_ta,tamil,hard_test,simple_lookup,True,True,0.0,0.0,0.0,0.011764705882352941
2 BM25,IB_0310_en,english,test,simple_lookup,True,False,0.0,0.0,0.0,0.029411764705882353
2 BM25,IB_0310_hi,hindi,test,simple_lookup,True,False,0.0,0.0,0.0,0.011764705882352941
2 BM25,IB_0310_hing,hinglish,test,simple_lookup,True,False,0.0,0.0,1.0,0.25
2 BM25,IB_0310_ta,tamil,test,simple_lookup,False,False,0.0,0.0,0.0,0.011764705882352941
2 BM25,IB_0312_en,english,test,simple_lookup,False,False,0.0,1.0,1.0,0.3333333333333333
2 BM25,IB_0312_hi,hindi,test,simple_lookup,False,False,0.0,0.0,0.0,0.010752688172043012
2 BM25,IB_0312_hing,hinglish,test,simple_lookup,False,False,0.0,1.0,1.0,0.3333333333333333
2 BM25,IB_0312_ta,tamil,test,simple_lookup,True,False,0.0,0.0,0.0,0.010752688172043012
2 BM25,IB_0313_en,english,hard_test,simple_lookup,True,True,0.0,1.0,1.0,0.3333333333333333
2 BM25,IB_0313_hi,hindi,hard_test,simple_lookup,True,True,0.0,0.0,0.0,0.010752688172043012
2 BM25,IB_0313_hing,hinglish,hard_test,simple_lookup,True,True,0.0,1.0,1.0,0.3333333333333333
2 BM25,IB_0313_ta,tamil,hard_test,simple_lookup,True,True,0.0,0.0,0.0,0.01098901098901099
2 BM25,IB_0315_en,english,hard_test,simple_lookup,True,True,0.0,1.0,1.0,0.3333333333333333
2 BM25,IB_0315_hi,hindi,hard_test,simple_lookup,True,True,0.0,0.0,0.0,0.01098901098901099
2 BM25,IB_0315_hing,hinglish,hard_test,simple_lookup,False,True,0.0,1.0,1.0,0.3333333333333333
2 BM25,IB_0315_ta,tamil,hard_test,simple_lookup,True,True,0.0,0.0,0.0,0.01098901098901099
2 BM25,IB_0316_en,english,test,simple_lookup,True,False,0.0,1.0,1.0,0.3333333333333333
2 BM25,IB_0316_hi,hindi,test,simple_lookup,True,False,0.0,0.0,0.0,0.012048192771084338
2 BM25,IB_0316_hing,hinglish,test,simple_lookup,True,False,0.0,1.0,1.0,0.3333333333333333
2 BM25,IB_0316_ta,tamil,test,simple_lookup,False,False,0.0,0.0,0.0,0.012048192771084338
2 BM25,IB_0317_en,english,dev,simple_lookup,False,False,0.0,1.0,1.0,0.3333333333333333
2 BM25,IB_0317_hi,hindi,dev,simple_lookup,False,False,0.0,0.0,0.0,0.011764705882352941
2 BM25,IB_0317_hing,hinglish,dev,simple_lookup,False,False,0.0,1.0,1.0,0.3333333333333333
2 BM25,IB_0317_ta,tamil,dev,simple_lookup,False,False,0.0,0.0,0.0,0.012048192771084338
2 BM25,IB_0320_en,english,hard_test,simple_lookup,False,True,0.0,1.0,1.0,0.3333333333333333
2 BM25,IB_0320_hi,hindi,hard_test,simple_lookup,True,True,0.0,0.0,0.0,0.010526315789473684
2 BM25,IB_0320_hing,hinglish,hard_test,simple_lookup,False,True,0.0,0.0,0.0,0.010416666666666666
2 BM25,IB_0320_ta,tamil,hard_test,simple_lookup,True,True,0.0,0.0,0.0,0.010526315789473684
2 BM25,IB_0321_en,english,test,simple_lookup,False,False,0.0,1.0,1.0,0.3333333333333333
2 BM25,IB_0321_hi,hindi,test,simple_lookup,True,False,0.0,0.0,0.0,0.010526315789473684
2 BM25,IB_0321_hing,hinglish,test,simple_lookup,False,False,0.0,0.0,0.0,0.16666666666666666
2 BM25,IB_0321_ta,tamil,test,simple_lookup,True,False,0.0,0.0,0.0,0.010526315789473684
2 BM25,IB_0322_en,english,hard_test,simple_lookup,True,True,0.0,1.0,1.0,0.3333333333333333
2 BM25,IB_0322_hi,hindi,hard_test,simple_lookup,True,False,0.0,0.0,0.0,0.010309278350515464
2 BM25,IB_0322_hing,hinglish,hard_test,simple_lookup,True,True,0.0,0.0,0.0,0.01020408163265306
2 BM25,IB_0322_ta,tamil,hard_test,simple_lookup,True,True,0.0,0.0,0.0,0.010309278350515464
2 BM25,IB_0323_en,english,hard_test,simple_lookup,True,True,0.0,1.0,1.0,0.3333333333333333
2 BM25,IB_0323_hi,hindi,hard_test,simple_lookup,True,True,0.0,0.0,0.0,0.013333333333333334
2 BM25,IB_0323_hing,hinglish,hard_test,simple_lookup,False,False,0.0,0.0,0.0,0.16666666666666666
2 BM25,IB_0323_ta,tamil,hard_test,simple_lookup,True,False,0.0,0.0,0.0,0.013333333333333334
2 BM25,IB_0324_en,english,test,simple_lookup,False,False,0.0,0.0,0.0,0.09090909090909091
2 BM25,IB_0324_hi,hindi,test,simple_lookup,False,False,0.0,0.0,0.0,0.013333333333333334
2 BM25,IB_0324_hing,hinglish,test,simple_lookup,True,False,0.0,1.0,1.0,0.3333333333333333
2 BM25,IB_0324_ta,tamil,test,simple_lookup,False,False,0.0,0.0,0.0,0.013333333333333334
2 BM25,IB_0325_en,english,test,simple_lookup,False,False,0.0,0.0,0.0,0.16666666666666666
2 BM25,IB_0325_hi,hindi,test,simple_lookup,True,False,0.0,0.0,0.0,0.013333333333333334
2 BM25,IB_0325_hing,hinglish,test,simple_lookup,True,False,0.0,1.0,1.0,0.3333333333333333
2 BM25,IB_0325_ta,tamil,test,simple_lookup,True,False,0.0,0.0,0.0,0.013333333333333334
2 BM25,IB_0327_en,english,dev,simple_lookup,False,False,0.0,0.0,0.0,0.05555555555555555
2 BM25,IB_0327_hi,hindi,dev,simple_lookup,False,False,0.0,0.0,0.0,0.012987012987012988
2 BM25,IB_0327_hing,hinglish,dev,simple_lookup,False,False,0.0,1.0,1.0,0.3333333333333333
2 BM25,IB_0327_ta,tamil,dev,simple_lookup,False,False,0.0,0.0,0.0,0.013333333333333334
2 BM25,IB_0330_en,english,test,cross_year,True,False,0.0,0.0,0.0,0.125
2 BM25,IB_0330_hi,hindi,test,cross_year,True,False,0.0,0.0,0.0,0.013157894736842105
2 BM25,IB_0330_hing,hinglish,test,cross_year,True,False,0.0,1.0,1.0,0.3333333333333333
2 BM25,IB_0330_ta,tamil,test,cross_year,True,False,0.0,0.0,0.0,0.013513513513513514
2 BM25,IB_0331_en,english,hard_test,cross_year,False,True,0.0,0.0,0.0,0.058823529411764705
2 BM25,IB_0331_hi,hindi,hard_test,cross_year,True,True,0.0,0.0,0.0,0.013513513513513514
2 BM25,IB_0331_hing,hinglish,hard_test,cross_year,True,True,0.0,0.0,0.0,0.047619047619047616
2 BM25,IB_0331_ta,tamil,hard_test,cross_year,True,True,0.0,0.0,0.0,0.013513513513513514
2 BM25,IB_0333_en,english,hard_test,cross_year,False,False,0.0,1.0,1.0,0.3333333333333333
2 BM25,IB_0333_hi,hindi,hard_test,cross_year,False,True,0.0,0.0,0.0,0.013157894736842105
2 BM25,IB_0333_hing,hinglish,hard_test,cross_year,False,True,0.0,0.0,0.0,0.034482758620689655
2 BM25,IB_0333_ta,tamil,hard_test,cross_year,False,True,0.0,0.0,0.0,0.013157894736842105
2 BM25,IB_0336_en,english,hard_test,cross_year,False,False,0.0,0.0,0.0,0.014492753623188406
2 BM25,IB_0336_hi,hindi,hard_test,cross_year,True,True,0.0,0.0,0.0,0.013157894736842105
2 BM25,IB_0336_hing,hinglish,hard_test,cross_year,True,False,0.0,0.0,0.0,0.08333333333333333
2 BM25,IB_0336_ta,tamil,hard_test,cross_year,True,True,0.0,0.0,0.0,0.013157894736842105
2 BM25,IB_0339_en,english,test,cross_year,True,False,0.0,1.0,1.0,0.3333333333333333
2 BM25,IB_0339_hi,hindi,test,cross_year,True,False,0.0,0.0,0.0,0.01098901098901099
2 BM25,IB_0339_hing,hinglish,test,cross_year,False,False,0.0,0.0,0.0,0.1111111111111111
2 BM25,IB_0339_ta,tamil,test,cross_year,False,False,0.0,0.0,0.0,0.01098901098901099
2 BM25,IB_0340_en,english,hard_test,cross_year,True,True,0.0,1.0,1.0,0.3333333333333333
2 BM25,IB_0340_hi,hindi,hard_test,cross_year,True,True,0.0,0.0,0.0,0.01098901098901099
2 BM25,IB_0340_hing,hinglish,hard_test,cross_year,True,True,0.0,1.0,1.0,0.3333333333333333
2 BM25,IB_0340_ta,tamil,hard_test,cross_year,False,True,0.0,0.0,0.0,0.01098901098901099
2 BM25,IB_0341_en,english,hard_test,cross_year,True,True,0.0,0.0,0.0,0.0625
2 BM25,IB_0341_hi,hindi,hard_test,cross_year,False,True,0.0,0.0,0.0,0.01098901098901099
2 BM25,IB_0341_hing,hinglish,hard_test,cross_year,True,True,0.0,1.0,1.0,0.3333333333333333
2 BM25,IB_0341_ta,tamil,hard_test,cross_year,True,True,0.0,0.0,0.0,0.01098901098901099
2 BM25,IB_0342_en,english,test,multi_hop,False,False,0.5,0.5,1.0,0.625
2 BM25,IB_0342_hi,hindi,test,multi_hop,True,False,0.0,0.0,0.0,0.013559021623537754
2 BM25,IB_0342_hing,hinglish,test,multi_hop,True,False,0.0,0.0,0.0,0.017113095238095236
2 BM25,IB_0342_ta,tamil,test,multi_hop,False,False,0.0,0.0,0.0,0.013559021623537754
2 BM25,IB_0344_en,english,test,multi_hop,True,False,0.5,1.0,1.0,0.6666666666666666
2 BM25,IB_0344_hi,hindi,test,multi_hop,True,False,0.0,0.0,0.0,0.014092553799276328
2 BM25,IB_0344_hing,hinglish,test,multi_hop,True,False,0.0,0.0,0.0,0.018832662449683728
2 BM25,IB_0344_ta,tamil,test,multi_hop,True,False,0.0,0.0,0.0,0.014092553799276328
2 BM25,IB_0345_en,english,dev,multi_hop,False,False,0.0,0.0,0.0,0.012594268476621418
2 BM25,IB_0345_hi,hindi,dev,multi_hop,False,False,0.0,0.0,0.0,0.014092553799276328
2 BM25,IB_0345_hing,hinglish,dev,multi_hop,False,False,0.0,0.0,0.0,0.018832662449683728
2 BM25,IB_0345_ta,tamil,dev,multi_hop,False,False,0.0,0.0,0.0,0.014092553799276328
2 BM25,IB_0346_en,english,dev,multi_hop,False,False,0.0,0.0,0.0,0.012594268476621418
2 BM25,IB_0346_hi,hindi,dev,multi_hop,False,False,0.0,0.0,0.0,0.013559021623537754
2 BM25,IB_0346_hing,hinglish,dev,multi_hop,False,False,0.0,0.0,0.0,0.021001344086021508
2 BM25,IB_0346_ta,tamil,dev,multi_hop,False,False,0.0,0.0,0.0,0.013559021623537754
2 BM25,IB_0347_en,english,test,multi_hop,False,False,0.0,0.0,0.0,0.012594268476621418
2 BM25,IB_0347_hi,hindi,test,multi_hop,True,False,0.0,0.0,0.0,0.013559021623537754
2 BM25,IB_0347_hing,hinglish,test,multi_hop,False,False,0.0,0.0,0.0,0.017458279845956354
2 BM25,IB_0347_ta,tamil,test,multi_hop,False,False,0.0,0.0,0.0,0.013127090301003345
2 BM25,IB_0349_en,english,hard_test,multi_hop,True,True,0.5,0.5,1.0,0.6
2 BM25,IB_0349_hi,hindi,hard_test,multi_hop,False,True,0.0,0.0,0.0,0.013431013431013432
2 BM25,IB_0349_hing,hinglish,hard_test,multi_hop,True,True,0.0,0.0,0.0,0.017113095238095236
2 BM25,IB_0349_ta,tamil,hard_test,multi_hop,True,False,0.0,0.0,0.0,0.013559021623537754
2 BM25,IB_0353_en,english,hard_test,multi_hop,False,True,0.0,0.0,0.3333333333333333,0.121875
2 BM25,IB_0353_hi,hindi,hard_test,multi_hop,False,True,0.0,0.0,0.0,0.017057977584293376
2 BM25,IB_0353_hing,hinglish,hard_test,multi_hop,True,False,0.0,0.0,0.0,0.02318831011641469
2 BM25,IB_0353_ta,tamil,hard_test,multi_hop,True,True,0.0,0.0,0.0,0.017057977584293376
2 BM25,IB_0354_en,english,test,multi_hop,False,False,0.0,0.3333333333333333,0.6666666666666666,0.23898305084745763
2 BM25,IB_0354_hi,hindi,test,multi_hop,True,False,0.0,0.0,0.0,0.017057977584293376
2 BM25,IB_0354_hing,hinglish,test,multi_hop,True,False,0.0,0.0,0.0,0.02318831011641469
2 BM25,IB_0354_ta,tamil,test,multi_hop,True,False,0.0,0.0,0.0,0.017057977584293376
2 BM25,IB_0355_en,english,dev,multi_hop,False,False,0.3333333333333333,0.6666666666666666,0.6666666666666666,0.4512471655328798
2 BM25,IB_0355_hi,hindi,dev,multi_hop,False,False,0.0,0.0,0.0,0.017057977584293376
2 BM25,IB_0355_hing,hinglish,dev,multi_hop,False,False,0.0,0.0,0.0,0.01790401870943108
2 BM25,IB_0355_ta,tamil,dev,multi_hop,False,False,0.0,0.0,0.0,0.017057977584293376
2 BM25,IB_0356_en,english,test,multi_hop,False,False,0.0,0.3333333333333333,0.6666666666666666,0.23898305084745763
2 BM25,IB_0356_hi,hindi,test,multi_hop,False,False,0.0,0.0,0.0,0.017057977584293376
2 BM25,IB_0356_hing,hinglish,test,multi_hop,False,False,0.3333333333333333,0.6666666666666666,0.6666666666666666,0.4494195688225539
2 BM25,IB_0356_ta,tamil,test,multi_hop,False,False,0.0,0.0,0.0,0.017057977584293376
2 BM25,IB_0357_en,english,hard_test,multi_hop,False,False,0.3333333333333333,0.6666666666666666,0.6666666666666666,0.45219638242894056
2 BM25,IB_0357_hi,hindi,hard_test,multi_hop,False,False,0.0,0.0,0.0,0.01835083295757453
2 BM25,IB_0357_hing,hinglish,hard_test,multi_hop,False,True,0.3333333333333333,0.6666666666666666,0.6666666666666666,0.44973544973544977
2 BM25,IB_0357_ta,tamil,hard_test,multi_hop,True,True,0.0,0.0,0.0,0.01835083295757453
2 BM25,IB_0358_en,english,hard_test,multi_hop,False,True,0.0,1.0,1.0,0.5
2 BM25,IB_0358_hi,hindi,hard_test,multi_hop,False,True,0.0,0.0,0.0,0.013888888888888888
2 BM25,IB_0358_hing,hinglish,hard_test,multi_hop,True,True,0.0,1.0,1.0,0.5
2 BM25,IB_0358_ta,tamil,hard_test,multi_hop,False,False,0.0,0.0,0.0,0.013888888888888888
2 BM25,IB_0359_en,english,test,multi_hop,True,False,1.0,1.0,1.0,1.0
2 BM25,IB_0359_hi,hindi,test,multi_hop,True,False,0.0,0.0,0.0,0.013513513513513514
2 BM25,IB_0359_hing,hinglish,test,multi_hop,True,False,1.0,1.0,1.0,1.0
2 BM25,IB_0359_ta,tamil,test,multi_hop,True,False,0.0,0.0,0.0,0.013513513513513514
2 BM25,IB_0360_en,english,test,multi_hop,False,False,0.0,1.0,1.0,0.5
2 BM25,IB_0360_hi,hindi,test,multi_hop,True,False,0.0,0.0,0.0,0.013513513513513514
2 BM25,IB_0360_hing,hinglish,test,multi_hop,False,False,0.0,0.0,0.0,0.012987012987012988
2 BM25,IB_0360_ta,tamil,test,multi_hop,True,False,0.0,0.0,0.0,0.013513513513513514
2 BM25,IB_0362_en,english,hard_test,multi_hop,False,False,0.0,1.0,1.0,0.5
2 BM25,IB_0362_hi,hindi,hard_test,multi_hop,True,True,0.0,0.0,0.0,0.013513513513513514
2 BM25,IB_0362_hing,hinglish,hard_test,multi_hop,True,False,1.0,1.0,1.0,1.0
2 BM25,IB_0362_ta,tamil,hard_test,multi_hop,True,True,0.0,0.0,0.0,0.013513513513513514
2 BM25,IB_0363_en,english,hard_test,multi_hop,False,True,0.0,1.0,1.0,0.5
2 BM25,IB_0363_hi,hindi,hard_test,multi_hop,True,True,0.0,0.0,0.0,0.013513513513513514
2 BM25,IB_0363_hing,hinglish,hard_test,multi_hop,False,False,0.0,0.0,0.0,0.012987012987012988
2 BM25,IB_0363_ta,tamil,hard_test,multi_hop,False,True,0.0,0.0,0.0,0.013888888888888888
2 BM25,IB_0365_en,english,hard_test,multi_hop,True,False,0.0,0.0,0.5,0.14423076923076922
2 BM25,IB_0365_hi,hindi,hard_test,multi_hop,True,True,0.0,0.0,0.0,0.012503883193538366
2 BM25,IB_0365_hing,hinglish,hard_test,multi_hop,True,True,0.0,0.0,0.0,0.09316770186335403
2 BM25,IB_0365_ta,tamil,hard_test,multi_hop,True,False,0.0,0.0,0.0,0.012503883193538366
2 BM25,IB_0366_en,english,dev,multi_hop,False,False,0.5,0.5,0.5,0.515625
2 BM25,IB_0366_hi,hindi,dev,multi_hop,False,False,0.0,0.0,0.0,0.012826797385620915
2 BM25,IB_0366_hing,hinglish,dev,multi_hop,False,False,0.5,0.5,0.5,0.5217391304347826
2 BM25,IB_0366_ta,tamil,dev,multi_hop,False,False,0.0,0.0,0.0,0.012503883193538366
2 BM25,IB_0367_en,english,dev,multi_hop,False,False,0.0,0.5,0.5,0.20238095238095238
2 BM25,IB_0367_hi,hindi,dev,multi_hop,False,False,0.0,0.0,0.0,0.012503883193538366
2 BM25,IB_0367_hing,hinglish,dev,multi_hop,False,False,0.0,0.0,0.0,0.09316770186335403
2 BM25,IB_0367_ta,tamil,dev,multi_hop,False,False,0.0,0.0,0.0,0.012503883193538366
2 BM25,IB_0368_en,english,dev,multi_hop,False,False,0.0,0.0,0.0,0.08055555555555555
2 BM25,IB_0368_hi,hindi,dev,multi_hop,False,False,0.0,0.0,0.0,0.012503883193538366
2 BM25,IB_0368_hing,hinglish,dev,multi_hop,False,False,0.5,0.5,0.5,0.525
2 BM25,IB_0368_ta,tamil,dev,multi_hop,False,False,0.0,0.0,0.0,0.012503883193538366
2 BM25,IB_0371_en,english,test,multi_hop,True,False,0.0,0.0,0.5,0.15
2 BM25,IB_0371_hi,hindi,test,multi_hop,True,False,0.0,0.0,0.0,0.012826797385620915
2 BM25,IB_0371_hing,hinglish,test,multi_hop,False,False,0.5,0.5,0.5,0.5357142857142857
2 BM25,IB_0371_ta,tamil,test,multi_hop,True,False,0.0,0.0,0.0,0.012826797385620915
3 off-the-shelf mE5-small,IB_0001_en,english,test,filtered_aggregate,True,False,0.0,1.0,1.0,0.5
3 off-the-shelf mE5-small,IB_0001_hi,hindi,test,filtered_aggregate,False,False,0.0,0.0,0.0,0.015384615384615385
3 off-the-shelf mE5-small,IB_0001_hing,hinglish,test,filtered_aggregate,False,False,0.0,1.0,1.0,0.5
3 off-the-shelf mE5-small,IB_0001_ta,tamil,test,filtered_aggregate,True,False,0.0,0.0,0.0,0.08333333333333333
3 off-the-shelf mE5-small,IB_0002_en,english,dev,filtered_aggregate,False,False,0.0,1.0,1.0,0.3333333333333333
3 off-the-shelf mE5-small,IB_0002_hi,hindi,dev,filtered_aggregate,False,False,0.0,0.0,0.0,0.034482758620689655
3 off-the-shelf mE5-small,IB_0002_hing,hinglish,dev,filtered_aggregate,False,False,0.0,1.0,1.0,0.3333333333333333
3 off-the-shelf mE5-small,IB_0002_ta,tamil,dev,filtered_aggregate,False,False,0.0,0.0,0.0,0.0196078431372549
3 off-the-shelf mE5-small,IB_0004_en,english,hard_test,filtered_aggregate,True,True,0.0,0.0,1.0,0.25
3 off-the-shelf mE5-small,IB_0004_hi,hindi,hard_test,filtered_aggregate,True,True,0.0,1.0,1.0,0.3333333333333333
3 off-the-shelf mE5-small,IB_0004_hing,hinglish,hard_test,filtered_aggregate,False,True,0.0,1.0,1.0,0.3333333333333333
3 off-the-shelf mE5-small,IB_0004_ta,tamil,hard_test,filtered_aggregate,True,False,0.0,1.0,1.0,0.3333333333333333
3 off-the-shelf mE5-small,IB_0007_en,english,dev,filtered_aggregate,False,False,0.0,0.0,1.0,0.25
3 off-the-shelf mE5-small,IB_0007_hi,hindi,dev,filtered_aggregate,False,False,0.0,0.0,0.0,0.05
3 off-the-shelf mE5-small,IB_0007_hing,hinglish,dev,filtered_aggregate,False,False,0.0,1.0,1.0,0.3333333333333333
3 off-the-shelf mE5-small,IB_0007_ta,tamil,dev,filtered_aggregate,False,False,0.0,0.0,0.0,0.017543859649122806
3 off-the-shelf mE5-small,IB_0009_en,english,dev,filtered_aggregate,False,False,1.0,1.0,1.0,1.0
3 off-the-shelf mE5-small,IB_0009_hi,hindi,dev,filtered_aggregate,False,False,0.0,0.0,0.0,0.02631578947368421
3 off-the-shelf mE5-small,IB_0009_hing,hinglish,dev,filtered_aggregate,False,False,0.0,1.0,1.0,0.3333333333333333
3 off-the-shelf mE5-small,IB_0009_ta,tamil,dev,filtered_aggregate,False,False,0.0,0.0,0.0,0.023255813953488372
3 off-the-shelf mE5-small,IB_0010_en,english,test,filtered_aggregate,False,False,0.0,0.0,1.0,0.25
3 off-the-shelf mE5-small,IB_0010_hi,hindi,test,filtered_aggregate,False,False,0.0,0.0,0.0,0.02631578947368421
3 off-the-shelf mE5-small,IB_0010_hing,hinglish,test,filtered_aggregate,True,False,0.0,0.0,0.0,0.011764705882352941
3 off-the-shelf mE5-small,IB_0010_ta,tamil,test,filtered_aggregate,True,False,0.0,0.0,0.0,0.1111111111111111
3 off-the-shelf mE5-small,IB_0011_en,english,hard_test,cross_year,False,True,1.0,1.0,1.0,1.0
3 off-the-shelf mE5-small,IB_0011_hi,hindi,hard_test,cross_year,True,True,1.0,1.0,1.0,1.0
3 off-the-shelf mE5-small,IB_0011_hing,hinglish,hard_test,cross_year,True,True,1.0,1.0,1.0,1.0
3 off-the-shelf mE5-small,IB_0011_ta,tamil,hard_test,cross_year,True,False,0.0,0.0,1.0,0.2
3 off-the-shelf mE5-small,IB_0012_en,english,dev,cross_year,False,False,1.0,1.0,1.0,1.0
3 off-the-shelf mE5-small,IB_0012_hi,hindi,dev,cross_year,False,False,0.0,0.0,0.0,0.14285714285714285
3 off-the-shelf mE5-small,IB_0012_hing,hinglish,dev,cross_year,False,False,0.0,1.0,1.0,0.5
3 off-the-shelf mE5-small,IB_0012_ta,tamil,dev,cross_year,False,False,0.0,0.0,0.0,0.14285714285714285
3 off-the-shelf mE5-small,IB_0015_en,english,hard_test,cross_year,True,False,1.0,1.0,1.0,1.0
3 off-the-shelf mE5-small,IB_0015_hi,hindi,hard_test,cross_year,True,True,0.0,1.0,1.0,0.5
3 off-the-shelf mE5-small,IB_0015_hing,hinglish,hard_test,cross_year,False,True,1.0,1.0,1.0,1.0
3 off-the-shelf mE5-small,IB_0015_ta,tamil,hard_test,cross_year,True,True,0.0,1.0,1.0,0.5
3 off-the-shelf mE5-small,IB_0016_en,english,dev,cross_year,False,False,0.0,1.0,1.0,0.5
3 off-the-shelf mE5-small,IB_0016_hi,hindi,dev,cross_year,False,False,0.0,0.0,0.0,0.05263157894736842
3 off-the-shelf mE5-small,IB_0016_hing,hinglish,dev,cross_year,False,False,1.0,1.0,1.0,1.0
3 off-the-shelf mE5-small,IB_0016_ta,tamil,dev,cross_year,False,False,0.0,0.0,0.0,0.16666666666666666
3 off-the-shelf mE5-small,IB_0017_en,english,test,cross_year,True,False,1.0,1.0,1.0,1.0
3 off-the-shelf mE5-small,IB_0017_hi,hindi,test,cross_year,True,False,1.0,1.0,1.0,1.0
3 off-the-shelf mE5-small,IB_0017_hing,hinglish,test,cross_year,True,False,1.0,1.0,1.0,1.0
3 off-the-shelf mE5-small,IB_0017_ta,tamil,test,cross_year,False,False,1.0,1.0,1.0,1.0
3 off-the-shelf mE5-small,IB_0018_en,english,test,cross_year,True,False,1.0,1.0,1.0,1.0
3 off-the-shelf mE5-small,IB_0018_hi,hindi,test,cross_year,False,False,1.0,1.0,1.0,1.0
3 off-the-shelf mE5-small,IB_0018_hing,hinglish,test,cross_year,True,False,1.0,1.0,1.0,1.0
3 off-the-shelf mE5-small,IB_0018_ta,tamil,test,cross_year,True,False,0.0,0.0,0.0,0.14285714285714285
3 off-the-shelf mE5-small,IB_0021_en,english,test,cross_year,True,False,1.0,1.0,1.0,1.0
3 off-the-shelf mE5-small,IB_0021_hi,hindi,test,cross_year,True,False,0.0,0.0,1.0,0.2
3 off-the-shelf mE5-small,IB_0021_hing,hinglish,test,cross_year,True,False,0.0,0.0,0.0,0.14285714285714285
3 off-the-shelf mE5-small,IB_0021_ta,tamil,test,cross_year,True,False,0.0,0.0,0.0,0.1
3 off-the-shelf mE5-small,IB_0022_en,english,hard_test,cross_year,True,False,1.0,1.0,1.0,1.0
3 off-the-shelf mE5-small,IB_0022_hi,hindi,hard_test,cross_year,True,True,0.0,0.0,0.0,0.14285714285714285
3 off-the-shelf mE5-small,IB_0022_hing,hinglish,hard_test,cross_year,True,True,1.0,1.0,1.0,1.0
3 off-the-shelf mE5-small,IB_0022_ta,tamil,hard_test,cross_year,False,True,0.0,0.0,0.0,0.14285714285714285
3 off-the-shelf mE5-small,IB_0025_en,english,dev,multi_hop,False,False,1.0,1.0,1.0,1.0
3 off-the-shelf mE5-small,IB_0025_hi,hindi,dev,multi_hop,False,False,1.0,1.0,1.0,1.0
3 off-the-shelf mE5-small,IB_0025_hing,hinglish,dev,multi_hop,False,False,1.0,1.0,1.0,1.0
3 off-the-shelf mE5-small,IB_0025_ta,tamil,dev,multi_hop,False,False,1.0,1.0,1.0,1.0
3 off-the-shelf mE5-small,IB_0026_en,english,dev,multi_hop,False,False,1.0,1.0,1.0,1.0
3 off-the-shelf mE5-small,IB_0026_hi,hindi,dev,multi_hop,False,False,1.0,1.0,1.0,1.0
3 off-the-shelf mE5-small,IB_0026_hing,hinglish,dev,multi_hop,False,False,1.0,1.0,1.0,1.0
3 off-the-shelf mE5-small,IB_0026_ta,tamil,dev,multi_hop,False,False,1.0,1.0,1.0,1.0
3 off-the-shelf mE5-small,IB_0029_en,english,dev,multi_hop,False,False,1.0,1.0,1.0,1.0
3 off-the-shelf mE5-small,IB_0029_hi,hindi,dev,multi_hop,False,False,1.0,1.0,1.0,1.0
3 off-the-shelf mE5-small,IB_0029_hing,hinglish,dev,multi_hop,False,False,0.0,1.0,1.0,0.5
3 off-the-shelf mE5-small,IB_0029_ta,tamil,dev,multi_hop,False,False,1.0,1.0,1.0,1.0
3 off-the-shelf mE5-small,IB_0034_en,english,dev,filtered_aggregate,False,False,0.0,0.0,1.0,0.2
3 off-the-shelf mE5-small,IB_0034_hi,hindi,dev,filtered_aggregate,False,False,0.0,1.0,1.0,0.3333333333333333
3 off-the-shelf mE5-small,IB_0034_hing,hinglish,dev,filtered_aggregate,False,False,0.0,0.0,0.0,0.125
3 off-the-shelf mE5-small,IB_0034_ta,tamil,dev,filtered_aggregate,False,False,1.0,1.0,1.0,1.0
3 off-the-shelf mE5-small,IB_0035_en,english,dev,filtered_aggregate,False,False,1.0,1.0,1.0,1.0
3 off-the-shelf mE5-small,IB_0035_hi,hindi,dev,filtered_aggregate,False,False,1.0,1.0,1.0,1.0
3 off-the-shelf mE5-small,IB_0035_hing,hinglish,dev,filtered_aggregate,False,False,1.0,1.0,1.0,1.0
3 off-the-shelf mE5-small,IB_0035_ta,tamil,dev,filtered_aggregate,False,False,1.0,1.0,1.0,1.0
3 off-the-shelf mE5-small,IB_0036_en,english,hard_test,filtered_aggregate,True,True,0.0,0.0,0.0,0.1
3 off-the-shelf mE5-small,IB_0036_hi,hindi,hard_test,filtered_aggregate,False,True,1.0,1.0,1.0,1.0
3 off-the-shelf mE5-small,IB_0036_hing,hinglish,hard_test,filtered_aggregate,True,True,1.0,1.0,1.0,1.0
3 off-the-shelf mE5-small,IB_0036_ta,tamil,hard_test,filtered_aggregate,True,True,0.0,1.0,1.0,0.5
3 off-the-shelf mE5-small,IB_0037_en,english,test,filtered_aggregate,True,False,0.0,0.0,0.0,0.09090909090909091
3 off-the-shelf mE5-small,IB_0037_hi,hindi,test,filtered_aggregate,True,False,0.0,1.0,1.0,0.3333333333333333
3 off-the-shelf mE5-small,IB_0037_hing,hinglish,test,filtered_aggregate,False,False,0.0,0.0,1.0,0.25
3 off-the-shelf mE5-small,IB_0037_ta,tamil,test,filtered_aggregate,False,False,1.0,1.0,1.0,1.0
3 off-the-shelf mE5-small,IB_0045_en,english,hard_test,filtered_aggregate,True,True,1.0,1.0,1.0,1.0
3 off-the-shelf mE5-small,IB_0045_hi,hindi,hard_test,filtered_aggregate,True,True,0.0,1.0,1.0,0.5
3 off-the-shelf mE5-small,IB_0045_hing,hinglish,hard_test,filtered_aggregate,True,True,0.0,1.0,1.0,0.3333333333333333
3 off-the-shelf mE5-small,IB_0045_ta,tamil,hard_test,filtered_aggregate,True,True,0.0,0.0,0.0,0.14285714285714285
3 off-the-shelf mE5-small,IB_0047_en,english,test,filtered_aggregate,True,False,1.0,1.0,1.0,1.0
3 off-the-shelf mE5-small,IB_0047_hi,hindi,test,filtered_aggregate,True,False,1.0,1.0,1.0,1.0
3 off-the-shelf mE5-small,IB_0047_hing,hinglish,test,filtered_aggregate,True,False,1.0,1.0,1.0,1.0
3 off-the-shelf mE5-small,IB_0047_ta,tamil,test,filtered_aggregate,False,False,1.0,1.0,1.0,1.0
3 off-the-shelf mE5-small,IB_0048_en,english,test,filtered_aggregate,False,False,1.0,1.0,1.0,1.0
3 off-the-shelf mE5-small,IB_0048_hi,hindi,test,filtered_aggregate,False,False,1.0,1.0,1.0,1.0
3 off-the-shelf mE5-small,IB_0048_hing,hinglish,test,filtered_aggregate,False,False,1.0,1.0,1.0,1.0
3 off-the-shelf mE5-small,IB_0048_ta,tamil,test,filtered_aggregate,True,False,1.0,1.0,1.0,1.0
3 off-the-shelf mE5-small,IB_0050_en,english,test,filtered_aggregate,True,False,1.0,1.0,1.0,1.0
3 off-the-shelf mE5-small,IB_0050_hi,hindi,test,filtered_aggregate,True,False,1.0,1.0,1.0,1.0
3 off-the-shelf mE5-small,IB_0050_hing,hinglish,test,filtered_aggregate,False,False,1.0,1.0,1.0,1.0
3 off-the-shelf mE5-small,IB_0050_ta,tamil,test,filtered_aggregate,True,False,1.0,1.0,1.0,1.0
3 off-the-shelf mE5-small,IB_0051_en,english,test,filtered_aggregate,True,False,1.0,1.0,1.0,1.0
3 off-the-shelf mE5-small,IB_0051_hi,hindi,test,filtered_aggregate,False,False,1.0,1.0,1.0,1.0
3 off-the-shelf mE5-small,IB_0051_hing,hinglish,test,filtered_aggregate,False,False,1.0,1.0,1.0,1.0
3 off-the-shelf mE5-small,IB_0051_ta,tamil,test,filtered_aggregate,True,False,1.0,1.0,1.0,1.0
3 off-the-shelf mE5-small,IB_0052_en,english,dev,filtered_aggregate,False,False,0.0,0.0,1.0,0.25
3 off-the-shelf mE5-small,IB_0052_hi,hindi,dev,filtered_aggregate,False,False,0.0,0.0,0.0,0.1111111111111111
3 off-the-shelf mE5-small,IB_0052_hing,hinglish,dev,filtered_aggregate,False,False,0.0,0.0,1.0,0.25
3 off-the-shelf mE5-small,IB_0052_ta,tamil,dev,filtered_aggregate,False,False,0.0,0.0,0.0,0.14285714285714285
3 off-the-shelf mE5-small,IB_0053_en,english,test,filtered_aggregate,True,False,0.0,0.0,0.0,0.14285714285714285
3 off-the-shelf mE5-small,IB_0053_hi,hindi,test,filtered_aggregate,True,False,0.0,0.0,1.0,0.2
3 off-the-shelf mE5-small,IB_0053_hing,hinglish,test,filtered_aggregate,True,False,0.0,0.0,0.0,0.14285714285714285
3 off-the-shelf mE5-small,IB_0053_ta,tamil,test,filtered_aggregate,True,False,0.0,0.0,0.0,0.125
3 off-the-shelf mE5-small,IB_0055_en,english,dev,cross_year,False,False,1.0,1.0,1.0,1.0
3 off-the-shelf mE5-small,IB_0055_hi,hindi,dev,cross_year,False,False,1.0,1.0,1.0,1.0
3 off-the-shelf mE5-small,IB_0055_hing,hinglish,dev,cross_year,False,False,0.0,0.0,1.0,0.25
3 off-the-shelf mE5-small,IB_0055_ta,tamil,dev,cross_year,False,False,1.0,1.0,1.0,1.0
3 off-the-shelf mE5-small,IB_0056_en,english,hard_test,cross_year,True,True,1.0,1.0,1.0,1.0
3 off-the-shelf mE5-small,IB_0056_hi,hindi,hard_test,cross_year,True,True,0.0,1.0,1.0,0.5
3 off-the-shelf mE5-small,IB_0056_hing,hinglish,hard_test,cross_year,True,True,1.0,1.0,1.0,1.0
3 off-the-shelf mE5-small,IB_0056_ta,tamil,hard_test,cross_year,True,False,0.0,1.0,1.0,0.5
3 off-the-shelf mE5-small,IB_0057_en,english,hard_test,cross_year,True,False,1.0,1.0,1.0,1.0
3 off-the-shelf mE5-small,IB_0057_hi,hindi,hard_test,cross_year,True,True,0.0,0.0,0.0,0.14285714285714285
3 off-the-shelf mE5-small,IB_0057_hing,hinglish,hard_test,cross_year,True,False,0.0,1.0,1.0,0.3333333333333333
3 off-the-shelf mE5-small,IB_0057_ta,tamil,hard_test,cross_year,True,True,0.0,0.0,0.0,0.14285714285714285
3 off-the-shelf mE5-small,IB_0060_en,english,test,cross_year,True,False,1.0,1.0,1.0,1.0
3 off-the-shelf mE5-small,IB_0060_hi,hindi,test,cross_year,True,False,0.0,0.0,0.0,0.14285714285714285
3 off-the-shelf mE5-small,IB_0060_hing,hinglish,test,cross_year,False,False,1.0,1.0,1.0,1.0
3 off-the-shelf mE5-small,IB_0060_ta,tamil,test,cross_year,True,False,0.0,0.0,0.0,0.14285714285714285
3 off-the-shelf mE5-small,IB_0065_en,english,test,filtered_aggregate,True,False,1.0,1.0,1.0,1.0
3 off-the-shelf mE5-small,IB_0065_hi,hindi,test,filtered_aggregate,True,False,0.0,0.0,0.0,0.02631578947368421
3 off-the-shelf mE5-small,IB_0065_hing,hinglish,test,filtered_aggregate,True,False,0.0,0.0,0.0,0.015873015873015872
3 off-the-shelf mE5-small,IB_0065_ta,tamil,test,filtered_aggregate,False,False,0.0,0.0,0.0,0.043478260869565216
3 off-the-shelf mE5-small,IB_0067_en,english,test,filtered_aggregate,False,False,1.0,1.0,1.0,1.0
3 off-the-shelf mE5-small,IB_0067_hi,hindi,test,filtered_aggregate,True,False,0.0,0.0,0.0,0.025
3 off-the-shelf mE5-small,IB_0067_hing,hinglish,test,filtered_aggregate,True,False,0.0,0.0,0.0,0.02
3 off-the-shelf mE5-small,IB_0067_ta,tamil,test,filtered_aggregate,True,False,0.0,0.0,0.0,0.058823529411764705
3 off-the-shelf mE5-small,IB_0068_en,english,test,filtered_aggregate,True,False,1.0,1.0,1.0,1.0
3 off-the-shelf mE5-small,IB_0068_hi,hindi,test,filtered_aggregate,False,False,0.0,0.0,0.0,0.024390243902439025
3 off-the-shelf mE5-small,IB_0068_hing,hinglish,test,filtered_aggregate,True,False,0.0,0.0,0.0,0.018867924528301886
3 off-the-shelf mE5-small,IB_0068_ta,tamil,test,filtered_aggregate,True,False,0.0,0.0,0.0,0.1111111111111111
3 off-the-shelf mE5-small,IB_0071_en,english,hard_test,filtered_aggregate,True,False,1.0,1.0,1.0,1.0
3 off-the-shelf mE5-small,IB_0071_hi,hindi,hard_test,filtered_aggregate,False,False,0.0,0.0,0.0,0.05
3 off-the-shelf mE5-small,IB_0071_hing,hinglish,hard_test,filtered_aggregate,True,True,0.0,0.0,0.0,0.018518518518518517
3 off-the-shelf mE5-small,IB_0071_ta,tamil,hard_test,filtered_aggregate,True,True,0.0,0.0,0.0,0.1
3 off-the-shelf mE5-small,IB_0077_en,english,hard_test,cross_year,True,True,0.0,1.0,1.0,0.3333333333333333
3 off-the-shelf mE5-small,IB_0077_hi,hindi,hard_test,cross_year,True,False,1.0,1.0,1.0,1.0
3 off-the-shelf mE5-small,IB_0077_hing,hinglish,hard_test,cross_year,True,True,0.0,1.0,1.0,0.3333333333333333
3 off-the-shelf mE5-small,IB_0077_ta,tamil,hard_test,cross_year,True,True,0.0,0.0,1.0,0.25
3 off-the-shelf mE5-small,IB_0078_en,english,test,cross_year,True,False,1.0,1.0,1.0,1.0
3 off-the-shelf mE5-small,IB_0078_hi,hindi,test,cross_year,True,False,1.0,1.0,1.0,1.0
3 off-the-shelf mE5-small,IB_0078_hing,hinglish,test,cross_year,True,False,0.0,0.0,1.0,0.2
3 off-the-shelf mE5-small,IB_0078_ta,tamil,test,cross_year,True,False,0.0,0.0,0.0,0.1111111111111111
3 off-the-shelf mE5-small,IB_0079_en,english,hard_test,cross_year,True,True,1.0,1.0,1.0,1.0
3 off-the-shelf mE5-small,IB_0079_hi,hindi,hard_test,cross_year,True,True,1.0,1.0,1.0,1.0
3 off-the-shelf mE5-small,IB_0079_hing,hinglish,hard_test,cross_year,True,True,0.0,0.0,1.0,0.25
3 off-the-shelf mE5-small,IB_0079_ta,tamil,hard_test,cross_year,False,True,0.0,0.0,0.0,0.1111111111111111
3 off-the-shelf mE5-small,IB_0080_en,english,hard_test,cross_year,True,True,1.0,1.0,1.0,1.0
3 off-the-shelf mE5-small,IB_0080_hi,hindi,hard_test,cross_year,True,True,1.0,1.0,1.0,1.0
3 off-the-shelf mE5-small,IB_0080_hing,hinglish,hard_test,cross_year,True,True,0.0,1.0,1.0,0.3333333333333333
3 off-the-shelf mE5-small,IB_0080_ta,tamil,hard_test,cross_year,True,True,0.0,1.0,1.0,0.5
3 off-the-shelf mE5-small,IB_0081_en,english,dev,filtered_aggregate,False,False,1.0,1.0,1.0,1.0
3 off-the-shelf mE5-small,IB_0081_hi,hindi,dev,filtered_aggregate,False,False,0.0,0.0,0.0,0.02631578947368421
3 off-the-shelf mE5-small,IB_0081_hing,hinglish,dev,filtered_aggregate,False,False,0.0,1.0,1.0,0.3333333333333333
3 off-the-shelf mE5-small,IB_0081_ta,tamil,dev,filtered_aggregate,False,False,0.0,0.0,0.0,0.058823529411764705
3 off-the-shelf mE5-small,IB_0082_en,english,dev,filtered_aggregate,False,False,0.0,1.0,1.0,0.3333333333333333
3 off-the-shelf mE5-small,IB_0082_hi,hindi,dev,filtered_aggregate,False,False,0.0,0.0,0.0,0.041666666666666664
3 off-the-shelf mE5-small,IB_0082_hing,hinglish,dev,filtered_aggregate,False,False,0.0,0.0,0.0,0.030303030303030304
3 off-the-shelf mE5-small,IB_0082_ta,tamil,dev,filtered_aggregate,False,False,0.0,0.0,0.0,0.037037037037037035
3 off-the-shelf mE5-small,IB_0083_en,english,dev,filtered_aggregate,False,False,0.0,1.0,1.0,0.3333333333333333
3 off-the-shelf mE5-small,IB_0083_hi,hindi,dev,filtered_aggregate,False,False,0.0,0.0,0.0,0.04
3 off-the-shelf mE5-small,IB_0083_hing,hinglish,dev,filtered_aggregate,False,False,0.0,0.0,0.0,0.041666666666666664
3 off-the-shelf mE5-small,IB_0083_ta,tamil,dev,filtered_aggregate,False,False,0.0,0.0,0.0,0.038461538461538464
3 off-the-shelf mE5-small,IB_0085_en,english,dev,filtered_aggregate,False,False,0.0,1.0,1.0,0.3333333333333333
3 off-the-shelf mE5-small,IB_0085_hi,hindi,dev,filtered_aggregate,False,False,0.0,0.0,0.0,0.019230769230769232
3 off-the-shelf mE5-small,IB_0085_hing,hinglish,dev,filtered_aggregate,False,False,0.0,1.0,1.0,0.3333333333333333
3 off-the-shelf mE5-small,IB_0085_ta,tamil,dev,filtered_aggregate,False,False,0.0,0.0,0.0,0.034482758620689655
3 off-the-shelf mE5-small,IB_0087_en,english,test,filtered_aggregate,True,False,0.0,1.0,1.0,0.5
3 off-the-shelf mE5-small,IB_0087_hi,hindi,test,filtered_aggregate,True,False,0.0,0.0,0.0,0.08333333333333333
3 off-the-shelf mE5-small,IB_0087_hing,hinglish,test,filtered_aggregate,False,False,0.0,1.0,1.0,0.3333333333333333
3 off-the-shelf mE5-small,IB_0087_ta,tamil,test,filtered_aggregate,True,False,0.0,0.0,0.0,0.04
3 off-the-shelf mE5-small,IB_0089_en,english,dev,cross_year,False,False,0.0,0.0,0.0,0.05263157894736842
3 off-the-shelf mE5-small,IB_0089_hi,hindi,dev,cross_year,False,False,0.0,0.0,0.0,0.02702702702702703
3 off-the-shelf mE5-small,IB_0089_hing,hinglish,dev,cross_year,False,False,0.0,0.0,0.0,0.02702702702702703
3 off-the-shelf mE5-small,IB_0089_ta,tamil,dev,cross_year,False,False,0.0,0.0,0.0,0.047619047619047616
3 off-the-shelf mE5-small,IB_0090_en,english,hard_test,cross_year,True,False,0.0,0.0,1.0,0.25
3 off-the-shelf mE5-small,IB_0090_hi,hindi,hard_test,cross_year,True,True,0.0,0.0,0.0,0.029411764705882353
3 off-the-shelf mE5-small,IB_0090_hing,hinglish,hard_test,cross_year,True,True,0.0,0.0,0.0,0.058823529411764705
3 off-the-shelf mE5-small,IB_0090_ta,tamil,hard_test,cross_year,False,True,0.0,0.0,0.0,0.058823529411764705
3 off-the-shelf mE5-small,IB_0093_en,english,test,cross_year,True,False,1.0,1.0,1.0,1.0
3 off-the-shelf mE5-small,IB_0093_hi,hindi,test,cross_year,True,False,0.0,0.0,0.0,0.02857142857142857
3 off-the-shelf mE5-small,IB_0093_hing,hinglish,test,cross_year,True,False,1.0,1.0,1.0,1.0
3 off-the-shelf mE5-small,IB_0093_ta,tamil,test,cross_year,True,False,1.0,1.0,1.0,1.0
3 off-the-shelf mE5-small,IB_0097_en,english,test,simple_lookup,True,False,1.0,1.0,1.0,1.0
3 off-the-shelf mE5-small,IB_0097_hi,hindi,test,simple_lookup,True,False,0.0,0.0,0.0,0.058823529411764705
3 off-the-shelf mE5-small,IB_0097_hing,hinglish,test,simple_lookup,False,False,0.0,1.0,1.0,0.5
3 off-the-shelf mE5-small,IB_0097_ta,tamil,test,simple_lookup,True,False,0.0,0.0,0.0,0.047619047619047616
3 off-the-shelf mE5-small,IB_0099_en,english,test,simple_lookup,True,False,1.0,1.0,1.0,1.0
3 off-the-shelf mE5-small,IB_0099_hi,hindi,test,simple_lookup,False,False,0.0,0.0,0.0,0.07692307692307693
3 off-the-shelf mE5-small,IB_0099_hing,hinglish,test,simple_lookup,True,False,0.0,0.0,0.0,0.09090909090909091
3 off-the-shelf mE5-small,IB_0099_ta,tamil,test,simple_lookup,True,False,0.0,0.0,0.0,0.03333333333333333
3 off-the-shelf mE5-small,IB_0100_en,english,dev,simple_lookup,False,False,1.0,1.0,1.0,1.0
3 off-the-shelf mE5-small,IB_0100_hi,hindi,dev,simple_lookup,False,False,0.0,0.0,1.0,0.25
3 off-the-shelf mE5-small,IB_0100_hing,hinglish,dev,simple_lookup,False,False,0.0,0.0,0.0,0.14285714285714285
3 off-the-shelf mE5-small,IB_0100_ta,tamil,dev,simple_lookup,False,False,0.0,1.0,1.0,0.3333333333333333
3 off-the-shelf mE5-small,IB_0101_en,english,hard_test,simple_lookup,True,True,1.0,1.0,1.0,1.0
3 off-the-shelf mE5-small,IB_0101_hi,hindi,hard_test,simple_lookup,True,False,0.0,0.0,0.0,0.14285714285714285
3 off-the-shelf mE5-small,IB_0101_hing,hinglish,hard_test,simple_lookup,True,True,0.0,0.0,0.0,0.05555555555555555
3 off-the-shelf mE5-small,IB_0101_ta,tamil,hard_test,simple_lookup,True,False,0.0,0.0,0.0,0.02857142857142857
3 off-the-shelf mE5-small,IB_0102_en,english,hard_test,simple_lookup,False,True,0.0,1.0,1.0,0.5
3 off-the-shelf mE5-small,IB_0102_hi,hindi,hard_test,simple_lookup,False,False,0.0,1.0,1.0,0.5
3 off-the-shelf mE5-small,IB_0102_hing,hinglish,hard_test,simple_lookup,True,True,0.0,0.0,0.0,0.06666666666666667
3 off-the-shelf mE5-small,IB_0102_ta,tamil,hard_test,simple_lookup,True,True,0.0,0.0,1.0,0.2
3 off-the-shelf mE5-small,IB_0107_en,english,hard_test,simple_lookup,True,True,1.0,1.0,1.0,1.0
3 off-the-shelf mE5-small,IB_0107_hi,hindi,hard_test,simple_lookup,False,True,1.0,1.0,1.0,1.0
3 off-the-shelf mE5-small,IB_0107_hing,hinglish,hard_test,simple_lookup,True,True,1.0,1.0,1.0,1.0
3 off-the-shelf mE5-small,IB_0107_ta,tamil,hard_test,simple_lookup,False,True,1.0,1.0,1.0,1.0
3 off-the-shelf mE5-small,IB_0110_en,english,test,simple_lookup,True,False,0.0,0.0,1.0,0.2
3 off-the-shelf mE5-small,IB_0110_hi,hindi,test,simple_lookup,True,False,0.0,0.0,0.0,0.125
3 off-the-shelf mE5-small,IB_0110_hing,hinglish,test,simple_lookup,False,False,0.0,1.0,1.0,0.5
3 off-the-shelf mE5-small,IB_0110_ta,tamil,test,simple_lookup,True,False,1.0,1.0,1.0,1.0
3 off-the-shelf mE5-small,IB_0112_en,english,test,filtered_aggregate,True,False,1.0,1.0,1.0,1.0
3 off-the-shelf mE5-small,IB_0112_hi,hindi,test,filtered_aggregate,False,False,0.0,0.0,0.0,0.011627906976744186
3 off-the-shelf mE5-small,IB_0112_hing,hinglish,test,filtered_aggregate,False,False,0.0,0.0,0.0,0.01639344262295082
3 off-the-shelf mE5-small,IB_0112_ta,tamil,test,filtered_aggregate,True,False,0.0,0.0,0.0,0.037037037037037035
3 off-the-shelf mE5-small,IB_0114_en,english,test,filtered_aggregate,True,False,1.0,1.0,1.0,1.0
3 off-the-shelf mE5-small,IB_0114_hi,hindi,test,filtered_aggregate,True,False,0.0,0.0,0.0,0.018867924528301886
3 off-the-shelf mE5-small,IB_0114_hing,hinglish,test,filtered_aggregate,False,False,0.0,0.0,0.0,0.14285714285714285
3 off-the-shelf mE5-small,IB_0114_ta,tamil,test,filtered_aggregate,True,False,0.0,0.0,0.0,0.047619047619047616
3 off-the-shelf mE5-small,IB_0115_en,english,test,filtered_aggregate,True,False,0.0,1.0,1.0,0.5
3 off-the-shelf mE5-small,IB_0115_hi,hindi,test,filtered_aggregate,True,False,0.0,0.0,0.0,0.014925373134328358
3 off-the-shelf mE5-small,IB_0115_hing,hinglish,test,filtered_aggregate,True,False,0.0,1.0,1.0,0.5
3 off-the-shelf mE5-small,IB_0115_ta,tamil,test,filtered_aggregate,False,False,0.0,0.0,1.0,0.25
3 off-the-shelf mE5-small,IB_0116_en,english,hard_test,filtered_aggregate,False,True,0.0,0.0,1.0,0.2
3 off-the-shelf mE5-small,IB_0116_hi,hindi,hard_test,filtered_aggregate,True,False,0.0,0.0,0.0,0.01282051282051282
3 off-the-shelf mE5-small,IB_0116_hing,hinglish,hard_test,filtered_aggregate,True,True,0.0,0.0,1.0,0.2
3 off-the-shelf mE5-small,IB_0116_ta,tamil,hard_test,filtered_aggregate,True,True,0.0,0.0,0.0,0.018518518518518517
3 off-the-shelf mE5-small,IB_0117_en,english,test,filtered_aggregate,False,False,0.0,0.0,0.0,0.08333333333333333
3 off-the-shelf mE5-small,IB_0117_hi,hindi,test,filtered_aggregate,True,False,0.0,0.0,0.0,0.011627906976744186
3 off-the-shelf mE5-small,IB_0117_hing,hinglish,test,filtered_aggregate,False,False,0.0,0.0,0.0,0.01694915254237288
3 off-the-shelf mE5-small,IB_0117_ta,tamil,test,filtered_aggregate,False,False,0.0,0.0,1.0,0.2
3 off-the-shelf mE5-small,IB_0119_en,english,test,filtered_aggregate,True,False,0.0,1.0,1.0,0.5
3 off-the-shelf mE5-small,IB_0119_hi,hindi,test,filtered_aggregate,True,False,0.0,0.0,0.0,0.014492753623188406
3 off-the-shelf mE5-small,IB_0119_hing,hinglish,test,filtered_aggregate,False,False,0.0,0.0,0.0,0.14285714285714285
3 off-the-shelf mE5-small,IB_0119_ta,tamil,test,filtered_aggregate,False,False,0.0,0.0,0.0,0.023255813953488372
3 off-the-shelf mE5-small,IB_0120_en,english,test,multi_hop,True,False,0.5,0.5,0.5,0.55
3 off-the-shelf mE5-small,IB_0120_hi,hindi,test,multi_hop,True,False,0.0,0.0,0.0,0.057291666666666664
3 off-the-shelf mE5-small,IB_0120_hing,hinglish,test,multi_hop,True,False,0.0,0.5,0.5,0.2763157894736842
3 off-the-shelf mE5-small,IB_0120_ta,tamil,test,multi_hop,True,False,0.0,0.0,0.0,0.0763888888888889
3 off-the-shelf mE5-small,IB_0121_en,english,hard_test,multi_hop,True,True,0.0,0.5,0.5,0.2717391304347826
3 off-the-shelf mE5-small,IB_0121_hi,hindi,hard_test,multi_hop,True,True,0.0,0.0,0.0,0.05735930735930736
3 off-the-shelf mE5-small,IB_0121_hing,hinglish,hard_test,multi_hop,False,True,0.0,0.0,0.0,0.11666666666666667
3 off-the-shelf mE5-small,IB_0121_ta,tamil,hard_test,multi_hop,True,True,0.0,0.0,0.0,0.04684684684684685
3 off-the-shelf mE5-small,IB_0122_en,english,hard_test,multi_hop,False,True,0.0,0.0,0.0,0.04257246376811594
3 off-the-shelf mE5-small,IB_0122_hi,hindi,hard_test,multi_hop,False,True,0.0,0.0,0.0,0.03803245436105476
3 off-the-shelf mE5-small,IB_0122_hing,hinglish,hard_test,multi_hop,False,True,0.0,0.0,0.0,0.08630952380952381
3 off-the-shelf mE5-small,IB_0122_ta,tamil,hard_test,multi_hop,True,True,0.0,0.0,0.0,0.03398617511520737
3 off-the-shelf mE5-small,IB_0123_en,english,dev,multi_hop,False,False,0.0,0.0,0.5,0.17142857142857143
3 off-the-shelf mE5-small,IB_0123_hi,hindi,dev,multi_hop,False,False,0.0,0.0,0.5,0.13333333333333333
3 off-the-shelf mE5-small,IB_0123_hing,hinglish,dev,multi_hop,False,False,0.0,0.0,0.5,0.14166666666666666
3 off-the-shelf mE5-small,IB_0123_ta,tamil,dev,multi_hop,False,False,0.0,0.0,0.0,0.10096153846153846
3 off-the-shelf mE5-small,IB_0125_en,english,dev,multi_hop,False,False,0.0,0.0,0.0,0.03279569892473118
3 off-the-shelf mE5-small,IB_0125_hi,hindi,dev,multi_hop,False,False,0.0,0.0,0.5,0.10819672131147541
3 off-the-shelf mE5-small,IB_0125_hing,hinglish,dev,multi_hop,False,False,0.0,0.0,0.0,0.06269592476489028
3 off-the-shelf mE5-small,IB_0125_ta,tamil,dev,multi_hop,False,False,0.0,0.0,0.0,0.034936479128856626
3 off-the-shelf mE5-small,IB_0126_en,english,hard_test,multi_hop,False,True,0.0,0.0,0.0,0.125
3 off-the-shelf mE5-small,IB_0126_hi,hindi,hard_test,multi_hop,True,True,0.0,0.0,0.0,0.036962365591397844
3 off-the-shelf mE5-small,IB_0126_hing,hinglish,hard_test,multi_hop,True,False,0.0,0.5,0.5,0.2833333333333333
3 off-the-shelf mE5-small,IB_0126_ta,tamil,hard_test,multi_hop,False,True,0.0,0.0,0.0,0.03216123499142367
3 off-the-shelf mE5-small,IB_0127_en,english,dev,multi_hop,False,False,0.0,0.5,0.5,0.22916666666666666
3 off-the-shelf mE5-small,IB_0127_hi,hindi,dev,multi_hop,False,False,0.0,0.0,0.0,0.038183694530443756
3 off-the-shelf mE5-small,IB_0127_hing,hinglish,dev,multi_hop,False,False,0.0,0.0,0.0,0.09774436090225563
3 off-the-shelf mE5-small,IB_0127_ta,tamil,dev,multi_hop,False,False,0.0,0.0,0.0,0.12142857142857143
3 off-the-shelf mE5-small,IB_0128_en,english,dev,filtered_aggregate,False,False,0.0,0.5,0.5,0.3125
3 off-the-shelf mE5-small,IB_0128_hi,hindi,dev,filtered_aggregate,False,False,0.0,0.0,0.0,0.07083333333333333
3 off-the-shelf mE5-small,IB_0128_hing,hinglish,dev,filtered_aggregate,False,False,0.0,0.5,0.5,0.3125
3 off-the-shelf mE5-small,IB_0128_ta,tamil,dev,filtered_aggregate,False,False,0.0,0.0,0.0,0.060897435897435896
3 off-the-shelf mE5-small,IB_0129_en,english,test,filtered_aggregate,True,False,0.0,0.0,0.5,0.15833333333333333
3 off-the-shelf mE5-small,IB_0129_hi,hindi,test,filtered_aggregate,True,False,0.0,0.0,0.0,0.05964912280701754
3 off-the-shelf mE5-small,IB_0129_hing,hinglish,test,filtered_aggregate,False,False,0.0,0.5,0.5,0.29545454545454547
3 off-the-shelf mE5-small,IB_0129_ta,tamil,test,filtered_aggregate,True,False,0.0,0.0,0.0,0.07738095238095238
3 off-the-shelf mE5-small,IB_0130_en,english,dev,filtered_aggregate,False,False,0.0,0.0,0.0,0.14583333333333331
3 off-the-shelf mE5-small,IB_0130_hi,hindi,dev,filtered_aggregate,False,False,0.0,0.0,0.0,0.06346153846153846
3 off-the-shelf mE5-small,IB_0130_hing,hinglish,dev,filtered_aggregate,False,False,0.0,0.0,0.5,0.1875
3 off-the-shelf mE5-small,IB_0130_ta,tamil,dev,filtered_aggregate,False,False,0.0,0.0,0.0,0.045
3 off-the-shelf mE5-small,IB_0131_en,english,dev,filtered_aggregate,False,False,0.0,0.5,0.5,0.3055555555555556
3 off-the-shelf mE5-small,IB_0131_hi,hindi,dev,filtered_aggregate,False,False,0.0,0.0,0.0,0.05505952380952381
3 off-the-shelf mE5-small,IB_0131_hing,hinglish,dev,filtered_aggregate,False,False,0.0,0.0,0.0,0.12878787878787878
3 off-the-shelf mE5-small,IB_0131_ta,tamil,dev,filtered_aggregate,False,False,0.0,0.0,0.0,0.03518518518518518
3 off-the-shelf mE5-small,IB_0132_en,english,dev,filtered_aggregate,False,False,0.0,0.0,0.0,0.12878787878787878
3 off-the-shelf mE5-small,IB_0132_hi,hindi,dev,filtered_aggregate,False,False,0.0,0.0,0.0,0.031471631205673756
3 off-the-shelf mE5-small,IB_0132_hing,hinglish,dev,filtered_aggregate,False,False,0.0,0.0,0.0,0.06349206349206349
3 off-the-shelf mE5-small,IB_0132_ta,tamil,dev,filtered_aggregate,False,False,0.0,0.0,0.0,0.027651515151515153
3 off-the-shelf mE5-small,IB_0133_en,english,dev,filtered_aggregate,False,False,0.0,0.0,0.5,0.1875
3 off-the-shelf mE5-small,IB_0133_hi,hindi,dev,filtered_aggregate,False,False,0.0,0.0,0.0,0.044466403162055336
3 off-the-shelf mE5-small,IB_0133_hing,hinglish,dev,filtered_aggregate,False,False,0.0,0.5,0.5,0.3214285714285714
3 off-the-shelf mE5-small,IB_0133_ta,tamil,dev,filtered_aggregate,False,False,0.0,0.0,0.0,0.10476190476190475
3 off-the-shelf mE5-small,IB_0134_en,english,test,filtered_aggregate,True,False,0.0,0.0,0.0,0.1111111111111111
3 off-the-shelf mE5-small,IB_0134_hi,hindi,test,filtered_aggregate,True,False,0.0,0.0,0.0,0.11688311688311688
3 off-the-shelf mE5-small,IB_0134_hing,hinglish,test,filtered_aggregate,False,False,0.0,0.0,0.5,0.1875
3 off-the-shelf mE5-small,IB_0134_ta,tamil,test,filtered_aggregate,False,False,0.0,0.0,0.0,0.08116883116883117
3 off-the-shelf mE5-small,IB_0135_en,english,dev,filtered_aggregate,False,False,0.0,0.5,0.5,0.2222222222222222
3 off-the-shelf mE5-small,IB_0135_hi,hindi,dev,filtered_aggregate,False,False,0.0,0.0,0.0,0.05718954248366013
3 off-the-shelf mE5-small,IB_0135_hing,hinglish,dev,filtered_aggregate,False,False,0.0,0.0,0.0,0.05322128851540616
3 off-the-shelf mE5-small,IB_0135_ta,tamil,dev,filtered_aggregate,False,False,0.0,0.0,0.0,0.028309409888357256
3 off-the-shelf mE5-small,IB_0136_en,english,test,filtered_aggregate,False,False,0.0,0.0,0.0,0.16666666666666666
3 off-the-shelf mE5-small,IB_0136_hi,hindi,test,filtered_aggregate,False,False,0.0,1.0,1.0,0.3333333333333333
3 off-the-shelf mE5-small,IB_0136_hing,hinglish,test,filtered_aggregate,False,False,0.0,1.0,1.0,0.5
3 off-the-shelf mE5-small,IB_0136_ta,tamil,test,filtered_aggregate,True,False,1.0,1.0,1.0,1.0
3 off-the-shelf mE5-small,IB_0137_en,english,test,filtered_aggregate,True,False,1.0,1.0,1.0,1.0
3 off-the-shelf mE5-small,IB_0137_hi,hindi,test,filtered_aggregate,True,False,1.0,1.0,1.0,1.0
3 off-the-shelf mE5-small,IB_0137_hing,hinglish,test,filtered_aggregate,True,False,1.0,1.0,1.0,1.0
3 off-the-shelf mE5-small,IB_0137_ta,tamil,test,filtered_aggregate,False,False,1.0,1.0,1.0,1.0
3 off-the-shelf mE5-small,IB_0138_en,english,dev,filtered_aggregate,False,False,0.0,0.0,0.0,0.14285714285714285
3 off-the-shelf mE5-small,IB_0138_hi,hindi,dev,filtered_aggregate,False,False,0.0,0.0,0.0,0.16666666666666666
3 off-the-shelf mE5-small,IB_0138_hing,hinglish,dev,filtered_aggregate,False,False,0.0,0.0,0.0,0.14285714285714285
3 off-the-shelf mE5-small,IB_0138_ta,tamil,dev,filtered_aggregate,False,False,0.0,0.0,1.0,0.2
3 off-the-shelf mE5-small,IB_0139_en,english,test,filtered_aggregate,True,False,1.0,1.0,1.0,1.0
3 off-the-shelf mE5-small,IB_0139_hi,hindi,test,filtered_aggregate,True,False,0.0,1.0,1.0,0.5
3 off-the-shelf mE5-small,IB_0139_hing,hinglish,test,filtered_aggregate,False,False,1.0,1.0,1.0,1.0
3 off-the-shelf mE5-small,IB_0139_ta,tamil,test,filtered_aggregate,True,False,1.0,1.0,1.0,1.0
3 off-the-shelf mE5-small,IB_0142_en,english,hard_test,filtered_aggregate,False,False,0.0,1.0,1.0,0.5
3 off-the-shelf mE5-small,IB_0142_hi,hindi,hard_test,filtered_aggregate,False,True,0.0,0.0,0.0,0.14285714285714285
3 off-the-shelf mE5-small,IB_0142_hing,hinglish,hard_test,filtered_aggregate,True,False,0.0,0.0,0.0,0.1
3 off-the-shelf mE5-small,IB_0142_ta,tamil,hard_test,filtered_aggregate,False,True,0.0,0.0,0.0,0.14285714285714285
3 off-the-shelf mE5-small,IB_0143_en,english,test,filtered_aggregate,True,False,1.0,1.0,1.0,1.0
3 off-the-shelf mE5-small,IB_0143_hi,hindi,test,filtered_aggregate,True,False,1.0,1.0,1.0,1.0
3 off-the-shelf mE5-small,IB_0143_hing,hinglish,test,filtered_aggregate,True,False,0.0,0.0,0.0,0.08333333333333333
3 off-the-shelf mE5-small,IB_0143_ta,tamil,test,filtered_aggregate,True,False,0.0,1.0,1.0,0.3333333333333333
3 off-the-shelf mE5-small,IB_0145_en,english,test,filtered_aggregate,False,False,1.0,1.0,1.0,1.0
3 off-the-shelf mE5-small,IB_0145_hi,hindi,test,filtered_aggregate,True,False,1.0,1.0,1.0,1.0
3 off-the-shelf mE5-small,IB_0145_hing,hinglish,test,filtered_aggregate,False,False,1.0,1.0,1.0,1.0
3 off-the-shelf mE5-small,IB_0145_ta,tamil,test,filtered_aggregate,False,False,1.0,1.0,1.0,1.0
3 off-the-shelf mE5-small,IB_0146_en,english,hard_test,cross_year,True,False,1.0,1.0,1.0,1.0
3 off-the-shelf mE5-small,IB_0146_hi,hindi,hard_test,cross_year,True,False,0.0,1.0,1.0,0.5
3 off-the-shelf mE5-small,IB_0146_hing,hinglish,hard_test,cross_year,True,True,1.0,1.0,1.0,1.0
3 off-the-shelf mE5-small,IB_0146_ta,tamil,hard_test,cross_year,True,False,1.0,1.0,1.0,1.0
3 off-the-shelf mE5-small,IB_0147_en,english,dev,cross_year,False,False,0.0,1.0,1.0,0.5
3 off-the-shelf mE5-small,IB_0147_hi,hindi,dev,cross_year,False,False,0.0,0.0,0.0,0.16666666666666666
3 off-the-shelf mE5-small,IB_0147_hing,hinglish,dev,cross_year,False,False,1.0,1.0,1.0,1.0
3 off-the-shelf mE5-small,IB_0147_ta,tamil,dev,cross_year,False,False,0.0,0.0,0.0,0.08333333333333333
3 off-the-shelf mE5-small,IB_0148_en,english,hard_test,cross_year,True,False,1.0,1.0,1.0,1.0
3 off-the-shelf mE5-small,IB_0148_hi,hindi,hard_test,cross_year,True,False,1.0,1.0,1.0,1.0
3 off-the-shelf mE5-small,IB_0148_hing,hinglish,hard_test,cross_year,True,False,1.0,1.0,1.0,1.0
3 off-the-shelf mE5-small,IB_0148_ta,tamil,hard_test,cross_year,True,True,1.0,1.0,1.0,1.0
3 off-the-shelf mE5-small,IB_0150_en,english,test,filtered_aggregate,True,False,0.0,1.0,1.0,0.3333333333333333
3 off-the-shelf mE5-small,IB_0150_hi,hindi,test,filtered_aggregate,True,False,1.0,1.0,1.0,1.0
3 off-the-shelf mE5-small,IB_0150_hing,hinglish,test,filtered_aggregate,False,False,1.0,1.0,1.0,1.0
3 off-the-shelf mE5-small,IB_0150_ta,tamil,test,filtered_aggregate,True,False,1.0,1.0,1.0,1.0
3 off-the-shelf mE5-small,IB_0151_en,english,test,filtered_aggregate,True,False,0.0,0.0,0.0,0.06666666666666667
3 off-the-shelf mE5-small,IB_0151_hi,hindi,test,filtered_aggregate,True,False,0.0,1.0,1.0,0.5
3 off-the-shelf mE5-small,IB_0151_hing,hinglish,test,filtered_aggregate,False,False,1.0,1.0,1.0,1.0
3 off-the-shelf mE5-small,IB_0151_ta,tamil,test,filtered_aggregate,True,False,0.0,0.0,0.0,0.04
3 off-the-shelf mE5-small,IB_0152_en,english,dev,filtered_aggregate,False,False,1.0,1.0,1.0,1.0
3 off-the-shelf mE5-small,IB_0152_hi,hindi,dev,filtered_aggregate,False,False,1.0,1.0,1.0,1.0
3 off-the-shelf mE5-small,IB_0152_hing,hinglish,dev,filtered_aggregate,False,False,1.0,1.0,1.0,1.0
3 off-the-shelf mE5-small,IB_0152_ta,tamil,dev,filtered_aggregate,False,False,1.0,1.0,1.0,1.0
3 off-the-shelf mE5-small,IB_0153_en,english,dev,filtered_aggregate,False,False,0.0,0.0,1.0,0.2
3 off-the-shelf mE5-small,IB_0153_hi,hindi,dev,filtered_aggregate,False,False,0.0,1.0,1.0,0.3333333333333333
3 off-the-shelf mE5-small,IB_0153_hing,hinglish,dev,filtered_aggregate,False,False,1.0,1.0,1.0,1.0
3 off-the-shelf mE5-small,IB_0153_ta,tamil,dev,filtered_aggregate,False,False,1.0,1.0,1.0,1.0
3 off-the-shelf mE5-small,IB_0156_en,english,hard_test,filtered_aggregate,False,True,1.0,1.0,1.0,1.0
3 off-the-shelf mE5-small,IB_0156_hi,hindi,hard_test,filtered_aggregate,False,True,1.0,1.0,1.0,1.0
3 off-the-shelf mE5-small,IB_0156_hing,hinglish,hard_test,filtered_aggregate,True,True,1.0,1.0,1.0,1.0
3 off-the-shelf mE5-small,IB_0156_ta,tamil,hard_test,filtered_aggregate,False,False,1.0,1.0,1.0,1.0
3 off-the-shelf mE5-small,IB_0158_en,english,dev,filtered_aggregate,False,False,0.0,0.0,0.0,0.14285714285714285
3 off-the-shelf mE5-small,IB_0158_hi,hindi,dev,filtered_aggregate,False,False,0.0,0.0,0.0,0.14285714285714285
3 off-the-shelf mE5-small,IB_0158_hing,hinglish,dev,filtered_aggregate,False,False,0.0,0.0,1.0,0.2
3 off-the-shelf mE5-small,IB_0158_ta,tamil,dev,filtered_aggregate,False,False,0.0,0.0,1.0,0.25
3 off-the-shelf mE5-small,IB_0160_en,english,test,filtered_aggregate,True,False,1.0,1.0,1.0,1.0
3 off-the-shelf mE5-small,IB_0160_hi,hindi,test,filtered_aggregate,False,False,1.0,1.0,1.0,1.0
3 off-the-shelf mE5-small,IB_0160_hing,hinglish,test,filtered_aggregate,True,False,1.0,1.0,1.0,1.0
3 off-the-shelf mE5-small,IB_0160_ta,tamil,test,filtered_aggregate,False,False,0.0,1.0,1.0,0.5
3 off-the-shelf mE5-small,IB_0161_en,english,test,filtered_aggregate,True,False,1.0,1.0,1.0,1.0
3 off-the-shelf mE5-small,IB_0161_hi,hindi,test,filtered_aggregate,False,False,1.0,1.0,1.0,1.0
3 off-the-shelf mE5-small,IB_0161_hing,hinglish,test,filtered_aggregate,False,False,1.0,1.0,1.0,1.0
3 off-the-shelf mE5-small,IB_0161_ta,tamil,test,filtered_aggregate,False,False,1.0,1.0,1.0,1.0
3 off-the-shelf mE5-small,IB_0162_en,english,test,filtered_aggregate,False,False,1.0,1.0,1.0,1.0
3 off-the-shelf mE5-small,IB_0162_hi,hindi,test,filtered_aggregate,True,False,1.0,1.0,1.0,1.0
3 off-the-shelf mE5-small,IB_0162_hing,hinglish,test,filtered_aggregate,False,False,1.0,1.0,1.0,1.0
3 off-the-shelf mE5-small,IB_0162_ta,tamil,test,filtered_aggregate,False,False,1.0,1.0,1.0,1.0
3 off-the-shelf mE5-small,IB_0165_en,english,hard_test,filtered_aggregate,True,True,1.0,1.0,1.0,1.0
3 off-the-shelf mE5-small,IB_0165_hi,hindi,hard_test,filtered_aggregate,True,True,0.0,1.0,1.0,0.5
3 off-the-shelf mE5-small,IB_0165_hing,hinglish,hard_test,filtered_aggregate,False,True,1.0,1.0,1.0,1.0
3 off-the-shelf mE5-small,IB_0165_ta,tamil,hard_test,filtered_aggregate,True,True,1.0,1.0,1.0,1.0
3 off-the-shelf mE5-small,IB_0167_en,english,test,filtered_aggregate,True,False,1.0,1.0,1.0,1.0
3 off-the-shelf mE5-small,IB_0167_hi,hindi,test,filtered_aggregate,False,False,0.0,0.0,0.0,0.16666666666666666
3 off-the-shelf mE5-small,IB_0167_hing,hinglish,test,filtered_aggregate,True,False,0.0,0.0,0.0,0.07142857142857142
3 off-the-shelf mE5-small,IB_0167_ta,tamil,test,filtered_aggregate,True,False,0.0,0.0,0.0,0.16666666666666666
3 off-the-shelf mE5-small,IB_0169_en,english,test,filtered_aggregate,False,False,1.0,1.0,1.0,1.0
3 off-the-shelf mE5-small,IB_0169_hi,hindi,test,filtered_aggregate,True,False,0.0,0.0,0.0,0.05263157894736842
3 off-the-shelf mE5-small,IB_0169_hing,hinglish,test,filtered_aggregate,False,False,1.0,1.0,1.0,1.0
3 off-the-shelf mE5-small,IB_0169_ta,tamil,test,filtered_aggregate,True,False,0.0,0.0,1.0,0.2
3 off-the-shelf mE5-small,IB_0170_en,english,hard_test,filtered_aggregate,True,True,1.0,1.0,1.0,1.0
3 off-the-shelf mE5-small,IB_0170_hi,hindi,hard_test,filtered_aggregate,True,False,1.0,1.0,1.0,1.0
3 off-the-shelf mE5-small,IB_0170_hing,hinglish,hard_test,filtered_aggregate,True,True,0.0,1.0,1.0,0.3333333333333333
3 off-the-shelf mE5-small,IB_0170_ta,tamil,hard_test,filtered_aggregate,False,False,0.0,0.0,1.0,0.25
3 off-the-shelf mE5-small,IB_0177_en,english,dev,multi_hop,False,False,0.0,0.0,0.5,0.19642857142857142
3 off-the-shelf mE5-small,IB_0177_hi,hindi,dev,multi_hop,False,False,0.0,0.0,0.5,0.16346153846153846
3 off-the-shelf mE5-small,IB_0177_hing,hinglish,dev,multi_hop,False,False,0.0,0.0,0.0,0.11805555555555555
3 off-the-shelf mE5-small,IB_0177_ta,tamil,dev,multi_hop,False,False,0.0,0.0,0.0,0.08680555555555555
3 off-the-shelf mE5-small,IB_0180_en,english,hard_test,simple_lookup,False,True,0.0,1.0,1.0,0.5
3 off-the-shelf mE5-small,IB_0180_hi,hindi,hard_test,simple_lookup,True,False,0.0,0.0,0.0,0.16666666666666666
3 off-the-shelf mE5-small,IB_0180_hing,hinglish,hard_test,simple_lookup,True,True,0.0,1.0,1.0,0.3333333333333333
3 off-the-shelf mE5-small,IB_0180_ta,tamil,hard_test,simple_lookup,False,False,0.0,0.0,0.0,0.1
3 off-the-shelf mE5-small,IB_0181_en,english,hard_test,simple_lookup,True,True,0.0,1.0,1.0,0.5
3 off-the-shelf mE5-small,IB_0181_hi,hindi,hard_test,simple_lookup,True,True,1.0,1.0,1.0,1.0
3 off-the-shelf mE5-small,IB_0181_hing,hinglish,hard_test,simple_lookup,True,True,0.0,0.0,0.0,0.125
3 off-the-shelf mE5-small,IB_0181_ta,tamil,hard_test,simple_lookup,False,True,0.0,1.0,1.0,0.5
3 off-the-shelf mE5-small,IB_0182_en,english,test,simple_lookup,True,False,0.0,1.0,1.0,0.3333333333333333
3 off-the-shelf mE5-small,IB_0182_hi,hindi,test,simple_lookup,True,False,0.0,0.0,0.0,0.08333333333333333
3 off-the-shelf mE5-small,IB_0182_hing,hinglish,test,simple_lookup,True,False,1.0,1.0,1.0,1.0
3 off-the-shelf mE5-small,IB_0182_ta,tamil,test,simple_lookup,False,False,0.0,1.0,1.0,0.3333333333333333
3 off-the-shelf mE5-small,IB_0191_en,english,dev,simple_lookup,False,False,0.0,1.0,1.0,0.5
3 off-the-shelf mE5-small,IB_0191_hi,hindi,dev,simple_lookup,False,False,1.0,1.0,1.0,1.0
3 off-the-shelf mE5-small,IB_0191_hing,hinglish,dev,simple_lookup,False,False,1.0,1.0,1.0,1.0
3 off-the-shelf mE5-small,IB_0191_ta,tamil,dev,simple_lookup,False,False,1.0,1.0,1.0,1.0
3 off-the-shelf mE5-small,IB_0192_en,english,dev,simple_lookup,False,False,1.0,1.0,1.0,1.0
3 off-the-shelf mE5-small,IB_0192_hi,hindi,dev,simple_lookup,False,False,0.0,0.0,0.0,0.125
3 off-the-shelf mE5-small,IB_0192_hing,hinglish,dev,simple_lookup,False,False,0.0,1.0,1.0,0.5
3 off-the-shelf mE5-small,IB_0192_ta,tamil,dev,simple_lookup,False,False,0.0,0.0,0.0,0.05
3 off-the-shelf mE5-small,IB_0193_en,english,dev,cross_year,False,False,0.0,1.0,1.0,0.5
3 off-the-shelf mE5-small,IB_0193_hi,hindi,dev,cross_year,False,False,0.0,0.0,0.0,0.019230769230769232
3 off-the-shelf mE5-small,IB_0193_hing,hinglish,dev,cross_year,False,False,0.0,1.0,1.0,0.5
3 off-the-shelf mE5-small,IB_0193_ta,tamil,dev,cross_year,False,False,0.0,0.0,0.0,0.0625
3 off-the-shelf mE5-small,IB_0194_en,english,hard_test,cross_year,True,False,0.0,1.0,1.0,0.5
3 off-the-shelf mE5-small,IB_0194_hi,hindi,hard_test,cross_year,True,False,0.0,0.0,0.0,0.013513513513513514
3 off-the-shelf mE5-small,IB_0194_hing,hinglish,hard_test,cross_year,True,True,0.0,0.0,0.0,0.010309278350515464
3 off-the-shelf mE5-small,IB_0194_ta,tamil,hard_test,cross_year,True,True,0.0,0.0,0.0,0.017857142857142856
3 off-the-shelf mE5-small,IB_0195_en,english,test,cross_year,False,False,1.0,1.0,1.0,1.0
3 off-the-shelf mE5-small,IB_0195_hi,hindi,test,cross_year,False,False,0.0,0.0,0.0,0.015151515151515152
3 off-the-shelf mE5-small,IB_0195_hing,hinglish,test,cross_year,True,False,0.0,0.0,0.0,0.013513513513513514
3 off-the-shelf mE5-small,IB_0195_ta,tamil,test,cross_year,True,False,0.0,0.0,0.0,0.020833333333333332
3 off-the-shelf mE5-small,IB_0199_en,english,test,cross_year,False,False,0.0,1.0,1.0,0.5
3 off-the-shelf mE5-small,IB_0199_hi,hindi,test,cross_year,True,False,0.0,0.0,0.0,0.013333333333333334
3 off-the-shelf mE5-small,IB_0199_hing,hinglish,test,cross_year,False,False,0.0,0.0,0.0,0.012345679012345678
3 off-the-shelf mE5-small,IB_0199_ta,tamil,test,cross_year,True,False,0.0,0.0,0.0,0.014925373134328358
3 off-the-shelf mE5-small,IB_0200_en,english,test,cross_year,True,False,0.0,1.0,1.0,0.5
3 off-the-shelf mE5-small,IB_0200_hi,hindi,test,cross_year,True,False,0.0,0.0,0.0,0.009708737864077669
3 off-the-shelf mE5-small,IB_0200_hing,hinglish,test,cross_year,True,False,0.0,0.0,0.0,0.009708737864077669
3 off-the-shelf mE5-small,IB_0200_ta,tamil,test,cross_year,True,False,0.0,0.0,0.0,0.017543859649122806
3 off-the-shelf mE5-small,IB_0201_en,english,dev,simple_lookup,False,False,0.0,1.0,1.0,0.5
3 off-the-shelf mE5-small,IB_0201_hi,hindi,dev,simple_lookup,False,False,0.0,1.0,1.0,0.3333333333333333
3 off-the-shelf mE5-small,IB_0201_hing,hinglish,dev,simple_lookup,False,False,0.0,0.0,0.0,0.125
3 off-the-shelf mE5-small,IB_0201_ta,tamil,dev,simple_lookup,False,False,0.0,0.0,0.0,0.025
3 off-the-shelf mE5-small,IB_0204_en,english,test,simple_lookup,True,False,0.0,0.0,0.0,0.14285714285714285
3 off-the-shelf mE5-small,IB_0204_hi,hindi,test,simple_lookup,False,False,0.0,0.0,1.0,0.25
3 off-the-shelf mE5-small,IB_0204_hing,hinglish,test,simple_lookup,True,False,0.0,1.0,1.0,0.3333333333333333
3 off-the-shelf mE5-small,IB_0204_ta,tamil,test,simple_lookup,False,False,0.0,0.0,0.0,0.02857142857142857
3 off-the-shelf mE5-small,IB_0207_en,english,hard_test,simple_lookup,False,False,0.0,1.0,1.0,0.5
3 off-the-shelf mE5-small,IB_0207_hi,hindi,hard_test,simple_lookup,True,True,0.0,1.0,1.0,0.5
3 off-the-shelf mE5-small,IB_0207_hing,hinglish,hard_test,simple_lookup,False,True,0.0,1.0,1.0,0.5
3 off-the-shelf mE5-small,IB_0207_ta,tamil,hard_test,simple_lookup,True,True,0.0,0.0,1.0,0.25
3 off-the-shelf mE5-small,IB_0208_en,english,test,simple_lookup,True,False,0.0,1.0,1.0,0.5
3 off-the-shelf mE5-small,IB_0208_hi,hindi,test,simple_lookup,True,False,1.0,1.0,1.0,1.0
3 off-the-shelf mE5-small,IB_0208_hing,hinglish,test,simple_lookup,False,False,0.0,0.0,0.0,0.16666666666666666
3 off-the-shelf mE5-small,IB_0208_ta,tamil,test,simple_lookup,True,False,1.0,1.0,1.0,1.0
3 off-the-shelf mE5-small,IB_0209_en,english,test,simple_lookup,False,False,0.0,0.0,0.0,0.16666666666666666
3 off-the-shelf mE5-small,IB_0209_hi,hindi,test,simple_lookup,True,False,0.0,0.0,0.0,0.14285714285714285
3 off-the-shelf mE5-small,IB_0209_hing,hinglish,test,simple_lookup,False,False,0.0,0.0,0.0,0.16666666666666666
3 off-the-shelf mE5-small,IB_0209_ta,tamil,test,simple_lookup,True,False,0.0,0.0,1.0,0.2
3 off-the-shelf mE5-small,IB_0211_en,english,test,simple_lookup,True,False,0.0,1.0,1.0,0.5
3 off-the-shelf mE5-small,IB_0211_hi,hindi,test,simple_lookup,True,False,1.0,1.0,1.0,1.0
3 off-the-shelf mE5-small,IB_0211_hing,hinglish,test,simple_lookup,True,False,0.0,0.0,0.0,0.125
3 off-the-shelf mE5-small,IB_0211_ta,tamil,test,simple_lookup,True,False,1.0,1.0,1.0,1.0
3 off-the-shelf mE5-small,IB_0212_en,english,test,simple_lookup,False,False,0.0,1.0,1.0,0.5
3 off-the-shelf mE5-small,IB_0212_hi,hindi,test,simple_lookup,True,False,0.0,0.0,0.0,0.05555555555555555
3 off-the-shelf mE5-small,IB_0212_hing,hinglish,test,simple_lookup,True,False,1.0,1.0,1.0,1.0
3 off-the-shelf mE5-small,IB_0212_ta,tamil,test,simple_lookup,True,False,0.0,0.0,0.0,0.08333333333333333
3 off-the-shelf mE5-small,IB_0216_en,english,dev,filtered_aggregate,False,False,0.0,1.0,1.0,0.3333333333333333
3 off-the-shelf mE5-small,IB_0216_hi,hindi,dev,filtered_aggregate,False,False,0.0,0.0,0.0,0.06666666666666667
3 off-the-shelf mE5-small,IB_0216_hing,hinglish,dev,filtered_aggregate,False,False,0.0,0.0,0.0,0.07692307692307693
3 off-the-shelf mE5-small,IB_0216_ta,tamil,dev,filtered_aggregate,False,False,0.0,0.0,0.0,0.03125
3 off-the-shelf mE5-small,IB_0217_en,english,dev,filtered_aggregate,False,False,0.0,1.0,1.0,0.3333333333333333
3 off-the-shelf mE5-small,IB_0217_hi,hindi,dev,filtered_aggregate,False,False,0.0,0.0,0.0,0.0625
3 off-the-shelf mE5-small,IB_0217_hing,hinglish,dev,filtered_aggregate,False,False,0.0,0.0,1.0,0.25
3 off-the-shelf mE5-small,IB_0217_ta,tamil,dev,filtered_aggregate,False,False,0.0,0.0,0.0,0.01639344262295082
3 off-the-shelf mE5-small,IB_0218_en,english,dev,filtered_aggregate,False,False,0.0,0.0,0.0,0.02857142857142857
3 off-the-shelf mE5-small,IB_0218_hi,hindi,dev,filtered_aggregate,False,False,0.0,0.0,0.0,0.030303030303030304
3 off-the-shelf mE5-small,IB_0218_hing,hinglish,dev,filtered_aggregate,False,False,0.0,0.0,0.0,0.08333333333333333
3 off-the-shelf mE5-small,IB_0218_ta,tamil,dev,filtered_aggregate,False,False,0.0,0.0,0.0,0.03571428571428571
3 off-the-shelf mE5-small,IB_0219_en,english,test,filtered_aggregate,False,False,0.0,1.0,1.0,0.5
3 off-the-shelf mE5-small,IB_0219_hi,hindi,test,filtered_aggregate,True,False,1.0,1.0,1.0,1.0
3 off-the-shelf mE5-small,IB_0219_hing,hinglish,test,filtered_aggregate,False,False,0.0,0.0,1.0,0.2
3 off-the-shelf mE5-small,IB_0219_ta,tamil,test,filtered_aggregate,True,False,0.0,0.0,0.0,0.07142857142857142
3 off-the-shelf mE5-small,IB_0220_en,english,test,filtered_aggregate,True,False,0.0,0.0,0.0,0.038461538461538464
3 off-the-shelf mE5-small,IB_0220_hi,hindi,test,filtered_aggregate,True,False,0.0,0.0,0.0,0.043478260869565216
3 off-the-shelf mE5-small,IB_0220_hing,hinglish,test,filtered_aggregate,True,False,0.0,0.0,0.0,0.0625
3 off-the-shelf mE5-small,IB_0220_ta,tamil,test,filtered_aggregate,False,False,0.0,0.0,0.0,0.07692307692307693
3 off-the-shelf mE5-small,IB_0221_en,english,dev,filtered_aggregate,False,False,0.0,0.0,0.0,0.047619047619047616
3 off-the-shelf mE5-small,IB_0221_hi,hindi,dev,filtered_aggregate,False,False,0.0,0.0,0.0,0.011494252873563218
3 off-the-shelf mE5-small,IB_0221_hing,hinglish,dev,filtered_aggregate,False,False,0.0,0.0,0.0,0.05263157894736842
3 off-the-shelf mE5-small,IB_0221_ta,tamil,dev,filtered_aggregate,False,False,0.0,0.0,0.0,0.022222222222222223
3 off-the-shelf mE5-small,IB_0222_en,english,test,filtered_aggregate,False,False,0.0,1.0,1.0,0.3333333333333333
3 off-the-shelf mE5-small,IB_0222_hi,hindi,test,filtered_aggregate,True,False,0.0,0.0,0.0,0.08333333333333333
3 off-the-shelf mE5-small,IB_0222_hing,hinglish,test,filtered_aggregate,False,False,0.0,0.0,0.0,0.08333333333333333
3 off-the-shelf mE5-small,IB_0222_ta,tamil,test,filtered_aggregate,True,False,0.0,0.0,0.0,0.05
3 off-the-shelf mE5-small,IB_0223_en,english,test,filtered_aggregate,False,False,0.0,1.0,1.0,0.5
3 off-the-shelf mE5-small,IB_0223_hi,hindi,test,filtered_aggregate,True,False,0.0,1.0,1.0,0.3333333333333333
3 off-the-shelf mE5-small,IB_0223_hing,hinglish,test,filtered_aggregate,True,False,0.0,0.0,0.0,0.125
3 off-the-shelf mE5-small,IB_0223_ta,tamil,test,filtered_aggregate,False,False,0.0,0.0,0.0,0.03571428571428571
3 off-the-shelf mE5-small,IB_0224_en,english,test,filtered_aggregate,True,False,0.0,1.0,1.0,0.3333333333333333
3 off-the-shelf mE5-small,IB_0224_hi,hindi,test,filtered_aggregate,True,False,0.0,0.0,0.0,0.09090909090909091
3 off-the-shelf mE5-small,IB_0224_hing,hinglish,test,filtered_aggregate,False,False,0.0,0.0,0.0,0.1111111111111111
3 off-the-shelf mE5-small,IB_0224_ta,tamil,test,filtered_aggregate,False,False,0.0,0.0,0.0,0.038461538461538464
3 off-the-shelf mE5-small,IB_0226_en,english,test,filtered_aggregate,True,False,0.0,0.0,0.0,0.03125
3 off-the-shelf mE5-small,IB_0226_hi,hindi,test,filtered_aggregate,True,False,0.0,0.0,0.0,0.02631578947368421
3 off-the-shelf mE5-small,IB_0226_hing,hinglish,test,filtered_aggregate,True,False,0.0,0.0,1.0,0.2
3 off-the-shelf mE5-small,IB_0226_ta,tamil,test,filtered_aggregate,True,False,0.0,0.0,0.0,0.09090909090909091
3 off-the-shelf mE5-small,IB_0227_en,english,dev,multi_hop,False,False,0.3333333333333333,0.3333333333333333,0.6666666666666666,0.40925925925925927
3 off-the-shelf mE5-small,IB_0227_hi,hindi,dev,multi_hop,False,False,0.3333333333333333,0.3333333333333333,0.3333333333333333,0.377946127946128
3 off-the-shelf mE5-small,IB_0227_hing,hinglish,dev,multi_hop,False,False,0.0,0.0,0.3333333333333333,0.0875593542260209
3 off-the-shelf mE5-small,IB_0227_ta,tamil,dev,multi_hop,False,False,0.0,0.0,0.0,0.043429652562779496
3 off-the-shelf mE5-small,IB_0228_en,english,dev,multi_hop,False,False,0.3333333333333333,0.3333333333333333,0.6666666666666666,0.4444444444444444
3 off-the-shelf mE5-small,IB_0228_hi,hindi,dev,multi_hop,False,False,0.0,0.0,0.0,0.10674603174603174
3 off-the-shelf mE5-small,IB_0228_hing,hinglish,dev,multi_hop,False,False,0.0,0.0,0.0,0.049883449883449886
3 off-the-shelf mE5-small,IB_0228_ta,tamil,dev,multi_hop,False,False,0.0,0.3333333333333333,0.3333333333333333,0.18412698412698414
3 off-the-shelf mE5-small,IB_0230_en,english,test,multi_hop,True,False,0.3333333333333333,0.3333333333333333,0.6666666666666666,0.41111111111111115
3 off-the-shelf mE5-small,IB_0230_hi,hindi,test,multi_hop,False,False,0.0,0.3333333333333333,0.3333333333333333,0.1875
3 off-the-shelf mE5-small,IB_0230_hing,hinglish,test,multi_hop,False,False,0.0,0.0,0.3333333333333333,0.10509660226515656
3 off-the-shelf mE5-small,IB_0230_ta,tamil,test,multi_hop,True,False,0.0,0.0,0.0,0.05071092764591217
3 off-the-shelf mE5-small,IB_0232_en,english,test,multi_hop,True,False,0.3333333333333333,0.3333333333333333,0.6666666666666666,0.43333333333333335
3 off-the-shelf mE5-small,IB_0232_hi,hindi,test,multi_hop,True,False,0.0,0.3333333333333333,0.3333333333333333,0.23671497584541065
3 off-the-shelf mE5-small,IB_0232_hing,hinglish,test,multi_hop,True,False,0.0,0.3333333333333333,0.3333333333333333,0.22817460317460317
3 off-the-shelf mE5-small,IB_0232_ta,tamil,test,multi_hop,True,False,0.0,0.3333333333333333,0.3333333333333333,0.1795627609923852
3 off-the-shelf mE5-small,IB_0233_en,english,test,filtered_aggregate,True,False,0.0,1.0,1.0,0.5
3 off-the-shelf mE5-small,IB_0233_hi,hindi,test,filtered_aggregate,True,False,1.0,1.0,1.0,1.0
3 off-the-shelf mE5-small,IB_0233_hing,hinglish,test,filtered_aggregate,True,False,0.0,1.0,1.0,0.5
3 off-the-shelf mE5-small,IB_0233_ta,tamil,test,filtered_aggregate,False,False,0.0,0.0,1.0,0.25
3 off-the-shelf mE5-small,IB_0236_en,english,dev,filtered_aggregate,False,False,0.0,1.0,1.0,0.5
3 off-the-shelf mE5-small,IB_0236_hi,hindi,dev,filtered_aggregate,False,False,0.0,1.0,1.0,0.5
3 off-the-shelf mE5-small,IB_0236_hing,hinglish,dev,filtered_aggregate,False,False,1.0,1.0,1.0,1.0
3 off-the-shelf mE5-small,IB_0236_ta,tamil,dev,filtered_aggregate,False,False,0.0,0.0,1.0,0.2
3 off-the-shelf mE5-small,IB_0238_en,english,test,filtered_aggregate,True,False,0.0,1.0,1.0,0.5
3 off-the-shelf mE5-small,IB_0238_hi,hindi,test,filtered_aggregate,True,False,0.0,0.0,0.0,0.16666666666666666
3 off-the-shelf mE5-small,IB_0238_hing,hinglish,test,filtered_aggregate,True,False,0.0,0.0,0.0,0.16666666666666666
3 off-the-shelf mE5-small,IB_0238_ta,tamil,test,filtered_aggregate,False,False,0.0,0.0,0.0,0.1111111111111111
3 off-the-shelf mE5-small,IB_0239_en,english,hard_test,filtered_aggregate,True,True,0.0,0.0,1.0,0.25
3 off-the-shelf mE5-small,IB_0239_hi,hindi,hard_test,filtered_aggregate,False,True,0.0,0.0,0.0,0.1111111111111111
3 off-the-shelf mE5-small,IB_0239_hing,hinglish,hard_test,filtered_aggregate,True,True,1.0,1.0,1.0,1.0
3 off-the-shelf mE5-small,IB_0239_ta,tamil,hard_test,filtered_aggregate,True,False,0.0,0.0,0.0,0.06666666666666667
3 off-the-shelf mE5-small,IB_0243_en,english,hard_test,multi_hop,False,True,0.3333333333333333,0.3333333333333333,0.6666666666666666,0.47222222222222227
3 off-the-shelf mE5-small,IB_0243_hi,hindi,hard_test,multi_hop,True,False,0.3333333333333333,0.3333333333333333,0.3333333333333333,0.3471458773784355
3 off-the-shelf mE5-small,IB_0243_hing,hinglish,hard_test,multi_hop,True,False,0.3333333333333333,0.3333333333333333,0.3333333333333333,0.3427610759493671
3 off-the-shelf mE5-small,IB_0243_ta,tamil,hard_test,multi_hop,True,False,0.0,0.0,0.0,0.05923763736263735
3 off-the-shelf mE5-small,IB_0247_en,english,test,multi_hop,True,False,0.0,0.3333333333333333,0.3333333333333333,0.17592592592592593
3 off-the-shelf mE5-small,IB_0247_hi,hindi,test,multi_hop,True,False,0.0,0.3333333333333333,0.3333333333333333,0.12306878306878306
3 off-the-shelf mE5-small,IB_0247_hing,hinglish,test,multi_hop,True,False,0.3333333333333333,0.3333333333333333,0.3333333333333333,0.3459810874704492
3 off-the-shelf mE5-small,IB_0247_ta,tamil,test,multi_hop,True,False,0.0,0.0,0.0,0.05873927366954438
3 off-the-shelf mE5-small,IB_0249_en,english,test,simple_lookup,True,False,0.0,0.0,0.0,0.1111111111111111
3 off-the-shelf mE5-small,IB_0249_hi,hindi,test,simple_lookup,True,False,0.0,0.0,0.0,0.05555555555555555
3 off-the-shelf mE5-small,IB_0249_hing,hinglish,test,simple_lookup,False,False,1.0,1.0,1.0,1.0
3 off-the-shelf mE5-small,IB_0249_ta,tamil,test,simple_lookup,False,False,0.0,0.0,0.0,0.14285714285714285
3 off-the-shelf mE5-small,IB_0250_en,english,test,simple_lookup,True,False,0.0,0.0,0.0,0.1111111111111111
3 off-the-shelf mE5-small,IB_0250_hi,hindi,test,simple_lookup,True,False,0.0,0.0,0.0,0.08333333333333333
3 off-the-shelf mE5-small,IB_0250_hing,hinglish,test,simple_lookup,True,False,0.0,0.0,0.0,0.0625
3 off-the-shelf mE5-small,IB_0250_ta,tamil,test,simple_lookup,True,False,0.0,0.0,0.0,0.047619047619047616
3 off-the-shelf mE5-small,IB_0251_en,english,test,simple_lookup,False,False,0.0,0.0,0.0,0.1
3 off-the-shelf mE5-small,IB_0251_hi,hindi,test,simple_lookup,True,False,0.0,0.0,0.0,0.1
3 off-the-shelf mE5-small,IB_0251_hing,hinglish,test,simple_lookup,True,False,0.0,0.0,0.0,0.08333333333333333
3 off-the-shelf mE5-small,IB_0251_ta,tamil,test,simple_lookup,True,False,0.0,1.0,1.0,0.3333333333333333
3 off-the-shelf mE5-small,IB_0252_en,english,test,simple_lookup,True,False,0.0,1.0,1.0,0.3333333333333333
3 off-the-shelf mE5-small,IB_0252_hi,hindi,test,simple_lookup,True,False,1.0,1.0,1.0,1.0
3 off-the-shelf mE5-small,IB_0252_hing,hinglish,test,simple_lookup,True,False,0.0,1.0,1.0,0.3333333333333333
3 off-the-shelf mE5-small,IB_0252_ta,tamil,test,simple_lookup,True,False,0.0,0.0,1.0,0.25
3 off-the-shelf mE5-small,IB_0253_en,english,test,simple_lookup,True,False,0.0,0.0,0.0,0.16666666666666666
3 off-the-shelf mE5-small,IB_0253_hi,hindi,test,simple_lookup,True,False,0.0,0.0,0.0,0.1111111111111111
3 off-the-shelf mE5-small,IB_0253_hing,hinglish,test,simple_lookup,True,False,0.0,0.0,0.0,0.1111111111111111
3 off-the-shelf mE5-small,IB_0253_ta,tamil,test,simple_lookup,True,False,0.0,0.0,1.0,0.2
3 off-the-shelf mE5-small,IB_0254_en,english,dev,simple_lookup,False,False,0.0,0.0,0.0,0.1111111111111111
3 off-the-shelf mE5-small,IB_0254_hi,hindi,dev,simple_lookup,False,False,0.0,0.0,0.0,0.043478260869565216
3 off-the-shelf mE5-small,IB_0254_hing,hinglish,dev,simple_lookup,False,False,1.0,1.0,1.0,1.0
3 off-the-shelf mE5-small,IB_0254_ta,tamil,dev,simple_lookup,False,False,0.0,0.0,0.0,0.0625
3 off-the-shelf mE5-small,IB_0256_en,english,hard_test,simple_lookup,True,True,0.0,1.0,1.0,0.3333333333333333
3 off-the-shelf mE5-small,IB_0256_hi,hindi,hard_test,simple_lookup,False,True,0.0,1.0,1.0,0.3333333333333333
3 off-the-shelf mE5-small,IB_0256_hing,hinglish,hard_test,simple_lookup,True,True,0.0,1.0,1.0,0.3333333333333333
3 off-the-shelf mE5-small,IB_0256_ta,tamil,hard_test,simple_lookup,True,True,0.0,0.0,1.0,0.25
3 off-the-shelf mE5-small,IB_0257_en,english,hard_test,simple_lookup,False,True,1.0,1.0,1.0,1.0
3 off-the-shelf mE5-small,IB_0257_hi,hindi,hard_test,simple_lookup,True,True,0.0,0.0,0.0,0.14285714285714285
3 off-the-shelf mE5-small,IB_0257_hing,hinglish,hard_test,simple_lookup,True,True,0.0,0.0,0.0,0.1111111111111111
3 off-the-shelf mE5-small,IB_0257_ta,tamil,hard_test,simple_lookup,True,True,0.0,0.0,0.0,0.14285714285714285
3 off-the-shelf mE5-small,IB_0258_en,english,test,simple_lookup,False,False,1.0,1.0,1.0,1.0
3 off-the-shelf mE5-small,IB_0258_hi,hindi,test,simple_lookup,False,False,0.0,0.0,0.0,0.16666666666666666
3 off-the-shelf mE5-small,IB_0258_hing,hinglish,test,simple_lookup,False,False,0.0,0.0,0.0,0.1111111111111111
3 off-the-shelf mE5-small,IB_0258_ta,tamil,test,simple_lookup,False,False,0.0,0.0,0.0,0.038461538461538464
3 off-the-shelf mE5-small,IB_0259_en,english,hard_test,simple_lookup,False,True,1.0,1.0,1.0,1.0
3 off-the-shelf mE5-small,IB_0259_hi,hindi,hard_test,simple_lookup,True,True,0.0,0.0,0.0,0.125
3 off-the-shelf mE5-small,IB_0259_hing,hinglish,hard_test,simple_lookup,True,False,0.0,0.0,0.0,0.09090909090909091
3 off-the-shelf mE5-small,IB_0259_ta,tamil,hard_test,simple_lookup,True,True,0.0,0.0,0.0,0.1
3 off-the-shelf mE5-small,IB_0260_en,english,test,simple_lookup,True,False,0.0,1.0,1.0,0.3333333333333333
3 off-the-shelf mE5-small,IB_0260_hi,hindi,test,simple_lookup,True,False,0.0,1.0,1.0,0.3333333333333333
3 off-the-shelf mE5-small,IB_0260_hing,hinglish,test,simple_lookup,True,False,0.0,0.0,0.0,0.1111111111111111
3 off-the-shelf mE5-small,IB_0260_ta,tamil,test,simple_lookup,False,False,0.0,1.0,1.0,0.5
3 off-the-shelf mE5-small,IB_0261_en,english,hard_test,simple_lookup,False,True,0.0,0.0,0.0,0.04
3 off-the-shelf mE5-small,IB_0261_hi,hindi,hard_test,simple_lookup,True,True,0.0,0.0,1.0,0.25
3 off-the-shelf mE5-small,IB_0261_hing,hinglish,hard_test,simple_lookup,True,True,0.0,0.0,1.0,0.2
3 off-the-shelf mE5-small,IB_0261_ta,tamil,hard_test,simple_lookup,True,True,0.0,0.0,0.0,0.14285714285714285
3 off-the-shelf mE5-small,IB_0262_en,english,test,simple_lookup,True,False,0.0,0.0,0.0,0.14285714285714285
3 off-the-shelf mE5-small,IB_0262_hi,hindi,test,simple_lookup,True,False,0.0,0.0,0.0,0.07142857142857142
3 off-the-shelf mE5-small,IB_0262_hing,hinglish,test,simple_lookup,False,False,0.0,0.0,0.0,0.05263157894736842
3 off-the-shelf mE5-small,IB_0262_ta,tamil,test,simple_lookup,True,False,0.0,0.0,0.0,0.14285714285714285
3 off-the-shelf mE5-small,IB_0264_en,english,hard_test,cross_year,False,True,0.0,0.0,0.0,0.08333333333333333
3 off-the-shelf mE5-small,IB_0264_hi,hindi,hard_test,cross_year,False,True,0.0,0.0,0.0,0.05555555555555555
3 off-the-shelf mE5-small,IB_0264_hing,hinglish,hard_test,cross_year,True,True,0.0,0.0,0.0,0.1111111111111111
3 off-the-shelf mE5-small,IB_0264_ta,tamil,hard_test,cross_year,False,True,0.0,0.0,0.0,0.1111111111111111
3 off-the-shelf mE5-small,IB_0265_en,english,hard_test,cross_year,True,False,0.0,0.0,0.0,0.09090909090909091
3 off-the-shelf mE5-small,IB_0265_hi,hindi,hard_test,cross_year,True,False,0.0,0.0,0.0,0.041666666666666664
3 off-the-shelf mE5-small,IB_0265_hing,hinglish,hard_test,cross_year,True,True,0.0,0.0,0.0,0.16666666666666666
3 off-the-shelf mE5-small,IB_0265_ta,tamil,hard_test,cross_year,True,True,0.0,0.0,0.0,0.034482758620689655
3 off-the-shelf mE5-small,IB_0266_en,english,test,cross_year,False,False,0.0,0.0,0.0,0.09090909090909091
3 off-the-shelf mE5-small,IB_0266_hi,hindi,test,cross_year,True,False,0.0,0.0,0.0,0.1111111111111111
3 off-the-shelf mE5-small,IB_0266_hing,hinglish,test,cross_year,True,False,0.0,1.0,1.0,0.3333333333333333
3 off-the-shelf mE5-small,IB_0266_ta,tamil,test,cross_year,True,False,0.0,0.0,0.0,0.029411764705882353
3 off-the-shelf mE5-small,IB_0267_en,english,hard_test,cross_year,True,True,0.0,0.0,1.0,0.2
3 off-the-shelf mE5-small,IB_0267_hi,hindi,hard_test,cross_year,True,True,0.0,0.0,0.0,0.058823529411764705
3 off-the-shelf mE5-small,IB_0267_hing,hinglish,hard_test,cross_year,True,True,0.0,0.0,0.0,0.16666666666666666
3 off-the-shelf mE5-small,IB_0267_ta,tamil,hard_test,cross_year,False,True,0.0,0.0,0.0,0.1
3 off-the-shelf mE5-small,IB_0269_en,english,hard_test,cross_year,False,True,0.0,0.0,0.0,0.07692307692307693
3 off-the-shelf mE5-small,IB_0269_hi,hindi,hard_test,cross_year,False,False,0.0,0.0,0.0,0.02857142857142857
3 off-the-shelf mE5-small,IB_0269_hing,hinglish,hard_test,cross_year,True,True,0.0,0.0,0.0,0.125
3 off-the-shelf mE5-small,IB_0269_ta,tamil,hard_test,cross_year,True,True,0.0,0.0,0.0,0.02
3 off-the-shelf mE5-small,IB_0270_en,english,hard_test,cross_year,True,False,0.0,0.0,0.0,0.09090909090909091
3 off-the-shelf mE5-small,IB_0270_hi,hindi,hard_test,cross_year,True,True,0.0,0.0,0.0,0.1
3 off-the-shelf mE5-small,IB_0270_hing,hinglish,hard_test,cross_year,True,True,0.0,0.0,0.0,0.1111111111111111
3 off-the-shelf mE5-small,IB_0270_ta,tamil,hard_test,cross_year,True,True,0.0,0.0,0.0,0.045454545454545456
3 off-the-shelf mE5-small,IB_0273_en,english,hard_test,cross_year,False,False,0.0,0.0,0.0,0.1111111111111111
3 off-the-shelf mE5-small,IB_0273_hi,hindi,hard_test,cross_year,True,True,0.0,0.0,0.0,0.07692307692307693
3 off-the-shelf mE5-small,IB_0273_hing,hinglish,hard_test,cross_year,True,True,1.0,1.0,1.0,1.0
3 off-the-shelf mE5-small,IB_0273_ta,tamil,hard_test,cross_year,False,True,0.0,0.0,0.0,0.1
3 off-the-shelf mE5-small,IB_0282_en,english,hard_test,cross_year,True,True,0.0,1.0,1.0,0.3333333333333333
3 off-the-shelf mE5-small,IB_0282_hi,hindi,hard_test,cross_year,True,True,1.0,1.0,1.0,1.0
3 off-the-shelf mE5-small,IB_0282_hing,hinglish,hard_test,cross_year,True,True,0.0,0.0,0.0,0.09090909090909091
3 off-the-shelf mE5-small,IB_0282_ta,tamil,hard_test,cross_year,True,True,0.0,0.0,1.0,0.2
3 off-the-shelf mE5-small,IB_0285_en,english,test,cross_year,True,False,1.0,1.0,1.0,1.0
3 off-the-shelf mE5-small,IB_0285_hi,hindi,test,cross_year,True,False,1.0,1.0,1.0,1.0
3 off-the-shelf mE5-small,IB_0285_hing,hinglish,test,cross_year,False,False,1.0,1.0,1.0,1.0
3 off-the-shelf mE5-small,IB_0285_ta,tamil,test,cross_year,True,False,1.0,1.0,1.0,1.0
3 off-the-shelf mE5-small,IB_0286_en,english,test,cross_year,True,False,0.0,1.0,1.0,0.3333333333333333
3 off-the-shelf mE5-small,IB_0286_hi,hindi,test,cross_year,True,False,0.0,1.0,1.0,0.3333333333333333
3 off-the-shelf mE5-small,IB_0286_hing,hinglish,test,cross_year,True,False,0.0,1.0,1.0,0.3333333333333333
3 off-the-shelf mE5-small,IB_0286_ta,tamil,test,cross_year,True,False,1.0,1.0,1.0,1.0
3 off-the-shelf mE5-small,IB_0287_en,english,test,cross_year,True,False,1.0,1.0,1.0,1.0
3 off-the-shelf mE5-small,IB_0287_hi,hindi,test,cross_year,True,False,1.0,1.0,1.0,1.0
3 off-the-shelf mE5-small,IB_0287_hing,hinglish,test,cross_year,True,False,1.0,1.0,1.0,1.0
3 off-the-shelf mE5-small,IB_0287_ta,tamil,test,cross_year,False,False,1.0,1.0,1.0,1.0
3 off-the-shelf mE5-small,IB_0289_en,english,hard_test,cross_year,False,True,1.0,1.0,1.0,1.0
3 off-the-shelf mE5-small,IB_0289_hi,hindi,hard_test,cross_year,True,True,0.0,1.0,1.0,0.3333333333333333
3 off-the-shelf mE5-small,IB_0289_hing,hinglish,hard_test,cross_year,True,True,1.0,1.0,1.0,1.0
3 off-the-shelf mE5-small,IB_0289_ta,tamil,hard_test,cross_year,True,True,1.0,1.0,1.0,1.0
3 off-the-shelf mE5-small,IB_0292_en,english,hard_test,simple_lookup,True,True,1.0,1.0,1.0,1.0
3 off-the-shelf mE5-small,IB_0292_hi,hindi,hard_test,simple_lookup,True,True,0.0,0.0,0.0,0.14285714285714285
3 off-the-shelf mE5-small,IB_0292_hing,hinglish,hard_test,simple_lookup,False,True,0.0,0.0,0.0,0.1111111111111111
3 off-the-shelf mE5-small,IB_0292_ta,tamil,hard_test,simple_lookup,False,True,0.0,0.0,0.0,0.037037037037037035
3 off-the-shelf mE5-small,IB_0293_en,english,hard_test,simple_lookup,False,True,0.0,1.0,1.0,0.3333333333333333
3 off-the-shelf mE5-small,IB_0293_hi,hindi,hard_test,simple_lookup,False,True,0.0,1.0,1.0,0.3333333333333333
3 off-the-shelf mE5-small,IB_0293_hing,hinglish,hard_test,simple_lookup,True,False,0.0,0.0,0.0,0.07692307692307693
3 off-the-shelf mE5-small,IB_0293_ta,tamil,hard_test,simple_lookup,True,True,0.0,0.0,0.0,0.037037037037037035
3 off-the-shelf mE5-small,IB_0294_en,english,test,simple_lookup,True,False,0.0,0.0,1.0,0.2
3 off-the-shelf mE5-small,IB_0294_hi,hindi,test,simple_lookup,False,False,0.0,0.0,0.0,0.1111111111111111
3 off-the-shelf mE5-small,IB_0294_hing,hinglish,test,simple_lookup,False,False,0.0,0.0,0.0,0.1
3 off-the-shelf mE5-small,IB_0294_ta,tamil,test,simple_lookup,True,False,0.0,0.0,0.0,0.030303030303030304
3 off-the-shelf mE5-small,IB_0295_en,english,hard_test,simple_lookup,True,True,0.0,0.0,1.0,0.25
3 off-the-shelf mE5-small,IB_0295_hi,hindi,hard_test,simple_lookup,True,True,0.0,0.0,0.0,0.045454545454545456
3 off-the-shelf mE5-small,IB_0295_hing,hinglish,hard_test,simple_lookup,False,True,0.0,0.0,0.0,0.05555555555555555
3 off-the-shelf mE5-small,IB_0295_ta,tamil,hard_test,simple_lookup,True,True,0.0,0.0,0.0,0.030303030303030304
3 off-the-shelf mE5-small,IB_0297_en,english,dev,simple_lookup,False,False,0.0,1.0,1.0,0.3333333333333333
3 off-the-shelf mE5-small,IB_0297_hi,hindi,dev,simple_lookup,False,False,0.0,0.0,1.0,0.2
3 off-the-shelf mE5-small,IB_0297_hing,hinglish,dev,simple_lookup,False,False,0.0,1.0,1.0,0.3333333333333333
3 off-the-shelf mE5-small,IB_0297_ta,tamil,dev,simple_lookup,False,False,0.0,0.0,0.0,0.07142857142857142
3 off-the-shelf mE5-small,IB_0299_en,english,test,simple_lookup,False,False,0.0,0.0,0.0,0.16666666666666666
3 off-the-shelf mE5-small,IB_0299_hi,hindi,test,simple_lookup,False,False,0.0,0.0,0.0,0.1
3 off-the-shelf mE5-small,IB_0299_hing,hinglish,test,simple_lookup,False,False,0.0,0.0,0.0,0.0625
3 off-the-shelf mE5-small,IB_0299_ta,tamil,test,simple_lookup,True,False,0.0,0.0,0.0,0.08333333333333333
3 off-the-shelf mE5-small,IB_0300_en,english,test,simple_lookup,True,False,0.0,1.0,1.0,0.5
3 off-the-shelf mE5-small,IB_0300_hi,hindi,test,simple_lookup,False,False,0.0,0.0,0.0,0.1111111111111111
3 off-the-shelf mE5-small,IB_0300_hing,hinglish,test,simple_lookup,True,False,0.0,1.0,1.0,0.3333333333333333
3 off-the-shelf mE5-small,IB_0300_ta,tamil,test,simple_lookup,False,False,0.0,0.0,0.0,0.16666666666666666
3 off-the-shelf mE5-small,IB_0301_en,english,dev,simple_lookup,False,False,0.0,1.0,1.0,0.3333333333333333
3 off-the-shelf mE5-small,IB_0301_hi,hindi,dev,simple_lookup,False,False,0.0,1.0,1.0,0.3333333333333333
3 off-the-shelf mE5-small,IB_0301_hing,hinglish,dev,simple_lookup,False,False,0.0,1.0,1.0,0.3333333333333333
3 off-the-shelf mE5-small,IB_0301_ta,tamil,dev,simple_lookup,False,False,0.0,0.0,0.0,0.14285714285714285
3 off-the-shelf mE5-small,IB_0304_en,english,dev,simple_lookup,False,False,0.0,0.0,1.0,0.25
3 off-the-shelf mE5-small,IB_0304_hi,hindi,dev,simple_lookup,False,False,0.0,0.0,0.0,0.07692307692307693
3 off-the-shelf mE5-small,IB_0304_hing,hinglish,dev,simple_lookup,False,False,0.0,0.0,0.0,0.06666666666666667
3 off-the-shelf mE5-small,IB_0304_ta,tamil,dev,simple_lookup,False,False,0.0,0.0,0.0,0.07692307692307693
3 off-the-shelf mE5-small,IB_0305_en,english,test,simple_lookup,False,False,0.0,0.0,0.0,0.16666666666666666
3 off-the-shelf mE5-small,IB_0305_hi,hindi,test,simple_lookup,True,False,0.0,0.0,0.0,0.125
3 off-the-shelf mE5-small,IB_0305_hing,hinglish,test,simple_lookup,False,False,0.0,1.0,1.0,0.3333333333333333
3 off-the-shelf mE5-small,IB_0305_ta,tamil,test,simple_lookup,True,False,0.0,0.0,0.0,0.14285714285714285
3 off-the-shelf mE5-small,IB_0306_en,english,test,simple_lookup,False,False,0.0,0.0,0.0,0.14285714285714285
3 off-the-shelf mE5-small,IB_0306_hi,hindi,test,simple_lookup,False,False,0.0,0.0,0.0,0.08333333333333333
3 off-the-shelf mE5-small,IB_0306_hing,hinglish,test,simple_lookup,False,False,1.0,1.0,1.0,1.0
3 off-the-shelf mE5-small,IB_0306_ta,tamil,test,simple_lookup,True,False,0.0,0.0,0.0,0.058823529411764705
3 off-the-shelf mE5-small,IB_0307_en,english,dev,simple_lookup,False,False,0.0,1.0,1.0,0.3333333333333333
3 off-the-shelf mE5-small,IB_0307_hi,hindi,dev,simple_lookup,False,False,0.0,0.0,0.0,0.07142857142857142
3 off-the-shelf mE5-small,IB_0307_hing,hinglish,dev,simple_lookup,False,False,0.0,1.0,1.0,0.3333333333333333
3 off-the-shelf mE5-small,IB_0307_ta,tamil,dev,simple_lookup,False,False,0.0,0.0,0.0,0.09090909090909091
3 off-the-shelf mE5-small,IB_0309_en,english,hard_test,simple_lookup,False,True,0.0,0.0,0.0,0.09090909090909091
3 off-the-shelf mE5-small,IB_0309_hi,hindi,hard_test,simple_lookup,True,True,0.0,0.0,0.0,0.041666666666666664
3 off-the-shelf mE5-small,IB_0309_hing,hinglish,hard_test,simple_lookup,False,True,0.0,0.0,0.0,0.0196078431372549
3 off-the-shelf mE5-small,IB_0309_ta,tamil,hard_test,simple_lookup,True,True,0.0,0.0,0.0,0.06666666666666667
3 off-the-shelf mE5-small,IB_0310_en,english,test,simple_lookup,True,False,0.0,0.0,0.0,0.16666666666666666
3 off-the-shelf mE5-small,IB_0310_hi,hindi,test,simple_lookup,True,False,0.0,0.0,0.0,0.1
3 off-the-shelf mE5-small,IB_0310_hing,hinglish,test,simple_lookup,True,False,0.0,0.0,0.0,0.1111111111111111
3 off-the-shelf mE5-small,IB_0310_ta,tamil,test,simple_lookup,False,False,0.0,0.0,0.0,0.07142857142857142
3 off-the-shelf mE5-small,IB_0312_en,english,test,simple_lookup,False,False,0.0,1.0,1.0,0.3333333333333333
3 off-the-shelf mE5-small,IB_0312_hi,hindi,test,simple_lookup,False,False,0.0,1.0,1.0,0.3333333333333333
3 off-the-shelf mE5-small,IB_0312_hing,hinglish,test,simple_lookup,False,False,0.0,0.0,0.0,0.14285714285714285
3 off-the-shelf mE5-small,IB_0312_ta,tamil,test,simple_lookup,True,False,0.0,0.0,1.0,0.25
3 off-the-shelf mE5-small,IB_0313_en,english,hard_test,simple_lookup,True,True,0.0,0.0,1.0,0.2
3 off-the-shelf mE5-small,IB_0313_hi,hindi,hard_test,simple_lookup,True,True,0.0,0.0,0.0,0.125
3 off-the-shelf mE5-small,IB_0313_hing,hinglish,hard_test,simple_lookup,True,True,0.0,0.0,1.0,0.2
3 off-the-shelf mE5-small,IB_0313_ta,tamil,hard_test,simple_lookup,True,True,0.0,0.0,1.0,0.25
3 off-the-shelf mE5-small,IB_0315_en,english,hard_test,simple_lookup,True,True,0.0,1.0,1.0,0.3333333333333333
3 off-the-shelf mE5-small,IB_0315_hi,hindi,hard_test,simple_lookup,True,True,0.0,1.0,1.0,0.3333333333333333
3 off-the-shelf mE5-small,IB_0315_hing,hinglish,hard_test,simple_lookup,False,True,0.0,1.0,1.0,0.3333333333333333
3 off-the-shelf mE5-small,IB_0315_ta,tamil,hard_test,simple_lookup,True,True,0.0,1.0,1.0,0.3333333333333333
3 off-the-shelf mE5-small,IB_0316_en,english,test,simple_lookup,True,False,0.0,0.0,0.0,0.09090909090909091
3 off-the-shelf mE5-small,IB_0316_hi,hindi,test,simple_lookup,True,False,0.0,0.0,0.0,0.023255813953488372
3 off-the-shelf mE5-small,IB_0316_hing,hinglish,test,simple_lookup,True,False,0.0,0.0,0.0,0.09090909090909091
3 off-the-shelf mE5-small,IB_0316_ta,tamil,test,simple_lookup,False,False,0.0,0.0,0.0,0.03333333333333333
3 off-the-shelf mE5-small,IB_0317_en,english,dev,simple_lookup,False,False,0.0,1.0,1.0,0.3333333333333333
3 off-the-shelf mE5-small,IB_0317_hi,hindi,dev,simple_lookup,False,False,0.0,0.0,0.0,0.07142857142857142
3 off-the-shelf mE5-small,IB_0317_hing,hinglish,dev,simple_lookup,False,False,0.0,0.0,1.0,0.2
3 off-the-shelf mE5-small,IB_0317_ta,tamil,dev,simple_lookup,False,False,0.0,0.0,0.0,0.03571428571428571
3 off-the-shelf mE5-small,IB_0320_en,english,hard_test,simple_lookup,False,True,0.0,0.0,1.0,0.25
3 off-the-shelf mE5-small,IB_0320_hi,hindi,hard_test,simple_lookup,True,True,0.0,0.0,0.0,0.06666666666666667
3 off-the-shelf mE5-small,IB_0320_hing,hinglish,hard_test,simple_lookup,False,True,0.0,0.0,0.0,0.010638297872340425
3 off-the-shelf mE5-small,IB_0320_ta,tamil,hard_test,simple_lookup,True,True,0.0,1.0,1.0,0.3333333333333333
3 off-the-shelf mE5-small,IB_0321_en,english,test,simple_lookup,False,False,0.0,1.0,1.0,0.3333333333333333
3 off-the-shelf mE5-small,IB_0321_hi,hindi,test,simple_lookup,True,False,0.0,0.0,0.0,0.125
3 off-the-shelf mE5-small,IB_0321_hing,hinglish,test,simple_lookup,False,False,0.0,0.0,0.0,0.16666666666666666
3 off-the-shelf mE5-small,IB_0321_ta,tamil,test,simple_lookup,True,False,0.0,0.0,1.0,0.25
3 off-the-shelf mE5-small,IB_0322_en,english,hard_test,simple_lookup,True,True,0.0,0.0,0.0,0.16666666666666666
3 off-the-shelf mE5-small,IB_0322_hi,hindi,hard_test,simple_lookup,True,False,0.0,0.0,0.0,0.05555555555555555
3 off-the-shelf mE5-small,IB_0322_hing,hinglish,hard_test,simple_lookup,True,True,0.0,0.0,0.0,0.012658227848101266
3 off-the-shelf mE5-small,IB_0322_ta,tamil,hard_test,simple_lookup,True,True,0.0,1.0,1.0,0.3333333333333333
3 off-the-shelf mE5-small,IB_0323_en,english,hard_test,simple_lookup,True,True,0.0,1.0,1.0,0.3333333333333333
3 off-the-shelf mE5-small,IB_0323_hi,hindi,hard_test,simple_lookup,True,True,0.0,0.0,1.0,0.25
3 off-the-shelf mE5-small,IB_0323_hing,hinglish,hard_test,simple_lookup,False,False,0.0,1.0,1.0,0.3333333333333333
3 off-the-shelf mE5-small,IB_0323_ta,tamil,hard_test,simple_lookup,True,False,0.0,0.0,0.0,0.14285714285714285
3 off-the-shelf mE5-small,IB_0324_en,english,test,simple_lookup,False,False,0.0,1.0,1.0,0.3333333333333333
3 off-the-shelf mE5-small,IB_0324_hi,hindi,test,simple_lookup,False,False,0.0,1.0,1.0,0.3333333333333333
3 off-the-shelf mE5-small,IB_0324_hing,hinglish,test,simple_lookup,True,False,0.0,1.0,1.0,0.3333333333333333
3 off-the-shelf mE5-small,IB_0324_ta,tamil,test,simple_lookup,False,False,0.0,1.0,1.0,0.3333333333333333
3 off-the-shelf mE5-small,IB_0325_en,english,test,simple_lookup,False,False,0.0,1.0,1.0,0.3333333333333333
3 off-the-shelf mE5-small,IB_0325_hi,hindi,test,simple_lookup,True,False,0.0,0.0,1.0,0.25
3 off-the-shelf mE5-small,IB_0325_hing,hinglish,test,simple_lookup,True,False,0.0,1.0,1.0,0.3333333333333333
3 off-the-shelf mE5-small,IB_0325_ta,tamil,test,simple_lookup,True,False,0.0,0.0,0.0,0.16666666666666666
3 off-the-shelf mE5-small,IB_0327_en,english,dev,simple_lookup,False,False,0.0,0.0,1.0,0.25
3 off-the-shelf mE5-small,IB_0327_hi,hindi,dev,simple_lookup,False,False,0.0,1.0,1.0,0.3333333333333333
3 off-the-shelf mE5-small,IB_0327_hing,hinglish,dev,simple_lookup,False,False,0.0,0.0,1.0,0.2
3 off-the-shelf mE5-small,IB_0327_ta,tamil,dev,simple_lookup,False,False,0.0,1.0,1.0,0.3333333333333333
3 off-the-shelf mE5-small,IB_0330_en,english,test,cross_year,True,False,0.0,1.0,1.0,0.3333333333333333
3 off-the-shelf mE5-small,IB_0330_hi,hindi,test,cross_year,True,False,0.0,0.0,0.0,0.07142857142857142
3 off-the-shelf mE5-small,IB_0330_hing,hinglish,test,cross_year,True,False,0.0,0.0,0.0,0.125
3 off-the-shelf mE5-small,IB_0330_ta,tamil,test,cross_year,True,False,0.0,0.0,0.0,0.07142857142857142
3 off-the-shelf mE5-small,IB_0331_en,english,hard_test,cross_year,False,True,0.0,1.0,1.0,0.3333333333333333
3 off-the-shelf mE5-small,IB_0331_hi,hindi,hard_test,cross_year,True,True,0.0,0.0,0.0,0.1111111111111111
3 off-the-shelf mE5-small,IB_0331_hing,hinglish,hard_test,cross_year,True,True,0.0,0.0,0.0,0.034482758620689655
3 off-the-shelf mE5-small,IB_0331_ta,tamil,hard_test,cross_year,True,True,0.0,0.0,0.0,0.05
3 off-the-shelf mE5-small,IB_0333_en,english,hard_test,cross_year,False,False,0.0,1.0,1.0,0.3333333333333333
3 off-the-shelf mE5-small,IB_0333_hi,hindi,hard_test,cross_year,False,True,0.0,0.0,0.0,0.06666666666666667
3 off-the-shelf mE5-small,IB_0333_hing,hinglish,hard_test,cross_year,False,True,0.0,0.0,0.0,0.1111111111111111
3 off-the-shelf mE5-small,IB_0333_ta,tamil,hard_test,cross_year,False,True,0.0,0.0,0.0,0.06666666666666667
3 off-the-shelf mE5-small,IB_0336_en,english,hard_test,cross_year,False,False,0.0,0.0,1.0,0.2
3 off-the-shelf mE5-small,IB_0336_hi,hindi,hard_test,cross_year,True,True,0.0,0.0,0.0,0.125
3 off-the-shelf mE5-small,IB_0336_hing,hinglish,hard_test,cross_year,True,False,0.0,0.0,0.0,0.058823529411764705
3 off-the-shelf mE5-small,IB_0336_ta,tamil,hard_test,cross_year,True,True,0.0,0.0,0.0,0.14285714285714285
3 off-the-shelf mE5-small,IB_0339_en,english,test,cross_year,True,False,0.0,1.0,1.0,0.3333333333333333
3 off-the-shelf mE5-small,IB_0339_hi,hindi,test,cross_year,True,False,0.0,1.0,1.0,0.3333333333333333
3 off-the-shelf mE5-small,IB_0339_hing,hinglish,test,cross_year,False,False,0.0,0.0,1.0,0.2
3 off-the-shelf mE5-small,IB_0339_ta,tamil,test,cross_year,False,False,0.0,0.0,0.0,0.16666666666666666
3 off-the-shelf mE5-small,IB_0340_en,english,hard_test,cross_year,True,True,0.0,1.0,1.0,0.3333333333333333
3 off-the-shelf mE5-small,IB_0340_hi,hindi,hard_test,cross_year,True,True,0.0,1.0,1.0,0.3333333333333333
3 off-the-shelf mE5-small,IB_0340_hing,hinglish,hard_test,cross_year,True,True,0.0,0.0,1.0,0.25
3 off-the-shelf mE5-small,IB_0340_ta,tamil,hard_test,cross_year,False,True,0.0,0.0,0.0,0.029411764705882353
3 off-the-shelf mE5-small,IB_0341_en,english,hard_test,cross_year,True,True,0.0,1.0,1.0,0.3333333333333333
3 off-the-shelf mE5-small,IB_0341_hi,hindi,hard_test,cross_year,False,True,0.0,0.0,1.0,0.25
3 off-the-shelf mE5-small,IB_0341_hing,hinglish,hard_test,cross_year,True,True,0.0,1.0,1.0,0.3333333333333333
3 off-the-shelf mE5-small,IB_0341_ta,tamil,hard_test,cross_year,True,True,0.0,0.0,1.0,0.25
3 off-the-shelf mE5-small,IB_0342_en,english,test,multi_hop,False,False,0.0,0.0,0.5,0.16346153846153846
3 off-the-shelf mE5-small,IB_0342_hi,hindi,test,multi_hop,True,False,0.0,0.0,0.0,0.011458333333333334
3 off-the-shelf mE5-small,IB_0342_hing,hinglish,test,multi_hop,True,False,0.0,0.0,0.0,0.011133102424542306
3 off-the-shelf mE5-small,IB_0342_ta,tamil,test,multi_hop,False,False,0.0,0.0,0.0,0.013270473197136371
3 off-the-shelf mE5-small,IB_0344_en,english,test,multi_hop,True,False,0.0,0.5,0.5,0.3125
3 off-the-shelf mE5-small,IB_0344_hi,hindi,test,multi_hop,True,False,0.0,0.0,0.0,0.009819021948402002
3 off-the-shelf mE5-small,IB_0344_hing,hinglish,test,multi_hop,True,False,0.0,0.0,0.0,0.010596546310832025
3 off-the-shelf mE5-small,IB_0344_ta,tamil,test,multi_hop,True,False,0.0,0.0,0.0,0.012202380952380952
3 off-the-shelf mE5-small,IB_0345_en,english,dev,multi_hop,False,False,0.0,0.0,0.0,0.010710194730813288
3 off-the-shelf mE5-small,IB_0345_hi,hindi,dev,multi_hop,False,False,0.0,0.0,0.0,0.011022286821705425
3 off-the-shelf mE5-small,IB_0345_hing,hinglish,dev,multi_hop,False,False,0.0,0.0,0.0,0.010720018344416417
3 off-the-shelf mE5-small,IB_0345_ta,tamil,dev,multi_hop,False,False,0.0,0.0,0.0,0.010797631487286661
3 off-the-shelf mE5-small,IB_0346_en,english,dev,multi_hop,False,False,0.0,0.0,0.0,0.01395131086142322
3 off-the-shelf mE5-small,IB_0346_hi,hindi,dev,multi_hop,False,False,0.0,0.0,0.0,0.01309931506849315
3 off-the-shelf mE5-small,IB_0346_hing,hinglish,dev,multi_hop,False,False,0.0,0.0,0.0,0.012626262626262626
3 off-the-shelf mE5-small,IB_0346_ta,tamil,dev,multi_hop,False,False,0.0,0.0,0.0,0.013789868667917449
3 off-the-shelf mE5-small,IB_0347_en,english,test,multi_hop,False,False,0.0,0.0,0.0,0.009863945578231292
3 off-the-shelf mE5-small,IB_0347_hi,hindi,test,multi_hop,True,False,0.0,0.0,0.0,0.009916543937162493
3 off-the-shelf mE5-small,IB_0347_hing,hinglish,test,multi_hop,False,False,0.0,0.0,0.0,0.010093325218096978
3 off-the-shelf mE5-small,IB_0347_ta,tamil,test,multi_hop,False,False,0.0,0.0,0.0,0.010882352941176471
3 off-the-shelf mE5-small,IB_0349_en,english,hard_test,multi_hop,True,True,0.5,0.5,0.5,0.5833333333333334
3 off-the-shelf mE5-small,IB_0349_hi,hindi,hard_test,multi_hop,False,True,0.0,0.0,0.0,0.01302215457466599
3 off-the-shelf mE5-small,IB_0349_hing,hinglish,hard_test,multi_hop,True,True,0.0,0.0,0.0,0.015438596491228071
3 off-the-shelf mE5-small,IB_0349_ta,tamil,hard_test,multi_hop,True,False,0.0,0.0,0.0,0.01259106746911625
3 off-the-shelf mE5-small,IB_0353_en,english,hard_test,multi_hop,False,True,0.0,0.0,0.0,0.03230740772361194
3 off-the-shelf mE5-small,IB_0353_hi,hindi,hard_test,multi_hop,False,True,0.0,0.0,0.0,0.01441482494114073
3 off-the-shelf mE5-small,IB_0353_hing,hinglish,hard_test,multi_hop,True,False,0.0,0.0,0.0,0.020871414296507518
3 off-the-shelf mE5-small,IB_0353_ta,tamil,hard_test,multi_hop,True,True,0.0,0.0,0.0,0.01951639630211059
3 off-the-shelf mE5-small,IB_0354_en,english,test,multi_hop,False,False,0.0,0.0,0.0,0.02917187825724411
3 off-the-shelf mE5-small,IB_0354_hi,hindi,test,multi_hop,True,False,0.0,0.0,0.0,0.021463500705787456
3 off-the-shelf mE5-small,IB_0354_hing,hinglish,test,multi_hop,True,False,0.0,0.0,0.0,0.022696272184763232
3 off-the-shelf mE5-small,IB_0354_ta,tamil,test,multi_hop,True,False,0.0,0.0,0.0,0.019712100764732343
3 off-the-shelf mE5-small,IB_0355_en,english,dev,multi_hop,False,False,0.0,0.0,0.0,0.09577922077922078
3 off-the-shelf mE5-small,IB_0355_hi,hindi,dev,multi_hop,False,False,0.0,0.0,0.0,0.020234525778880616
3 off-the-shelf mE5-small,IB_0355_hing,hinglish,dev,multi_hop,False,False,0.0,0.0,0.0,0.01955520669806384
3 off-the-shelf mE5-small,IB_0355_ta,tamil,dev,multi_hop,False,False,0.0,0.0,0.0,0.02134328804835717
3 off-the-shelf mE5-small,IB_0356_en,english,test,multi_hop,False,False,0.0,0.0,0.0,0.024750146972369196
3 off-the-shelf mE5-small,IB_0356_hi,hindi,test,multi_hop,False,False,0.0,0.0,0.0,0.015450000224809024
3 off-the-shelf mE5-small,IB_0356_hing,hinglish,test,multi_hop,False,False,0.0,0.0,0.0,0.04170940170940171
3 off-the-shelf mE5-small,IB_0356_ta,tamil,test,multi_hop,False,False,0.0,0.0,0.0,0.015108998942787543
3 off-the-shelf mE5-small,IB_0357_en,english,hard_test,multi_hop,False,False,0.0,0.0,0.3333333333333333,0.08734335839598999
3 off-the-shelf mE5-small,IB_0357_hi,hindi,hard_test,multi_hop,False,False,0.0,0.0,0.0,0.017502930546408807
3 off-the-shelf mE5-small,IB_0357_hing,hinglish,hard_test,multi_hop,False,True,0.0,0.0,0.0,0.044501133786848064
3 off-the-shelf mE5-small,IB_0357_ta,tamil,hard_test,multi_hop,True,True,0.0,0.0,0.0,0.019712100764732343
3 off-the-shelf mE5-small,IB_0358_en,english,hard_test,multi_hop,False,True,0.0,1.0,1.0,0.3333333333333333
3 off-the-shelf mE5-small,IB_0358_hi,hindi,hard_test,multi_hop,False,True,0.0,0.0,0.0,0.05
3 off-the-shelf mE5-small,IB_0358_hing,hinglish,hard_test,multi_hop,True,True,0.0,0.0,0.0,0.125
3 off-the-shelf mE5-small,IB_0358_ta,tamil,hard_test,multi_hop,False,False,1.0,1.0,1.0,1.0
3 off-the-shelf mE5-small,IB_0359_en,english,test,multi_hop,True,False,0.0,0.0,1.0,0.2
3 off-the-shelf mE5-small,IB_0359_hi,hindi,test,multi_hop,True,False,0.0,0.0,1.0,0.2
3 off-the-shelf mE5-small,IB_0359_hing,hinglish,test,multi_hop,True,False,0.0,0.0,1.0,0.2
3 off-the-shelf mE5-small,IB_0359_ta,tamil,test,multi_hop,True,False,1.0,1.0,1.0,1.0
3 off-the-shelf mE5-small,IB_0360_en,english,test,multi_hop,False,False,0.0,0.0,0.0,0.16666666666666666
3 off-the-shelf mE5-small,IB_0360_hi,hindi,test,multi_hop,True,False,0.0,1.0,1.0,0.3333333333333333
3 off-the-shelf mE5-small,IB_0360_hing,hinglish,test,multi_hop,False,False,0.0,1.0,1.0,0.5
3 off-the-shelf mE5-small,IB_0360_ta,tamil,test,multi_hop,True,False,0.0,1.0,1.0,0.5
3 off-the-shelf mE5-small,IB_0362_en,english,hard_test,multi_hop,False,False,0.0,0.0,1.0,0.25
3 off-the-shelf mE5-small,IB_0362_hi,hindi,hard_test,multi_hop,True,True,0.0,0.0,1.0,0.2
3 off-the-shelf mE5-small,IB_0362_hing,hinglish,hard_test,multi_hop,True,False,0.0,0.0,0.0,0.14285714285714285
3 off-the-shelf mE5-small,IB_0362_ta,tamil,hard_test,multi_hop,True,True,0.0,1.0,1.0,0.3333333333333333
3 off-the-shelf mE5-small,IB_0363_en,english,hard_test,multi_hop,False,True,0.0,1.0,1.0,0.3333333333333333
3 off-the-shelf mE5-small,IB_0363_hi,hindi,hard_test,multi_hop,True,True,0.0,1.0,1.0,0.5
3 off-the-shelf mE5-small,IB_0363_hing,hinglish,hard_test,multi_hop,False,False,0.0,0.0,0.0,0.1111111111111111
3 off-the-shelf mE5-small,IB_0363_ta,tamil,hard_test,multi_hop,False,True,0.0,1.0,1.0,0.5
3 off-the-shelf mE5-small,IB_0365_en,english,hard_test,multi_hop,True,False,0.5,0.5,0.5,0.5172413793103449
3 off-the-shelf mE5-small,IB_0365_hi,hindi,hard_test,multi_hop,True,True,0.0,0.5,0.5,0.25675675675675674
3 off-the-shelf mE5-small,IB_0365_hing,hinglish,hard_test,multi_hop,True,True,0.5,0.5,0.5,0.5217391304347826
3 off-the-shelf mE5-small,IB_0365_ta,tamil,hard_test,multi_hop,True,False,0.5,0.5,0.5,0.5073529411764706
3 off-the-shelf mE5-small,IB_0366_en,english,dev,multi_hop,False,False,0.0,0.0,0.0,0.10714285714285714
3 off-the-shelf mE5-small,IB_0366_hi,hindi,dev,multi_hop,False,False,0.0,0.5,0.5,0.17276422764227642
3 off-the-shelf mE5-small,IB_0366_hing,hinglish,dev,multi_hop,False,False,0.5,0.5,0.5,0.5135135135135135
3 off-the-shelf mE5-small,IB_0366_ta,tamil,dev,multi_hop,False,False,0.0,0.5,0.5,0.2568493150684932
3 off-the-shelf mE5-small,IB_0367_en,english,dev,multi_hop,False,False,0.0,0.0,0.5,0.14351851851851852
3 off-the-shelf mE5-small,IB_0367_hi,hindi,dev,multi_hop,False,False,0.0,0.0,0.0,0.04296066252587991
3 off-the-shelf mE5-small,IB_0367_hing,hinglish,dev,multi_hop,False,False,0.0,0.5,0.5,0.2642857142857143
3 off-the-shelf mE5-small,IB_0367_ta,tamil,dev,multi_hop,False,False,0.0,0.0,0.0,0.07230392156862744
3 off-the-shelf mE5-small,IB_0368_en,english,dev,multi_hop,False,False,0.0,0.5,0.5,0.26666666666666666
3 off-the-shelf mE5-small,IB_0368_hi,hindi,dev,multi_hop,False,False,0.0,0.0,0.0,0.07752613240418119
3 off-the-shelf mE5-small,IB_0368_hing,hinglish,dev,multi_hop,False,False,0.0,0.0,0.0,0.07862903225806452
3 off-the-shelf mE5-small,IB_0368_ta,tamil,dev,multi_hop,False,False,0.0,0.5,0.5,0.2572463768115942
3 off-the-shelf mE5-small,IB_0371_en,english,test,multi_hop,True,False,0.5,0.5,0.5,0.5277777777777778
3 off-the-shelf mE5-small,IB_0371_hi,hindi,test,multi_hop,True,False,0.5,0.5,0.5,0.50625
3 off-the-shelf mE5-small,IB_0371_hing,hinglish,test,multi_hop,False,False,0.0,0.0,0.5,0.14583333333333334
3 off-the-shelf mE5-small,IB_0371_ta,tamil,test,multi_hop,True,False,0.5,0.5,0.5,0.5096153846153846
4 fine-tuned mE5-small (ours),IB_0001_en,english,test,filtered_aggregate,True,False,1.0,1.0,1.0,1.0
4 fine-tuned mE5-small (ours),IB_0001_hi,hindi,test,filtered_aggregate,False,False,1.0,1.0,1.0,1.0
4 fine-tuned mE5-small (ours),IB_0001_hing,hinglish,test,filtered_aggregate,False,False,1.0,1.0,1.0,1.0
4 fine-tuned mE5-small (ours),IB_0001_ta,tamil,test,filtered_aggregate,True,False,1.0,1.0,1.0,1.0
4 fine-tuned mE5-small (ours),IB_0002_en,english,dev,filtered_aggregate,False,False,1.0,1.0,1.0,1.0
4 fine-tuned mE5-small (ours),IB_0002_hi,hindi,dev,filtered_aggregate,False,False,1.0,1.0,1.0,1.0
4 fine-tuned mE5-small (ours),IB_0002_hing,hinglish,dev,filtered_aggregate,False,False,1.0,1.0,1.0,1.0
4 fine-tuned mE5-small (ours),IB_0002_ta,tamil,dev,filtered_aggregate,False,False,0.0,1.0,1.0,0.5
4 fine-tuned mE5-small (ours),IB_0004_en,english,hard_test,filtered_aggregate,True,True,1.0,1.0,1.0,1.0
4 fine-tuned mE5-small (ours),IB_0004_hi,hindi,hard_test,filtered_aggregate,True,True,1.0,1.0,1.0,1.0
4 fine-tuned mE5-small (ours),IB_0004_hing,hinglish,hard_test,filtered_aggregate,False,True,1.0,1.0,1.0,1.0
4 fine-tuned mE5-small (ours),IB_0004_ta,tamil,hard_test,filtered_aggregate,True,False,1.0,1.0,1.0,1.0
4 fine-tuned mE5-small (ours),IB_0007_en,english,dev,filtered_aggregate,False,False,1.0,1.0,1.0,1.0
4 fine-tuned mE5-small (ours),IB_0007_hi,hindi,dev,filtered_aggregate,False,False,0.0,1.0,1.0,0.5
4 fine-tuned mE5-small (ours),IB_0007_hing,hinglish,dev,filtered_aggregate,False,False,1.0,1.0,1.0,1.0
4 fine-tuned mE5-small (ours),IB_0007_ta,tamil,dev,filtered_aggregate,False,False,0.0,1.0,1.0,0.5
4 fine-tuned mE5-small (ours),IB_0009_en,english,dev,filtered_aggregate,False,False,1.0,1.0,1.0,1.0
4 fine-tuned mE5-small (ours),IB_0009_hi,hindi,dev,filtered_aggregate,False,False,0.0,1.0,1.0,0.5
4 fine-tuned mE5-small (ours),IB_0009_hing,hinglish,dev,filtered_aggregate,False,False,0.0,1.0,1.0,0.5
4 fine-tuned mE5-small (ours),IB_0009_ta,tamil,dev,filtered_aggregate,False,False,0.0,1.0,1.0,0.5
4 fine-tuned mE5-small (ours),IB_0010_en,english,test,filtered_aggregate,False,False,1.0,1.0,1.0,1.0
4 fine-tuned mE5-small (ours),IB_0010_hi,hindi,test,filtered_aggregate,False,False,1.0,1.0,1.0,1.0
4 fine-tuned mE5-small (ours),IB_0010_hing,hinglish,test,filtered_aggregate,True,False,1.0,1.0,1.0,1.0
4 fine-tuned mE5-small (ours),IB_0010_ta,tamil,test,filtered_aggregate,True,False,1.0,1.0,1.0,1.0
4 fine-tuned mE5-small (ours),IB_0011_en,english,hard_test,cross_year,False,True,1.0,1.0,1.0,1.0
4 fine-tuned mE5-small (ours),IB_0011_hi,hindi,hard_test,cross_year,True,True,1.0,1.0,1.0,1.0
4 fine-tuned mE5-small (ours),IB_0011_hing,hinglish,hard_test,cross_year,True,True,1.0,1.0,1.0,1.0
4 fine-tuned mE5-small (ours),IB_0011_ta,tamil,hard_test,cross_year,True,False,1.0,1.0,1.0,1.0
4 fine-tuned mE5-small (ours),IB_0012_en,english,dev,cross_year,False,False,1.0,1.0,1.0,1.0
4 fine-tuned mE5-small (ours),IB_0012_hi,hindi,dev,cross_year,False,False,1.0,1.0,1.0,1.0
4 fine-tuned mE5-small (ours),IB_0012_hing,hinglish,dev,cross_year,False,False,1.0,1.0,1.0,1.0
4 fine-tuned mE5-small (ours),IB_0012_ta,tamil,dev,cross_year,False,False,1.0,1.0,1.0,1.0
4 fine-tuned mE5-small (ours),IB_0015_en,english,hard_test,cross_year,True,False,1.0,1.0,1.0,1.0
4 fine-tuned mE5-small (ours),IB_0015_hi,hindi,hard_test,cross_year,True,True,1.0,1.0,1.0,1.0
4 fine-tuned mE5-small (ours),IB_0015_hing,hinglish,hard_test,cross_year,False,True,1.0,1.0,1.0,1.0
4 fine-tuned mE5-small (ours),IB_0015_ta,tamil,hard_test,cross_year,True,True,1.0,1.0,1.0,1.0
4 fine-tuned mE5-small (ours),IB_0016_en,english,dev,cross_year,False,False,1.0,1.0,1.0,1.0
4 fine-tuned mE5-small (ours),IB_0016_hi,hindi,dev,cross_year,False,False,1.0,1.0,1.0,1.0
4 fine-tuned mE5-small (ours),IB_0016_hing,hinglish,dev,cross_year,False,False,1.0,1.0,1.0,1.0
4 fine-tuned mE5-small (ours),IB_0016_ta,tamil,dev,cross_year,False,False,1.0,1.0,1.0,1.0
4 fine-tuned mE5-small (ours),IB_0017_en,english,test,cross_year,True,False,1.0,1.0,1.0,1.0
4 fine-tuned mE5-small (ours),IB_0017_hi,hindi,test,cross_year,True,False,1.0,1.0,1.0,1.0
4 fine-tuned mE5-small (ours),IB_0017_hing,hinglish,test,cross_year,True,False,1.0,1.0,1.0,1.0
4 fine-tuned mE5-small (ours),IB_0017_ta,tamil,test,cross_year,False,False,1.0,1.0,1.0,1.0
4 fine-tuned mE5-small (ours),IB_0018_en,english,test,cross_year,True,False,1.0,1.0,1.0,1.0
4 fine-tuned mE5-small (ours),IB_0018_hi,hindi,test,cross_year,False,False,1.0,1.0,1.0,1.0
4 fine-tuned mE5-small (ours),IB_0018_hing,hinglish,test,cross_year,True,False,1.0,1.0,1.0,1.0
4 fine-tuned mE5-small (ours),IB_0018_ta,tamil,test,cross_year,True,False,1.0,1.0,1.0,1.0
4 fine-tuned mE5-small (ours),IB_0021_en,english,test,cross_year,True,False,1.0,1.0,1.0,1.0
4 fine-tuned mE5-small (ours),IB_0021_hi,hindi,test,cross_year,True,False,1.0,1.0,1.0,1.0
4 fine-tuned mE5-small (ours),IB_0021_hing,hinglish,test,cross_year,True,False,1.0,1.0,1.0,1.0
4 fine-tuned mE5-small (ours),IB_0021_ta,tamil,test,cross_year,True,False,1.0,1.0,1.0,1.0
4 fine-tuned mE5-small (ours),IB_0022_en,english,hard_test,cross_year,True,False,1.0,1.0,1.0,1.0
4 fine-tuned mE5-small (ours),IB_0022_hi,hindi,hard_test,cross_year,True,True,1.0,1.0,1.0,1.0
4 fine-tuned mE5-small (ours),IB_0022_hing,hinglish,hard_test,cross_year,True,True,1.0,1.0,1.0,1.0
4 fine-tuned mE5-small (ours),IB_0022_ta,tamil,hard_test,cross_year,False,True,1.0,1.0,1.0,1.0
4 fine-tuned mE5-small (ours),IB_0025_en,english,dev,multi_hop,False,False,1.0,1.0,1.0,1.0
4 fine-tuned mE5-small (ours),IB_0025_hi,hindi,dev,multi_hop,False,False,1.0,1.0,1.0,1.0
4 fine-tuned mE5-small (ours),IB_0025_hing,hinglish,dev,multi_hop,False,False,1.0,1.0,1.0,1.0
4 fine-tuned mE5-small (ours),IB_0025_ta,tamil,dev,multi_hop,False,False,1.0,1.0,1.0,1.0
4 fine-tuned mE5-small (ours),IB_0026_en,english,dev,multi_hop,False,False,1.0,1.0,1.0,1.0
4 fine-tuned mE5-small (ours),IB_0026_hi,hindi,dev,multi_hop,False,False,1.0,1.0,1.0,1.0
4 fine-tuned mE5-small (ours),IB_0026_hing,hinglish,dev,multi_hop,False,False,1.0,1.0,1.0,1.0
4 fine-tuned mE5-small (ours),IB_0026_ta,tamil,dev,multi_hop,False,False,1.0,1.0,1.0,1.0
4 fine-tuned mE5-small (ours),IB_0029_en,english,dev,multi_hop,False,False,1.0,1.0,1.0,1.0
4 fine-tuned mE5-small (ours),IB_0029_hi,hindi,dev,multi_hop,False,False,1.0,1.0,1.0,1.0
4 fine-tuned mE5-small (ours),IB_0029_hing,hinglish,dev,multi_hop,False,False,1.0,1.0,1.0,1.0
4 fine-tuned mE5-small (ours),IB_0029_ta,tamil,dev,multi_hop,False,False,1.0,1.0,1.0,1.0
4 fine-tuned mE5-small (ours),IB_0034_en,english,dev,filtered_aggregate,False,False,1.0,1.0,1.0,1.0
4 fine-tuned mE5-small (ours),IB_0034_hi,hindi,dev,filtered_aggregate,False,False,1.0,1.0,1.0,1.0
4 fine-tuned mE5-small (ours),IB_0034_hing,hinglish,dev,filtered_aggregate,False,False,1.0,1.0,1.0,1.0
4 fine-tuned mE5-small (ours),IB_0034_ta,tamil,dev,filtered_aggregate,False,False,1.0,1.0,1.0,1.0
4 fine-tuned mE5-small (ours),IB_0035_en,english,dev,filtered_aggregate,False,False,1.0,1.0,1.0,1.0
4 fine-tuned mE5-small (ours),IB_0035_hi,hindi,dev,filtered_aggregate,False,False,1.0,1.0,1.0,1.0
4 fine-tuned mE5-small (ours),IB_0035_hing,hinglish,dev,filtered_aggregate,False,False,1.0,1.0,1.0,1.0
4 fine-tuned mE5-small (ours),IB_0035_ta,tamil,dev,filtered_aggregate,False,False,1.0,1.0,1.0,1.0
4 fine-tuned mE5-small (ours),IB_0036_en,english,hard_test,filtered_aggregate,True,True,1.0,1.0,1.0,1.0
4 fine-tuned mE5-small (ours),IB_0036_hi,hindi,hard_test,filtered_aggregate,False,True,1.0,1.0,1.0,1.0
4 fine-tuned mE5-small (ours),IB_0036_hing,hinglish,hard_test,filtered_aggregate,True,True,1.0,1.0,1.0,1.0
4 fine-tuned mE5-small (ours),IB_0036_ta,tamil,hard_test,filtered_aggregate,True,True,1.0,1.0,1.0,1.0
4 fine-tuned mE5-small (ours),IB_0037_en,english,test,filtered_aggregate,True,False,1.0,1.0,1.0,1.0
4 fine-tuned mE5-small (ours),IB_0037_hi,hindi,test,filtered_aggregate,True,False,1.0,1.0,1.0,1.0
4 fine-tuned mE5-small (ours),IB_0037_hing,hinglish,test,filtered_aggregate,False,False,1.0,1.0,1.0,1.0
4 fine-tuned mE5-small (ours),IB_0037_ta,tamil,test,filtered_aggregate,False,False,1.0,1.0,1.0,1.0
4 fine-tuned mE5-small (ours),IB_0045_en,english,hard_test,filtered_aggregate,True,True,1.0,1.0,1.0,1.0
4 fine-tuned mE5-small (ours),IB_0045_hi,hindi,hard_test,filtered_aggregate,True,True,1.0,1.0,1.0,1.0
4 fine-tuned mE5-small (ours),IB_0045_hing,hinglish,hard_test,filtered_aggregate,True,True,1.0,1.0,1.0,1.0
4 fine-tuned mE5-small (ours),IB_0045_ta,tamil,hard_test,filtered_aggregate,True,True,0.0,1.0,1.0,0.5
4 fine-tuned mE5-small (ours),IB_0047_en,english,test,filtered_aggregate,True,False,1.0,1.0,1.0,1.0
4 fine-tuned mE5-small (ours),IB_0047_hi,hindi,test,filtered_aggregate,True,False,1.0,1.0,1.0,1.0
4 fine-tuned mE5-small (ours),IB_0047_hing,hinglish,test,filtered_aggregate,True,False,1.0,1.0,1.0,1.0
4 fine-tuned mE5-small (ours),IB_0047_ta,tamil,test,filtered_aggregate,False,False,1.0,1.0,1.0,1.0
4 fine-tuned mE5-small (ours),IB_0048_en,english,test,filtered_aggregate,False,False,1.0,1.0,1.0,1.0
4 fine-tuned mE5-small (ours),IB_0048_hi,hindi,test,filtered_aggregate,False,False,1.0,1.0,1.0,1.0
4 fine-tuned mE5-small (ours),IB_0048_hing,hinglish,test,filtered_aggregate,False,False,1.0,1.0,1.0,1.0
4 fine-tuned mE5-small (ours),IB_0048_ta,tamil,test,filtered_aggregate,True,False,1.0,1.0,1.0,1.0
4 fine-tuned mE5-small (ours),IB_0050_en,english,test,filtered_aggregate,True,False,1.0,1.0,1.0,1.0
4 fine-tuned mE5-small (ours),IB_0050_hi,hindi,test,filtered_aggregate,True,False,1.0,1.0,1.0,1.0
4 fine-tuned mE5-small (ours),IB_0050_hing,hinglish,test,filtered_aggregate,False,False,1.0,1.0,1.0,1.0
4 fine-tuned mE5-small (ours),IB_0050_ta,tamil,test,filtered_aggregate,True,False,1.0,1.0,1.0,1.0
4 fine-tuned mE5-small (ours),IB_0051_en,english,test,filtered_aggregate,True,False,1.0,1.0,1.0,1.0
4 fine-tuned mE5-small (ours),IB_0051_hi,hindi,test,filtered_aggregate,False,False,1.0,1.0,1.0,1.0
4 fine-tuned mE5-small (ours),IB_0051_hing,hinglish,test,filtered_aggregate,False,False,1.0,1.0,1.0,1.0
4 fine-tuned mE5-small (ours),IB_0051_ta,tamil,test,filtered_aggregate,True,False,1.0,1.0,1.0,1.0
4 fine-tuned mE5-small (ours),IB_0052_en,english,dev,filtered_aggregate,False,False,1.0,1.0,1.0,1.0
4 fine-tuned mE5-small (ours),IB_0052_hi,hindi,dev,filtered_aggregate,False,False,1.0,1.0,1.0,1.0
4 fine-tuned mE5-small (ours),IB_0052_hing,hinglish,dev,filtered_aggregate,False,False,1.0,1.0,1.0,1.0
4 fine-tuned mE5-small (ours),IB_0052_ta,tamil,dev,filtered_aggregate,False,False,1.0,1.0,1.0,1.0
4 fine-tuned mE5-small (ours),IB_0053_en,english,test,filtered_aggregate,True,False,1.0,1.0,1.0,1.0
4 fine-tuned mE5-small (ours),IB_0053_hi,hindi,test,filtered_aggregate,True,False,1.0,1.0,1.0,1.0
4 fine-tuned mE5-small (ours),IB_0053_hing,hinglish,test,filtered_aggregate,True,False,1.0,1.0,1.0,1.0
4 fine-tuned mE5-small (ours),IB_0053_ta,tamil,test,filtered_aggregate,True,False,1.0,1.0,1.0,1.0
4 fine-tuned mE5-small (ours),IB_0055_en,english,dev,cross_year,False,False,1.0,1.0,1.0,1.0
4 fine-tuned mE5-small (ours),IB_0055_hi,hindi,dev,cross_year,False,False,1.0,1.0,1.0,1.0
4 fine-tuned mE5-small (ours),IB_0055_hing,hinglish,dev,cross_year,False,False,1.0,1.0,1.0,1.0
4 fine-tuned mE5-small (ours),IB_0055_ta,tamil,dev,cross_year,False,False,1.0,1.0,1.0,1.0
4 fine-tuned mE5-small (ours),IB_0056_en,english,hard_test,cross_year,True,True,1.0,1.0,1.0,1.0
4 fine-tuned mE5-small (ours),IB_0056_hi,hindi,hard_test,cross_year,True,True,1.0,1.0,1.0,1.0
4 fine-tuned mE5-small (ours),IB_0056_hing,hinglish,hard_test,cross_year,True,True,1.0,1.0,1.0,1.0
4 fine-tuned mE5-small (ours),IB_0056_ta,tamil,hard_test,cross_year,True,False,1.0,1.0,1.0,1.0
4 fine-tuned mE5-small (ours),IB_0057_en,english,hard_test,cross_year,True,False,1.0,1.0,1.0,1.0
4 fine-tuned mE5-small (ours),IB_0057_hi,hindi,hard_test,cross_year,True,True,1.0,1.0,1.0,1.0
4 fine-tuned mE5-small (ours),IB_0057_hing,hinglish,hard_test,cross_year,True,False,1.0,1.0,1.0,1.0
4 fine-tuned mE5-small (ours),IB_0057_ta,tamil,hard_test,cross_year,True,True,1.0,1.0,1.0,1.0
4 fine-tuned mE5-small (ours),IB_0060_en,english,test,cross_year,True,False,1.0,1.0,1.0,1.0
4 fine-tuned mE5-small (ours),IB_0060_hi,hindi,test,cross_year,True,False,1.0,1.0,1.0,1.0
4 fine-tuned mE5-small (ours),IB_0060_hing,hinglish,test,cross_year,False,False,1.0,1.0,1.0,1.0
4 fine-tuned mE5-small (ours),IB_0060_ta,tamil,test,cross_year,True,False,1.0,1.0,1.0,1.0
4 fine-tuned mE5-small (ours),IB_0065_en,english,test,filtered_aggregate,True,False,0.0,1.0,1.0,0.3333333333333333
4 fine-tuned mE5-small (ours),IB_0065_hi,hindi,test,filtered_aggregate,True,False,1.0,1.0,1.0,1.0
4 fine-tuned mE5-small (ours),IB_0065_hing,hinglish,test,filtered_aggregate,True,False,1.0,1.0,1.0,1.0
4 fine-tuned mE5-small (ours),IB_0065_ta,tamil,test,filtered_aggregate,False,False,1.0,1.0,1.0,1.0
4 fine-tuned mE5-small (ours),IB_0067_en,english,test,filtered_aggregate,False,False,1.0,1.0,1.0,1.0
4 fine-tuned mE5-small (ours),IB_0067_hi,hindi,test,filtered_aggregate,True,False,1.0,1.0,1.0,1.0
4 fine-tuned mE5-small (ours),IB_0067_hing,hinglish,test,filtered_aggregate,True,False,1.0,1.0,1.0,1.0
4 fine-tuned mE5-small (ours),IB_0067_ta,tamil,test,filtered_aggregate,True,False,1.0,1.0,1.0,1.0
4 fine-tuned mE5-small (ours),IB_0068_en,english,test,filtered_aggregate,True,False,0.0,1.0,1.0,0.5
4 fine-tuned mE5-small (ours),IB_0068_hi,hindi,test,filtered_aggregate,False,False,1.0,1.0,1.0,1.0
4 fine-tuned mE5-small (ours),IB_0068_hing,hinglish,test,filtered_aggregate,True,False,1.0,1.0,1.0,1.0
4 fine-tuned mE5-small (ours),IB_0068_ta,tamil,test,filtered_aggregate,True,False,1.0,1.0,1.0,1.0
4 fine-tuned mE5-small (ours),IB_0071_en,english,hard_test,filtered_aggregate,True,False,0.0,1.0,1.0,0.3333333333333333
4 fine-tuned mE5-small (ours),IB_0071_hi,hindi,hard_test,filtered_aggregate,False,False,1.0,1.0,1.0,1.0
4 fine-tuned mE5-small (ours),IB_0071_hing,hinglish,hard_test,filtered_aggregate,True,True,0.0,1.0,1.0,0.5
4 fine-tuned mE5-small (ours),IB_0071_ta,tamil,hard_test,filtered_aggregate,True,True,1.0,1.0,1.0,1.0
4 fine-tuned mE5-small (ours),IB_0077_en,english,hard_test,cross_year,True,True,1.0,1.0,1.0,1.0
4 fine-tuned mE5-small (ours),IB_0077_hi,hindi,hard_test,cross_year,True,False,1.0,1.0,1.0,1.0
4 fine-tuned mE5-small (ours),IB_0077_hing,hinglish,hard_test,cross_year,True,True,1.0,1.0,1.0,1.0
4 fine-tuned mE5-small (ours),IB_0077_ta,tamil,hard_test,cross_year,True,True,1.0,1.0,1.0,1.0
4 fine-tuned mE5-small (ours),IB_0078_en,english,test,cross_year,True,False,1.0,1.0,1.0,1.0
4 fine-tuned mE5-small (ours),IB_0078_hi,hindi,test,cross_year,True,False,1.0,1.0,1.0,1.0
4 fine-tuned mE5-small (ours),IB_0078_hing,hinglish,test,cross_year,True,False,1.0,1.0,1.0,1.0
4 fine-tuned mE5-small (ours),IB_0078_ta,tamil,test,cross_year,True,False,1.0,1.0,1.0,1.0
4 fine-tuned mE5-small (ours),IB_0079_en,english,hard_test,cross_year,True,True,1.0,1.0,1.0,1.0
4 fine-tuned mE5-small (ours),IB_0079_hi,hindi,hard_test,cross_year,True,True,1.0,1.0,1.0,1.0
4 fine-tuned mE5-small (ours),IB_0079_hing,hinglish,hard_test,cross_year,True,True,1.0,1.0,1.0,1.0
4 fine-tuned mE5-small (ours),IB_0079_ta,tamil,hard_test,cross_year,False,True,0.0,1.0,1.0,0.3333333333333333
4 fine-tuned mE5-small (ours),IB_0080_en,english,hard_test,cross_year,True,True,1.0,1.0,1.0,1.0
4 fine-tuned mE5-small (ours),IB_0080_hi,hindi,hard_test,cross_year,True,True,1.0,1.0,1.0,1.0
4 fine-tuned mE5-small (ours),IB_0080_hing,hinglish,hard_test,cross_year,True,True,1.0,1.0,1.0,1.0
4 fine-tuned mE5-small (ours),IB_0080_ta,tamil,hard_test,cross_year,True,True,1.0,1.0,1.0,1.0
4 fine-tuned mE5-small (ours),IB_0081_en,english,dev,filtered_aggregate,False,False,1.0,1.0,1.0,1.0
4 fine-tuned mE5-small (ours),IB_0081_hi,hindi,dev,filtered_aggregate,False,False,1.0,1.0,1.0,1.0
4 fine-tuned mE5-small (ours),IB_0081_hing,hinglish,dev,filtered_aggregate,False,False,1.0,1.0,1.0,1.0
4 fine-tuned mE5-small (ours),IB_0081_ta,tamil,dev,filtered_aggregate,False,False,1.0,1.0,1.0,1.0
4 fine-tuned mE5-small (ours),IB_0082_en,english,dev,filtered_aggregate,False,False,1.0,1.0,1.0,1.0
4 fine-tuned mE5-small (ours),IB_0082_hi,hindi,dev,filtered_aggregate,False,False,1.0,1.0,1.0,1.0
4 fine-tuned mE5-small (ours),IB_0082_hing,hinglish,dev,filtered_aggregate,False,False,1.0,1.0,1.0,1.0
4 fine-tuned mE5-small (ours),IB_0082_ta,tamil,dev,filtered_aggregate,False,False,1.0,1.0,1.0,1.0
4 fine-tuned mE5-small (ours),IB_0083_en,english,dev,filtered_aggregate,False,False,1.0,1.0,1.0,1.0
4 fine-tuned mE5-small (ours),IB_0083_hi,hindi,dev,filtered_aggregate,False,False,1.0,1.0,1.0,1.0
4 fine-tuned mE5-small (ours),IB_0083_hing,hinglish,dev,filtered_aggregate,False,False,1.0,1.0,1.0,1.0
4 fine-tuned mE5-small (ours),IB_0083_ta,tamil,dev,filtered_aggregate,False,False,1.0,1.0,1.0,1.0
4 fine-tuned mE5-small (ours),IB_0085_en,english,dev,filtered_aggregate,False,False,1.0,1.0,1.0,1.0
4 fine-tuned mE5-small (ours),IB_0085_hi,hindi,dev,filtered_aggregate,False,False,1.0,1.0,1.0,1.0
4 fine-tuned mE5-small (ours),IB_0085_hing,hinglish,dev,filtered_aggregate,False,False,1.0,1.0,1.0,1.0
4 fine-tuned mE5-small (ours),IB_0085_ta,tamil,dev,filtered_aggregate,False,False,1.0,1.0,1.0,1.0
4 fine-tuned mE5-small (ours),IB_0087_en,english,test,filtered_aggregate,True,False,1.0,1.0,1.0,1.0
4 fine-tuned mE5-small (ours),IB_0087_hi,hindi,test,filtered_aggregate,True,False,0.0,1.0,1.0,0.3333333333333333
4 fine-tuned mE5-small (ours),IB_0087_hing,hinglish,test,filtered_aggregate,False,False,1.0,1.0,1.0,1.0
4 fine-tuned mE5-small (ours),IB_0087_ta,tamil,test,filtered_aggregate,True,False,0.0,0.0,1.0,0.25
4 fine-tuned mE5-small (ours),IB_0089_en,english,dev,cross_year,False,False,1.0,1.0,1.0,1.0
4 fine-tuned mE5-small (ours),IB_0089_hi,hindi,dev,cross_year,False,False,1.0,1.0,1.0,1.0
4 fine-tuned mE5-small (ours),IB_0089_hing,hinglish,dev,cross_year,False,False,1.0,1.0,1.0,1.0
4 fine-tuned mE5-small (ours),IB_0089_ta,tamil,dev,cross_year,False,False,1.0,1.0,1.0,1.0
4 fine-tuned mE5-small (ours),IB_0090_en,english,hard_test,cross_year,True,False,1.0,1.0,1.0,1.0
4 fine-tuned mE5-small (ours),IB_0090_hi,hindi,hard_test,cross_year,True,True,1.0,1.0,1.0,1.0
4 fine-tuned mE5-small (ours),IB_0090_hing,hinglish,hard_test,cross_year,True,True,1.0,1.0,1.0,1.0
4 fine-tuned mE5-small (ours),IB_0090_ta,tamil,hard_test,cross_year,False,True,1.0,1.0,1.0,1.0
4 fine-tuned mE5-small (ours),IB_0093_en,english,test,cross_year,True,False,0.0,1.0,1.0,0.5
4 fine-tuned mE5-small (ours),IB_0093_hi,hindi,test,cross_year,True,False,1.0,1.0,1.0,1.0
4 fine-tuned mE5-small (ours),IB_0093_hing,hinglish,test,cross_year,True,False,1.0,1.0,1.0,1.0
4 fine-tuned mE5-small (ours),IB_0093_ta,tamil,test,cross_year,True,False,1.0,1.0,1.0,1.0
4 fine-tuned mE5-small (ours),IB_0097_en,english,test,simple_lookup,True,False,1.0,1.0,1.0,1.0
4 fine-tuned mE5-small (ours),IB_0097_hi,hindi,test,simple_lookup,True,False,0.0,1.0,1.0,0.3333333333333333
4 fine-tuned mE5-small (ours),IB_0097_hing,hinglish,test,simple_lookup,False,False,1.0,1.0,1.0,1.0
4 fine-tuned mE5-small (ours),IB_0097_ta,tamil,test,simple_lookup,True,False,1.0,1.0,1.0,1.0
4 fine-tuned mE5-small (ours),IB_0099_en,english,test,simple_lookup,True,False,1.0,1.0,1.0,1.0
4 fine-tuned mE5-small (ours),IB_0099_hi,hindi,test,simple_lookup,False,False,0.0,1.0,1.0,0.3333333333333333
4 fine-tuned mE5-small (ours),IB_0099_hing,hinglish,test,simple_lookup,True,False,0.0,0.0,0.0,0.16666666666666666
4 fine-tuned mE5-small (ours),IB_0099_ta,tamil,test,simple_lookup,True,False,1.0,1.0,1.0,1.0
4 fine-tuned mE5-small (ours),IB_0100_en,english,dev,simple_lookup,False,False,1.0,1.0,1.0,1.0
4 fine-tuned mE5-small (ours),IB_0100_hi,hindi,dev,simple_lookup,False,False,0.0,1.0,1.0,0.3333333333333333
4 fine-tuned mE5-small (ours),IB_0100_hing,hinglish,dev,simple_lookup,False,False,1.0,1.0,1.0,1.0
4 fine-tuned mE5-small (ours),IB_0100_ta,tamil,dev,simple_lookup,False,False,1.0,1.0,1.0,1.0
4 fine-tuned mE5-small (ours),IB_0101_en,english,hard_test,simple_lookup,True,True,1.0,1.0,1.0,1.0
4 fine-tuned mE5-small (ours),IB_0101_hi,hindi,hard_test,simple_lookup,True,False,0.0,1.0,1.0,0.3333333333333333
4 fine-tuned mE5-small (ours),IB_0101_hing,hinglish,hard_test,simple_lookup,True,True,0.0,0.0,1.0,0.2
4 fine-tuned mE5-small (ours),IB_0101_ta,tamil,hard_test,simple_lookup,True,False,1.0,1.0,1.0,1.0
4 fine-tuned mE5-small (ours),IB_0102_en,english,hard_test,simple_lookup,False,True,1.0,1.0,1.0,1.0
4 fine-tuned mE5-small (ours),IB_0102_hi,hindi,hard_test,simple_lookup,False,False,0.0,1.0,1.0,0.3333333333333333
4 fine-tuned mE5-small (ours),IB_0102_hing,hinglish,hard_test,simple_lookup,True,True,0.0,0.0,0.0,0.037037037037037035
4 fine-tuned mE5-small (ours),IB_0102_ta,tamil,hard_test,simple_lookup,True,True,1.0,1.0,1.0,1.0
4 fine-tuned mE5-small (ours),IB_0107_en,english,hard_test,simple_lookup,True,True,1.0,1.0,1.0,1.0
4 fine-tuned mE5-small (ours),IB_0107_hi,hindi,hard_test,simple_lookup,False,True,0.0,1.0,1.0,0.3333333333333333
4 fine-tuned mE5-small (ours),IB_0107_hing,hinglish,hard_test,simple_lookup,True,True,0.0,1.0,1.0,0.3333333333333333
4 fine-tuned mE5-small (ours),IB_0107_ta,tamil,hard_test,simple_lookup,False,True,1.0,1.0,1.0,1.0
4 fine-tuned mE5-small (ours),IB_0110_en,english,test,simple_lookup,True,False,1.0,1.0,1.0,1.0
4 fine-tuned mE5-small (ours),IB_0110_hi,hindi,test,simple_lookup,True,False,1.0,1.0,1.0,1.0
4 fine-tuned mE5-small (ours),IB_0110_hing,hinglish,test,simple_lookup,False,False,1.0,1.0,1.0,1.0
4 fine-tuned mE5-small (ours),IB_0110_ta,tamil,test,simple_lookup,True,False,1.0,1.0,1.0,1.0
4 fine-tuned mE5-small (ours),IB_0112_en,english,test,filtered_aggregate,True,False,1.0,1.0,1.0,1.0
4 fine-tuned mE5-small (ours),IB_0112_hi,hindi,test,filtered_aggregate,False,False,1.0,1.0,1.0,1.0
4 fine-tuned mE5-small (ours),IB_0112_hing,hinglish,test,filtered_aggregate,False,False,1.0,1.0,1.0,1.0
4 fine-tuned mE5-small (ours),IB_0112_ta,tamil,test,filtered_aggregate,True,False,1.0,1.0,1.0,1.0
4 fine-tuned mE5-small (ours),IB_0114_en,english,test,filtered_aggregate,True,False,1.0,1.0,1.0,1.0
4 fine-tuned mE5-small (ours),IB_0114_hi,hindi,test,filtered_aggregate,True,False,1.0,1.0,1.0,1.0
4 fine-tuned mE5-small (ours),IB_0114_hing,hinglish,test,filtered_aggregate,False,False,1.0,1.0,1.0,1.0
4 fine-tuned mE5-small (ours),IB_0114_ta,tamil,test,filtered_aggregate,True,False,1.0,1.0,1.0,1.0
4 fine-tuned mE5-small (ours),IB_0115_en,english,test,filtered_aggregate,True,False,1.0,1.0,1.0,1.0
4 fine-tuned mE5-small (ours),IB_0115_hi,hindi,test,filtered_aggregate,True,False,1.0,1.0,1.0,1.0
4 fine-tuned mE5-small (ours),IB_0115_hing,hinglish,test,filtered_aggregate,True,False,1.0,1.0,1.0,1.0
4 fine-tuned mE5-small (ours),IB_0115_ta,tamil,test,filtered_aggregate,False,False,1.0,1.0,1.0,1.0
4 fine-tuned mE5-small (ours),IB_0116_en,english,hard_test,filtered_aggregate,False,True,1.0,1.0,1.0,1.0
4 fine-tuned mE5-small (ours),IB_0116_hi,hindi,hard_test,filtered_aggregate,True,False,1.0,1.0,1.0,1.0
4 fine-tuned mE5-small (ours),IB_0116_hing,hinglish,hard_test,filtered_aggregate,True,True,1.0,1.0,1.0,1.0
4 fine-tuned mE5-small (ours),IB_0116_ta,tamil,hard_test,filtered_aggregate,True,True,1.0,1.0,1.0,1.0
4 fine-tuned mE5-small (ours),IB_0117_en,english,test,filtered_aggregate,False,False,1.0,1.0,1.0,1.0
4 fine-tuned mE5-small (ours),IB_0117_hi,hindi,test,filtered_aggregate,True,False,1.0,1.0,1.0,1.0
4 fine-tuned mE5-small (ours),IB_0117_hing,hinglish,test,filtered_aggregate,False,False,1.0,1.0,1.0,1.0
4 fine-tuned mE5-small (ours),IB_0117_ta,tamil,test,filtered_aggregate,False,False,1.0,1.0,1.0,1.0
4 fine-tuned mE5-small (ours),IB_0119_en,english,test,filtered_aggregate,True,False,1.0,1.0,1.0,1.0
4 fine-tuned mE5-small (ours),IB_0119_hi,hindi,test,filtered_aggregate,True,False,1.0,1.0,1.0,1.0
4 fine-tuned mE5-small (ours),IB_0119_hing,hinglish,test,filtered_aggregate,False,False,1.0,1.0,1.0,1.0
4 fine-tuned mE5-small (ours),IB_0119_ta,tamil,test,filtered_aggregate,False,False,1.0,1.0,1.0,1.0
4 fine-tuned mE5-small (ours),IB_0120_en,english,test,multi_hop,True,False,0.5,1.0,1.0,0.6666666666666666
4 fine-tuned mE5-small (ours),IB_0120_hi,hindi,test,multi_hop,True,False,0.5,0.5,0.5,0.5263157894736842
4 fine-tuned mE5-small (ours),IB_0120_hing,hinglish,test,multi_hop,True,False,0.0,0.5,0.5,0.27941176470588236
4 fine-tuned mE5-small (ours),IB_0120_ta,tamil,test,multi_hop,True,False,0.5,0.5,0.5,0.5833333333333334
4 fine-tuned mE5-small (ours),IB_0121_en,english,hard_test,multi_hop,True,True,0.5,0.5,1.0,0.6
4 fine-tuned mE5-small (ours),IB_0121_hi,hindi,hard_test,multi_hop,True,True,0.5,0.5,0.5,0.5217391304347826
4 fine-tuned mE5-small (ours),IB_0121_hing,hinglish,hard_test,multi_hop,False,True,0.5,1.0,1.0,0.75
4 fine-tuned mE5-small (ours),IB_0121_ta,tamil,hard_test,multi_hop,True,True,0.5,0.5,0.5,0.5833333333333334
4 fine-tuned mE5-small (ours),IB_0122_en,english,hard_test,multi_hop,False,True,0.5,1.0,1.0,0.6666666666666666
4 fine-tuned mE5-small (ours),IB_0122_hi,hindi,hard_test,multi_hop,False,True,0.5,0.5,0.5,0.5833333333333334
4 fine-tuned mE5-small (ours),IB_0122_hing,hinglish,hard_test,multi_hop,False,True,0.5,0.5,0.5,0.5625
4 fine-tuned mE5-small (ours),IB_0122_ta,tamil,hard_test,multi_hop,True,True,0.5,0.5,0.5,0.5714285714285714
4 fine-tuned mE5-small (ours),IB_0123_en,english,dev,multi_hop,False,False,0.5,1.0,1.0,0.75
4 fine-tuned mE5-small (ours),IB_0123_hi,hindi,dev,multi_hop,False,False,0.5,1.0,1.0,0.75
4 fine-tuned mE5-small (ours),IB_0123_hing,hinglish,dev,multi_hop,False,False,0.5,0.5,1.0,0.6
4 fine-tuned mE5-small (ours),IB_0123_ta,tamil,dev,multi_hop,False,False,0.5,0.5,0.5,0.5625
4 fine-tuned mE5-small (ours),IB_0125_en,english,dev,multi_hop,False,False,0.5,1.0,1.0,0.6666666666666666
4 fine-tuned mE5-small (ours),IB_0125_hi,hindi,dev,multi_hop,False,False,0.5,0.5,1.0,0.6
4 fine-tuned mE5-small (ours),IB_0125_hing,hinglish,dev,multi_hop,False,False,0.5,0.5,0.5,0.5454545454545454
4 fine-tuned mE5-small (ours),IB_0125_ta,tamil,dev,multi_hop,False,False,0.5,0.5,1.0,0.6
4 fine-tuned mE5-small (ours),IB_0126_en,english,hard_test,multi_hop,False,True,0.5,1.0,1.0,0.6666666666666666
4 fine-tuned mE5-small (ours),IB_0126_hi,hindi,hard_test,multi_hop,True,True,0.5,0.5,0.5,0.5238095238095238
4 fine-tuned mE5-small (ours),IB_0126_hing,hinglish,hard_test,multi_hop,True,False,0.5,0.5,0.5,0.5333333333333333
4 fine-tuned mE5-small (ours),IB_0126_ta,tamil,hard_test,multi_hop,False,True,0.5,0.5,1.0,0.6
4 fine-tuned mE5-small (ours),IB_0127_en,english,dev,multi_hop,False,False,0.5,0.5,1.0,0.625
4 fine-tuned mE5-small (ours),IB_0127_hi,hindi,dev,multi_hop,False,False,0.5,0.5,0.5,0.5833333333333334
4 fine-tuned mE5-small (ours),IB_0127_hing,hinglish,dev,multi_hop,False,False,0.5,1.0,1.0,0.75
4 fine-tuned mE5-small (ours),IB_0127_ta,tamil,dev,multi_hop,False,False,0.5,0.5,0.5,0.5625
4 fine-tuned mE5-small (ours),IB_0128_en,english,dev,filtered_aggregate,False,False,0.5,1.0,1.0,0.6666666666666666
4 fine-tuned mE5-small (ours),IB_0128_hi,hindi,dev,filtered_aggregate,False,False,0.5,0.5,1.0,0.625
4 fine-tuned mE5-small (ours),IB_0128_hing,hinglish,dev,filtered_aggregate,False,False,0.5,1.0,1.0,0.75
4 fine-tuned mE5-small (ours),IB_0128_ta,tamil,dev,filtered_aggregate,False,False,0.5,0.5,0.5,0.5714285714285714
4 fine-tuned mE5-small (ours),IB_0129_en,english,test,filtered_aggregate,True,False,0.0,1.0,1.0,0.41666666666666663
4 fine-tuned mE5-small (ours),IB_0129_hi,hindi,test,filtered_aggregate,True,False,0.5,0.5,1.0,0.6
4 fine-tuned mE5-small (ours),IB_0129_hing,hinglish,test,filtered_aggregate,False,False,0.0,0.5,0.5,0.28125
4 fine-tuned mE5-small (ours),IB_0129_ta,tamil,test,filtered_aggregate,True,False,0.5,0.5,0.5,0.55
4 fine-tuned mE5-small (ours),IB_0130_en,english,dev,filtered_aggregate,False,False,0.5,1.0,1.0,0.6666666666666666
4 fine-tuned mE5-small (ours),IB_0130_hi,hindi,dev,filtered_aggregate,False,False,0.5,1.0,1.0,0.6666666666666666
4 fine-tuned mE5-small (ours),IB_0130_hing,hinglish,dev,filtered_aggregate,False,False,0.5,1.0,1.0,0.6666666666666666
4 fine-tuned mE5-small (ours),IB_0130_ta,tamil,dev,filtered_aggregate,False,False,0.5,0.5,0.5,0.5714285714285714
4 fine-tuned mE5-small (ours),IB_0131_en,english,dev,filtered_aggregate,False,False,0.5,1.0,1.0,0.6666666666666666
4 fine-tuned mE5-small (ours),IB_0131_hi,hindi,dev,filtered_aggregate,False,False,0.5,0.5,1.0,0.625
4 fine-tuned mE5-small (ours),IB_0131_hing,hinglish,dev,filtered_aggregate,False,False,0.5,0.5,0.5,0.5416666666666666
4 fine-tuned mE5-small (ours),IB_0131_ta,tamil,dev,filtered_aggregate,False,False,0.5,0.5,0.5,0.5714285714285714
4 fine-tuned mE5-small (ours),IB_0132_en,english,dev,filtered_aggregate,False,False,0.0,1.0,1.0,0.41666666666666663
4 fine-tuned mE5-small (ours),IB_0132_hi,hindi,dev,filtered_aggregate,False,False,0.5,0.5,0.5,0.5833333333333334
4 fine-tuned mE5-small (ours),IB_0132_hing,hinglish,dev,filtered_aggregate,False,False,0.0,0.5,0.5,0.2857142857142857
4 fine-tuned mE5-small (ours),IB_0132_ta,tamil,dev,filtered_aggregate,False,False,0.5,0.5,0.5,0.5714285714285714
4 fine-tuned mE5-small (ours),IB_0133_en,english,dev,filtered_aggregate,False,False,0.5,1.0,1.0,0.6666666666666666
4 fine-tuned mE5-small (ours),IB_0133_hi,hindi,dev,filtered_aggregate,False,False,0.5,0.5,1.0,0.625
4 fine-tuned mE5-small (ours),IB_0133_hing,hinglish,dev,filtered_aggregate,False,False,0.5,1.0,1.0,0.75
4 fine-tuned mE5-small (ours),IB_0133_ta,tamil,dev,filtered_aggregate,False,False,0.5,0.5,0.5,0.5833333333333334
4 fine-tuned mE5-small (ours),IB_0134_en,english,test,filtered_aggregate,True,False,0.0,1.0,1.0,0.41666666666666663
4 fine-tuned mE5-small (ours),IB_0134_hi,hindi,test,filtered_aggregate,True,False,0.5,0.5,1.0,0.625
4 fine-tuned mE5-small (ours),IB_0134_hing,hinglish,test,filtered_aggregate,False,False,0.5,1.0,1.0,0.75
4 fine-tuned mE5-small (ours),IB_0134_ta,tamil,test,filtered_aggregate,False,False,0.5,0.5,0.5,0.5833333333333334
4 fine-tuned mE5-small (ours),IB_0135_en,english,dev,filtered_aggregate,False,False,0.5,1.0,1.0,0.6666666666666666
4 fine-tuned mE5-small (ours),IB_0135_hi,hindi,dev,filtered_aggregate,False,False,0.5,0.5,1.0,0.625
4 fine-tuned mE5-small (ours),IB_0135_hing,hinglish,dev,filtered_aggregate,False,False,0.0,0.5,0.5,0.2857142857142857
4 fine-tuned mE5-small (ours),IB_0135_ta,tamil,dev,filtered_aggregate,False,False,0.5,0.5,0.5,0.5714285714285714
4 fine-tuned mE5-small (ours),IB_0136_en,english,test,filtered_aggregate,False,False,1.0,1.0,1.0,1.0
4 fine-tuned mE5-small (ours),IB_0136_hi,hindi,test,filtered_aggregate,False,False,1.0,1.0,1.0,1.0
4 fine-tuned mE5-small (ours),IB_0136_hing,hinglish,test,filtered_aggregate,False,False,1.0,1.0,1.0,1.0
4 fine-tuned mE5-small (ours),IB_0136_ta,tamil,test,filtered_aggregate,True,False,1.0,1.0,1.0,1.0
4 fine-tuned mE5-small (ours),IB_0137_en,english,test,filtered_aggregate,True,False,1.0,1.0,1.0,1.0
4 fine-tuned mE5-small (ours),IB_0137_hi,hindi,test,filtered_aggregate,True,False,1.0,1.0,1.0,1.0
4 fine-tuned mE5-small (ours),IB_0137_hing,hinglish,test,filtered_aggregate,True,False,1.0,1.0,1.0,1.0
4 fine-tuned mE5-small (ours),IB_0137_ta,tamil,test,filtered_aggregate,False,False,1.0,1.0,1.0,1.0
4 fine-tuned mE5-small (ours),IB_0138_en,english,dev,filtered_aggregate,False,False,1.0,1.0,1.0,1.0
4 fine-tuned mE5-small (ours),IB_0138_hi,hindi,dev,filtered_aggregate,False,False,1.0,1.0,1.0,1.0
4 fine-tuned mE5-small (ours),IB_0138_hing,hinglish,dev,filtered_aggregate,False,False,1.0,1.0,1.0,1.0
4 fine-tuned mE5-small (ours),IB_0138_ta,tamil,dev,filtered_aggregate,False,False,1.0,1.0,1.0,1.0
4 fine-tuned mE5-small (ours),IB_0139_en,english,test,filtered_aggregate,True,False,1.0,1.0,1.0,1.0
4 fine-tuned mE5-small (ours),IB_0139_hi,hindi,test,filtered_aggregate,True,False,1.0,1.0,1.0,1.0
4 fine-tuned mE5-small (ours),IB_0139_hing,hinglish,test,filtered_aggregate,False,False,1.0,1.0,1.0,1.0
4 fine-tuned mE5-small (ours),IB_0139_ta,tamil,test,filtered_aggregate,True,False,1.0,1.0,1.0,1.0
4 fine-tuned mE5-small (ours),IB_0142_en,english,hard_test,filtered_aggregate,False,False,1.0,1.0,1.0,1.0
4 fine-tuned mE5-small (ours),IB_0142_hi,hindi,hard_test,filtered_aggregate,False,True,1.0,1.0,1.0,1.0
4 fine-tuned mE5-small (ours),IB_0142_hing,hinglish,hard_test,filtered_aggregate,True,False,1.0,1.0,1.0,1.0
4 fine-tuned mE5-small (ours),IB_0142_ta,tamil,hard_test,filtered_aggregate,False,True,1.0,1.0,1.0,1.0
4 fine-tuned mE5-small (ours),IB_0143_en,english,test,filtered_aggregate,True,False,1.0,1.0,1.0,1.0
4 fine-tuned mE5-small (ours),IB_0143_hi,hindi,test,filtered_aggregate,True,False,1.0,1.0,1.0,1.0
4 fine-tuned mE5-small (ours),IB_0143_hing,hinglish,test,filtered_aggregate,True,False,1.0,1.0,1.0,1.0
4 fine-tuned mE5-small (ours),IB_0143_ta,tamil,test,filtered_aggregate,True,False,1.0,1.0,1.0,1.0
4 fine-tuned mE5-small (ours),IB_0145_en,english,test,filtered_aggregate,False,False,1.0,1.0,1.0,1.0
4 fine-tuned mE5-small (ours),IB_0145_hi,hindi,test,filtered_aggregate,True,False,1.0,1.0,1.0,1.0
4 fine-tuned mE5-small (ours),IB_0145_hing,hinglish,test,filtered_aggregate,False,False,1.0,1.0,1.0,1.0
4 fine-tuned mE5-small (ours),IB_0145_ta,tamil,test,filtered_aggregate,False,False,1.0,1.0,1.0,1.0
4 fine-tuned mE5-small (ours),IB_0146_en,english,hard_test,cross_year,True,False,1.0,1.0,1.0,1.0
4 fine-tuned mE5-small (ours),IB_0146_hi,hindi,hard_test,cross_year,True,False,1.0,1.0,1.0,1.0
4 fine-tuned mE5-small (ours),IB_0146_hing,hinglish,hard_test,cross_year,True,True,1.0,1.0,1.0,1.0
4 fine-tuned mE5-small (ours),IB_0146_ta,tamil,hard_test,cross_year,True,False,1.0,1.0,1.0,1.0
4 fine-tuned mE5-small (ours),IB_0147_en,english,dev,cross_year,False,False,1.0,1.0,1.0,1.0
4 fine-tuned mE5-small (ours),IB_0147_hi,hindi,dev,cross_year,False,False,1.0,1.0,1.0,1.0
4 fine-tuned mE5-small (ours),IB_0147_hing,hinglish,dev,cross_year,False,False,1.0,1.0,1.0,1.0
4 fine-tuned mE5-small (ours),IB_0147_ta,tamil,dev,cross_year,False,False,1.0,1.0,1.0,1.0
4 fine-tuned mE5-small (ours),IB_0148_en,english,hard_test,cross_year,True,False,1.0,1.0,1.0,1.0
4 fine-tuned mE5-small (ours),IB_0148_hi,hindi,hard_test,cross_year,True,False,1.0,1.0,1.0,1.0
4 fine-tuned mE5-small (ours),IB_0148_hing,hinglish,hard_test,cross_year,True,False,1.0,1.0,1.0,1.0
4 fine-tuned mE5-small (ours),IB_0148_ta,tamil,hard_test,cross_year,True,True,1.0,1.0,1.0,1.0
4 fine-tuned mE5-small (ours),IB_0150_en,english,test,filtered_aggregate,True,False,0.0,1.0,1.0,0.3333333333333333
4 fine-tuned mE5-small (ours),IB_0150_hi,hindi,test,filtered_aggregate,True,False,1.0,1.0,1.0,1.0
4 fine-tuned mE5-small (ours),IB_0150_hing,hinglish,test,filtered_aggregate,False,False,1.0,1.0,1.0,1.0
4 fine-tuned mE5-small (ours),IB_0150_ta,tamil,test,filtered_aggregate,True,False,1.0,1.0,1.0,1.0
4 fine-tuned mE5-small (ours),IB_0151_en,english,test,filtered_aggregate,True,False,1.0,1.0,1.0,1.0
4 fine-tuned mE5-small (ours),IB_0151_hi,hindi,test,filtered_aggregate,True,False,1.0,1.0,1.0,1.0
4 fine-tuned mE5-small (ours),IB_0151_hing,hinglish,test,filtered_aggregate,False,False,1.0,1.0,1.0,1.0
4 fine-tuned mE5-small (ours),IB_0151_ta,tamil,test,filtered_aggregate,True,False,0.0,0.0,1.0,0.25
4 fine-tuned mE5-small (ours),IB_0152_en,english,dev,filtered_aggregate,False,False,1.0,1.0,1.0,1.0
4 fine-tuned mE5-small (ours),IB_0152_hi,hindi,dev,filtered_aggregate,False,False,1.0,1.0,1.0,1.0
4 fine-tuned mE5-small (ours),IB_0152_hing,hinglish,dev,filtered_aggregate,False,False,1.0,1.0,1.0,1.0
4 fine-tuned mE5-small (ours),IB_0152_ta,tamil,dev,filtered_aggregate,False,False,1.0,1.0,1.0,1.0
4 fine-tuned mE5-small (ours),IB_0153_en,english,dev,filtered_aggregate,False,False,1.0,1.0,1.0,1.0
4 fine-tuned mE5-small (ours),IB_0153_hi,hindi,dev,filtered_aggregate,False,False,1.0,1.0,1.0,1.0
4 fine-tuned mE5-small (ours),IB_0153_hing,hinglish,dev,filtered_aggregate,False,False,1.0,1.0,1.0,1.0
4 fine-tuned mE5-small (ours),IB_0153_ta,tamil,dev,filtered_aggregate,False,False,1.0,1.0,1.0,1.0
4 fine-tuned mE5-small (ours),IB_0156_en,english,hard_test,filtered_aggregate,False,True,1.0,1.0,1.0,1.0
4 fine-tuned mE5-small (ours),IB_0156_hi,hindi,hard_test,filtered_aggregate,False,True,1.0,1.0,1.0,1.0
4 fine-tuned mE5-small (ours),IB_0156_hing,hinglish,hard_test,filtered_aggregate,True,True,1.0,1.0,1.0,1.0
4 fine-tuned mE5-small (ours),IB_0156_ta,tamil,hard_test,filtered_aggregate,False,False,1.0,1.0,1.0,1.0
4 fine-tuned mE5-small (ours),IB_0158_en,english,dev,filtered_aggregate,False,False,1.0,1.0,1.0,1.0
4 fine-tuned mE5-small (ours),IB_0158_hi,hindi,dev,filtered_aggregate,False,False,1.0,1.0,1.0,1.0
4 fine-tuned mE5-small (ours),IB_0158_hing,hinglish,dev,filtered_aggregate,False,False,1.0,1.0,1.0,1.0
4 fine-tuned mE5-small (ours),IB_0158_ta,tamil,dev,filtered_aggregate,False,False,1.0,1.0,1.0,1.0
4 fine-tuned mE5-small (ours),IB_0160_en,english,test,filtered_aggregate,True,False,1.0,1.0,1.0,1.0
4 fine-tuned mE5-small (ours),IB_0160_hi,hindi,test,filtered_aggregate,False,False,1.0,1.0,1.0,1.0
4 fine-tuned mE5-small (ours),IB_0160_hing,hinglish,test,filtered_aggregate,True,False,1.0,1.0,1.0,1.0
4 fine-tuned mE5-small (ours),IB_0160_ta,tamil,test,filtered_aggregate,False,False,1.0,1.0,1.0,1.0
4 fine-tuned mE5-small (ours),IB_0161_en,english,test,filtered_aggregate,True,False,1.0,1.0,1.0,1.0
4 fine-tuned mE5-small (ours),IB_0161_hi,hindi,test,filtered_aggregate,False,False,1.0,1.0,1.0,1.0
4 fine-tuned mE5-small (ours),IB_0161_hing,hinglish,test,filtered_aggregate,False,False,1.0,1.0,1.0,1.0
4 fine-tuned mE5-small (ours),IB_0161_ta,tamil,test,filtered_aggregate,False,False,1.0,1.0,1.0,1.0
4 fine-tuned mE5-small (ours),IB_0162_en,english,test,filtered_aggregate,False,False,1.0,1.0,1.0,1.0
4 fine-tuned mE5-small (ours),IB_0162_hi,hindi,test,filtered_aggregate,True,False,1.0,1.0,1.0,1.0
4 fine-tuned mE5-small (ours),IB_0162_hing,hinglish,test,filtered_aggregate,False,False,1.0,1.0,1.0,1.0
4 fine-tuned mE5-small (ours),IB_0162_ta,tamil,test,filtered_aggregate,False,False,1.0,1.0,1.0,1.0
4 fine-tuned mE5-small (ours),IB_0165_en,english,hard_test,filtered_aggregate,True,True,1.0,1.0,1.0,1.0
4 fine-tuned mE5-small (ours),IB_0165_hi,hindi,hard_test,filtered_aggregate,True,True,1.0,1.0,1.0,1.0
4 fine-tuned mE5-small (ours),IB_0165_hing,hinglish,hard_test,filtered_aggregate,False,True,1.0,1.0,1.0,1.0
4 fine-tuned mE5-small (ours),IB_0165_ta,tamil,hard_test,filtered_aggregate,True,True,1.0,1.0,1.0,1.0
4 fine-tuned mE5-small (ours),IB_0167_en,english,test,filtered_aggregate,True,False,1.0,1.0,1.0,1.0
4 fine-tuned mE5-small (ours),IB_0167_hi,hindi,test,filtered_aggregate,False,False,1.0,1.0,1.0,1.0
4 fine-tuned mE5-small (ours),IB_0167_hing,hinglish,test,filtered_aggregate,True,False,1.0,1.0,1.0,1.0
4 fine-tuned mE5-small (ours),IB_0167_ta,tamil,test,filtered_aggregate,True,False,1.0,1.0,1.0,1.0
4 fine-tuned mE5-small (ours),IB_0169_en,english,test,filtered_aggregate,False,False,1.0,1.0,1.0,1.0
4 fine-tuned mE5-small (ours),IB_0169_hi,hindi,test,filtered_aggregate,True,False,1.0,1.0,1.0,1.0
4 fine-tuned mE5-small (ours),IB_0169_hing,hinglish,test,filtered_aggregate,False,False,1.0,1.0,1.0,1.0
4 fine-tuned mE5-small (ours),IB_0169_ta,tamil,test,filtered_aggregate,True,False,1.0,1.0,1.0,1.0
4 fine-tuned mE5-small (ours),IB_0170_en,english,hard_test,filtered_aggregate,True,True,1.0,1.0,1.0,1.0
4 fine-tuned mE5-small (ours),IB_0170_hi,hindi,hard_test,filtered_aggregate,True,False,1.0,1.0,1.0,1.0
4 fine-tuned mE5-small (ours),IB_0170_hing,hinglish,hard_test,filtered_aggregate,True,True,1.0,1.0,1.0,1.0
4 fine-tuned mE5-small (ours),IB_0170_ta,tamil,hard_test,filtered_aggregate,False,False,1.0,1.0,1.0,1.0
4 fine-tuned mE5-small (ours),IB_0177_en,english,dev,multi_hop,False,False,0.5,1.0,1.0,0.6666666666666666
4 fine-tuned mE5-small (ours),IB_0177_hi,hindi,dev,multi_hop,False,False,0.5,0.5,1.0,0.625
4 fine-tuned mE5-small (ours),IB_0177_hing,hinglish,dev,multi_hop,False,False,0.5,0.5,1.0,0.625
4 fine-tuned mE5-small (ours),IB_0177_ta,tamil,dev,multi_hop,False,False,0.5,1.0,1.0,0.6666666666666666
4 fine-tuned mE5-small (ours),IB_0180_en,english,hard_test,simple_lookup,False,True,1.0,1.0,1.0,1.0
4 fine-tuned mE5-small (ours),IB_0180_hi,hindi,hard_test,simple_lookup,True,False,1.0,1.0,1.0,1.0
4 fine-tuned mE5-small (ours),IB_0180_hing,hinglish,hard_test,simple_lookup,True,True,1.0,1.0,1.0,1.0
4 fine-tuned mE5-small (ours),IB_0180_ta,tamil,hard_test,simple_lookup,False,False,1.0,1.0,1.0,1.0
4 fine-tuned mE5-small (ours),IB_0181_en,english,hard_test,simple_lookup,True,True,0.0,1.0,1.0,0.5
4 fine-tuned mE5-small (ours),IB_0181_hi,hindi,hard_test,simple_lookup,True,True,1.0,1.0,1.0,1.0
4 fine-tuned mE5-small (ours),IB_0181_hing,hinglish,hard_test,simple_lookup,True,True,0.0,1.0,1.0,0.3333333333333333
4 fine-tuned mE5-small (ours),IB_0181_ta,tamil,hard_test,simple_lookup,False,True,1.0,1.0,1.0,1.0
4 fine-tuned mE5-small (ours),IB_0182_en,english,test,simple_lookup,True,False,0.0,1.0,1.0,0.5
4 fine-tuned mE5-small (ours),IB_0182_hi,hindi,test,simple_lookup,True,False,1.0,1.0,1.0,1.0
4 fine-tuned mE5-small (ours),IB_0182_hing,hinglish,test,simple_lookup,True,False,1.0,1.0,1.0,1.0
4 fine-tuned mE5-small (ours),IB_0182_ta,tamil,test,simple_lookup,False,False,1.0,1.0,1.0,1.0
4 fine-tuned mE5-small (ours),IB_0191_en,english,dev,simple_lookup,False,False,1.0,1.0,1.0,1.0
4 fine-tuned mE5-small (ours),IB_0191_hi,hindi,dev,simple_lookup,False,False,1.0,1.0,1.0,1.0
4 fine-tuned mE5-small (ours),IB_0191_hing,hinglish,dev,simple_lookup,False,False,0.0,1.0,1.0,0.5
4 fine-tuned mE5-small (ours),IB_0191_ta,tamil,dev,simple_lookup,False,False,1.0,1.0,1.0,1.0
4 fine-tuned mE5-small (ours),IB_0192_en,english,dev,simple_lookup,False,False,1.0,1.0,1.0,1.0
4 fine-tuned mE5-small (ours),IB_0192_hi,hindi,dev,simple_lookup,False,False,0.0,1.0,1.0,0.5
4 fine-tuned mE5-small (ours),IB_0192_hing,hinglish,dev,simple_lookup,False,False,0.0,1.0,1.0,0.5
4 fine-tuned mE5-small (ours),IB_0192_ta,tamil,dev,simple_lookup,False,False,0.0,1.0,1.0,0.5
4 fine-tuned mE5-small (ours),IB_0193_en,english,dev,cross_year,False,False,1.0,1.0,1.0,1.0
4 fine-tuned mE5-small (ours),IB_0193_hi,hindi,dev,cross_year,False,False,1.0,1.0,1.0,1.0
4 fine-tuned mE5-small (ours),IB_0193_hing,hinglish,dev,cross_year,False,False,1.0,1.0,1.0,1.0
4 fine-tuned mE5-small (ours),IB_0193_ta,tamil,dev,cross_year,False,False,1.0,1.0,1.0,1.0
4 fine-tuned mE5-small (ours),IB_0194_en,english,hard_test,cross_year,True,False,1.0,1.0,1.0,1.0
4 fine-tuned mE5-small (ours),IB_0194_hi,hindi,hard_test,cross_year,True,False,1.0,1.0,1.0,1.0
4 fine-tuned mE5-small (ours),IB_0194_hing,hinglish,hard_test,cross_year,True,True,1.0,1.0,1.0,1.0
4 fine-tuned mE5-small (ours),IB_0194_ta,tamil,hard_test,cross_year,True,True,0.0,1.0,1.0,0.5
4 fine-tuned mE5-small (ours),IB_0195_en,english,test,cross_year,False,False,1.0,1.0,1.0,1.0
4 fine-tuned mE5-small (ours),IB_0195_hi,hindi,test,cross_year,False,False,1.0,1.0,1.0,1.0
4 fine-tuned mE5-small (ours),IB_0195_hing,hinglish,test,cross_year,True,False,1.0,1.0,1.0,1.0
4 fine-tuned mE5-small (ours),IB_0195_ta,tamil,test,cross_year,True,False,0.0,1.0,1.0,0.5
4 fine-tuned mE5-small (ours),IB_0199_en,english,test,cross_year,False,False,1.0,1.0,1.0,1.0
4 fine-tuned mE5-small (ours),IB_0199_hi,hindi,test,cross_year,True,False,0.0,1.0,1.0,0.5
4 fine-tuned mE5-small (ours),IB_0199_hing,hinglish,test,cross_year,False,False,1.0,1.0,1.0,1.0
4 fine-tuned mE5-small (ours),IB_0199_ta,tamil,test,cross_year,True,False,0.0,1.0,1.0,0.5
4 fine-tuned mE5-small (ours),IB_0200_en,english,test,cross_year,True,False,0.0,1.0,1.0,0.5
4 fine-tuned mE5-small (ours),IB_0200_hi,hindi,test,cross_year,True,False,0.0,1.0,1.0,0.5
4 fine-tuned mE5-small (ours),IB_0200_hing,hinglish,test,cross_year,True,False,0.0,1.0,1.0,0.3333333333333333
4 fine-tuned mE5-small (ours),IB_0200_ta,tamil,test,cross_year,True,False,0.0,1.0,1.0,0.5
4 fine-tuned mE5-small (ours),IB_0201_en,english,dev,simple_lookup,False,False,1.0,1.0,1.0,1.0
4 fine-tuned mE5-small (ours),IB_0201_hi,hindi,dev,simple_lookup,False,False,0.0,1.0,1.0,0.5
4 fine-tuned mE5-small (ours),IB_0201_hing,hinglish,dev,simple_lookup,False,False,0.0,0.0,0.0,0.14285714285714285
4 fine-tuned mE5-small (ours),IB_0201_ta,tamil,dev,simple_lookup,False,False,0.0,0.0,0.0,0.1
4 fine-tuned mE5-small (ours),IB_0204_en,english,test,simple_lookup,True,False,1.0,1.0,1.0,1.0
4 fine-tuned mE5-small (ours),IB_0204_hi,hindi,test,simple_lookup,False,False,1.0,1.0,1.0,1.0
4 fine-tuned mE5-small (ours),IB_0204_hing,hinglish,test,simple_lookup,True,False,1.0,1.0,1.0,1.0
4 fine-tuned mE5-small (ours),IB_0204_ta,tamil,test,simple_lookup,False,False,0.0,0.0,0.0,0.07142857142857142
4 fine-tuned mE5-small (ours),IB_0207_en,english,hard_test,simple_lookup,False,False,0.0,1.0,1.0,0.5
4 fine-tuned mE5-small (ours),IB_0207_hi,hindi,hard_test,simple_lookup,True,True,0.0,1.0,1.0,0.5
4 fine-tuned mE5-small (ours),IB_0207_hing,hinglish,hard_test,simple_lookup,False,True,0.0,1.0,1.0,0.5
4 fine-tuned mE5-small (ours),IB_0207_ta,tamil,hard_test,simple_lookup,True,True,0.0,1.0,1.0,0.5
4 fine-tuned mE5-small (ours),IB_0208_en,english,test,simple_lookup,True,False,0.0,1.0,1.0,0.5
4 fine-tuned mE5-small (ours),IB_0208_hi,hindi,test,simple_lookup,True,False,0.0,1.0,1.0,0.5
4 fine-tuned mE5-small (ours),IB_0208_hing,hinglish,test,simple_lookup,False,False,1.0,1.0,1.0,1.0
4 fine-tuned mE5-small (ours),IB_0208_ta,tamil,test,simple_lookup,True,False,1.0,1.0,1.0,1.0
4 fine-tuned mE5-small (ours),IB_0209_en,english,test,simple_lookup,False,False,1.0,1.0,1.0,1.0
4 fine-tuned mE5-small (ours),IB_0209_hi,hindi,test,simple_lookup,True,False,1.0,1.0,1.0,1.0
4 fine-tuned mE5-small (ours),IB_0209_hing,hinglish,test,simple_lookup,False,False,0.0,1.0,1.0,0.5
4 fine-tuned mE5-small (ours),IB_0209_ta,tamil,test,simple_lookup,True,False,1.0,1.0,1.0,1.0
4 fine-tuned mE5-small (ours),IB_0211_en,english,test,simple_lookup,True,False,0.0,1.0,1.0,0.5
4 fine-tuned mE5-small (ours),IB_0211_hi,hindi,test,simple_lookup,True,False,1.0,1.0,1.0,1.0
4 fine-tuned mE5-small (ours),IB_0211_hing,hinglish,test,simple_lookup,True,False,0.0,0.0,1.0,0.25
4 fine-tuned mE5-small (ours),IB_0211_ta,tamil,test,simple_lookup,True,False,0.0,1.0,1.0,0.5
4 fine-tuned mE5-small (ours),IB_0212_en,english,test,simple_lookup,False,False,1.0,1.0,1.0,1.0
4 fine-tuned mE5-small (ours),IB_0212_hi,hindi,test,simple_lookup,True,False,1.0,1.0,1.0,1.0
4 fine-tuned mE5-small (ours),IB_0212_hing,hinglish,test,simple_lookup,True,False,1.0,1.0,1.0,1.0
4 fine-tuned mE5-small (ours),IB_0212_ta,tamil,test,simple_lookup,True,False,1.0,1.0,1.0,1.0
4 fine-tuned mE5-small (ours),IB_0216_en,english,dev,filtered_aggregate,False,False,1.0,1.0,1.0,1.0
4 fine-tuned mE5-small (ours),IB_0216_hi,hindi,dev,filtered_aggregate,False,False,1.0,1.0,1.0,1.0
4 fine-tuned mE5-small (ours),IB_0216_hing,hinglish,dev,filtered_aggregate,False,False,1.0,1.0,1.0,1.0
4 fine-tuned mE5-small (ours),IB_0216_ta,tamil,dev,filtered_aggregate,False,False,1.0,1.0,1.0,1.0
4 fine-tuned mE5-small (ours),IB_0217_en,english,dev,filtered_aggregate,False,False,1.0,1.0,1.0,1.0
4 fine-tuned mE5-small (ours),IB_0217_hi,hindi,dev,filtered_aggregate,False,False,1.0,1.0,1.0,1.0
4 fine-tuned mE5-small (ours),IB_0217_hing,hinglish,dev,filtered_aggregate,False,False,1.0,1.0,1.0,1.0
4 fine-tuned mE5-small (ours),IB_0217_ta,tamil,dev,filtered_aggregate,False,False,1.0,1.0,1.0,1.0
4 fine-tuned mE5-small (ours),IB_0218_en,english,dev,filtered_aggregate,False,False,1.0,1.0,1.0,1.0
4 fine-tuned mE5-small (ours),IB_0218_hi,hindi,dev,filtered_aggregate,False,False,1.0,1.0,1.0,1.0
4 fine-tuned mE5-small (ours),IB_0218_hing,hinglish,dev,filtered_aggregate,False,False,1.0,1.0,1.0,1.0
4 fine-tuned mE5-small (ours),IB_0218_ta,tamil,dev,filtered_aggregate,False,False,1.0,1.0,1.0,1.0
4 fine-tuned mE5-small (ours),IB_0219_en,english,test,filtered_aggregate,False,False,0.0,1.0,1.0,0.5
4 fine-tuned mE5-small (ours),IB_0219_hi,hindi,test,filtered_aggregate,True,False,0.0,1.0,1.0,0.5
4 fine-tuned mE5-small (ours),IB_0219_hing,hinglish,test,filtered_aggregate,False,False,1.0,1.0,1.0,1.0
4 fine-tuned mE5-small (ours),IB_0219_ta,tamil,test,filtered_aggregate,True,False,0.0,0.0,0.0,0.16666666666666666
4 fine-tuned mE5-small (ours),IB_0220_en,english,test,filtered_aggregate,True,False,1.0,1.0,1.0,1.0
4 fine-tuned mE5-small (ours),IB_0220_hi,hindi,test,filtered_aggregate,True,False,1.0,1.0,1.0,1.0
4 fine-tuned mE5-small (ours),IB_0220_hing,hinglish,test,filtered_aggregate,True,False,1.0,1.0,1.0,1.0
4 fine-tuned mE5-small (ours),IB_0220_ta,tamil,test,filtered_aggregate,False,False,0.0,1.0,1.0,0.5
4 fine-tuned mE5-small (ours),IB_0221_en,english,dev,filtered_aggregate,False,False,0.0,1.0,1.0,0.5
4 fine-tuned mE5-small (ours),IB_0221_hi,hindi,dev,filtered_aggregate,False,False,1.0,1.0,1.0,1.0
4 fine-tuned mE5-small (ours),IB_0221_hing,hinglish,dev,filtered_aggregate,False,False,1.0,1.0,1.0,1.0
4 fine-tuned mE5-small (ours),IB_0221_ta,tamil,dev,filtered_aggregate,False,False,1.0,1.0,1.0,1.0
4 fine-tuned mE5-small (ours),IB_0222_en,english,test,filtered_aggregate,False,False,0.0,0.0,1.0,0.25
4 fine-tuned mE5-small (ours),IB_0222_hi,hindi,test,filtered_aggregate,True,False,0.0,0.0,1.0,0.25
4 fine-tuned mE5-small (ours),IB_0222_hing,hinglish,test,filtered_aggregate,False,False,1.0,1.0,1.0,1.0
4 fine-tuned mE5-small (ours),IB_0222_ta,tamil,test,filtered_aggregate,True,False,0.0,1.0,1.0,0.5
4 fine-tuned mE5-small (ours),IB_0223_en,english,test,filtered_aggregate,False,False,0.0,1.0,1.0,0.5
4 fine-tuned mE5-small (ours),IB_0223_hi,hindi,test,filtered_aggregate,True,False,0.0,1.0,1.0,0.5
4 fine-tuned mE5-small (ours),IB_0223_hing,hinglish,test,filtered_aggregate,True,False,1.0,1.0,1.0,1.0
4 fine-tuned mE5-small (ours),IB_0223_ta,tamil,test,filtered_aggregate,False,False,1.0,1.0,1.0,1.0
4 fine-tuned mE5-small (ours),IB_0224_en,english,test,filtered_aggregate,True,False,0.0,0.0,1.0,0.25
4 fine-tuned mE5-small (ours),IB_0224_hi,hindi,test,filtered_aggregate,True,False,0.0,1.0,1.0,0.5
4 fine-tuned mE5-small (ours),IB_0224_hing,hinglish,test,filtered_aggregate,False,False,1.0,1.0,1.0,1.0
4 fine-tuned mE5-small (ours),IB_0224_ta,tamil,test,filtered_aggregate,False,False,1.0,1.0,1.0,1.0
4 fine-tuned mE5-small (ours),IB_0226_en,english,test,filtered_aggregate,True,False,1.0,1.0,1.0,1.0
4 fine-tuned mE5-small (ours),IB_0226_hi,hindi,test,filtered_aggregate,True,False,0.0,1.0,1.0,0.5
4 fine-tuned mE5-small (ours),IB_0226_hing,hinglish,test,filtered_aggregate,True,False,0.0,1.0,1.0,0.5
4 fine-tuned mE5-small (ours),IB_0226_ta,tamil,test,filtered_aggregate,True,False,0.0,0.0,0.0,0.125
4 fine-tuned mE5-small (ours),IB_0227_en,english,dev,multi_hop,False,False,0.3333333333333333,0.6666666666666666,1.0,0.5666666666666667
4 fine-tuned mE5-small (ours),IB_0227_hi,hindi,dev,multi_hop,False,False,0.3333333333333333,0.6666666666666666,0.6666666666666666,0.5175438596491228
4 fine-tuned mE5-small (ours),IB_0227_hing,hinglish,dev,multi_hop,False,False,0.3333333333333333,1.0,1.0,0.611111111111111
4 fine-tuned mE5-small (ours),IB_0227_ta,tamil,dev,multi_hop,False,False,0.3333333333333333,0.6666666666666666,0.6666666666666666,0.5185185185185185
4 fine-tuned mE5-small (ours),IB_0228_en,english,dev,multi_hop,False,False,0.3333333333333333,0.6666666666666666,1.0,0.5666666666666667
4 fine-tuned mE5-small (ours),IB_0228_hi,hindi,dev,multi_hop,False,False,0.3333333333333333,0.6666666666666666,0.6666666666666666,0.5144927536231884
4 fine-tuned mE5-small (ours),IB_0228_hing,hinglish,dev,multi_hop,False,False,0.3333333333333333,0.6666666666666666,0.6666666666666666,0.5555555555555556
4 fine-tuned mE5-small (ours),IB_0228_ta,tamil,dev,multi_hop,False,False,0.3333333333333333,0.6666666666666666,0.6666666666666666,0.5166666666666667
4 fine-tuned mE5-small (ours),IB_0230_en,english,test,multi_hop,True,False,0.3333333333333333,1.0,1.0,0.611111111111111
4 fine-tuned mE5-small (ours),IB_0230_hi,hindi,test,multi_hop,False,False,0.3333333333333333,0.6666666666666666,0.6666666666666666,0.5114942528735632
4 fine-tuned mE5-small (ours),IB_0230_hing,hinglish,test,multi_hop,False,False,0.3333333333333333,0.6666666666666666,0.6666666666666666,0.5133333333333333
4 fine-tuned mE5-small (ours),IB_0230_ta,tamil,test,multi_hop,True,False,0.3333333333333333,0.3333333333333333,0.6666666666666666,0.4423076923076923
4 fine-tuned mE5-small (ours),IB_0232_en,english,test,multi_hop,True,False,0.3333333333333333,1.0,1.0,0.611111111111111
4 fine-tuned mE5-small (ours),IB_0232_hi,hindi,test,multi_hop,True,False,0.3333333333333333,0.6666666666666666,0.6666666666666666,0.5175438596491228
4 fine-tuned mE5-small (ours),IB_0232_hing,hinglish,test,multi_hop,True,False,0.3333333333333333,0.6666666666666666,0.6666666666666666,0.5208333333333334
4 fine-tuned mE5-small (ours),IB_0232_ta,tamil,test,multi_hop,True,False,0.3333333333333333,0.3333333333333333,0.6666666666666666,0.43030303030303035
4 fine-tuned mE5-small (ours),IB_0233_en,english,test,filtered_aggregate,True,False,1.0,1.0,1.0,1.0
4 fine-tuned mE5-small (ours),IB_0233_hi,hindi,test,filtered_aggregate,True,False,1.0,1.0,1.0,1.0
4 fine-tuned mE5-small (ours),IB_0233_hing,hinglish,test,filtered_aggregate,True,False,0.0,1.0,1.0,0.3333333333333333
4 fine-tuned mE5-small (ours),IB_0233_ta,tamil,test,filtered_aggregate,False,False,0.0,1.0,1.0,0.3333333333333333
4 fine-tuned mE5-small (ours),IB_0236_en,english,dev,filtered_aggregate,False,False,1.0,1.0,1.0,1.0
4 fine-tuned mE5-small (ours),IB_0236_hi,hindi,dev,filtered_aggregate,False,False,1.0,1.0,1.0,1.0
4 fine-tuned mE5-small (ours),IB_0236_hing,hinglish,dev,filtered_aggregate,False,False,1.0,1.0,1.0,1.0
4 fine-tuned mE5-small (ours),IB_0236_ta,tamil,dev,filtered_aggregate,False,False,1.0,1.0,1.0,1.0
4 fine-tuned mE5-small (ours),IB_0238_en,english,test,filtered_aggregate,True,False,1.0,1.0,1.0,1.0
4 fine-tuned mE5-small (ours),IB_0238_hi,hindi,test,filtered_aggregate,True,False,1.0,1.0,1.0,1.0
4 fine-tuned mE5-small (ours),IB_0238_hing,hinglish,test,filtered_aggregate,True,False,1.0,1.0,1.0,1.0
4 fine-tuned mE5-small (ours),IB_0238_ta,tamil,test,filtered_aggregate,False,False,1.0,1.0,1.0,1.0
4 fine-tuned mE5-small (ours),IB_0239_en,english,hard_test,filtered_aggregate,True,True,1.0,1.0,1.0,1.0
4 fine-tuned mE5-small (ours),IB_0239_hi,hindi,hard_test,filtered_aggregate,False,True,1.0,1.0,1.0,1.0
4 fine-tuned mE5-small (ours),IB_0239_hing,hinglish,hard_test,filtered_aggregate,True,True,1.0,1.0,1.0,1.0
4 fine-tuned mE5-small (ours),IB_0239_ta,tamil,hard_test,filtered_aggregate,True,False,1.0,1.0,1.0,1.0
4 fine-tuned mE5-small (ours),IB_0243_en,english,hard_test,multi_hop,False,True,0.3333333333333333,1.0,1.0,0.611111111111111
4 fine-tuned mE5-small (ours),IB_0243_hi,hindi,hard_test,multi_hop,True,False,0.3333333333333333,1.0,1.0,0.611111111111111
4 fine-tuned mE5-small (ours),IB_0243_hing,hinglish,hard_test,multi_hop,True,False,0.3333333333333333,1.0,1.0,0.611111111111111
4 fine-tuned mE5-small (ours),IB_0243_ta,tamil,hard_test,multi_hop,True,False,0.3333333333333333,1.0,1.0,0.611111111111111
4 fine-tuned mE5-small (ours),IB_0247_en,english,test,multi_hop,True,False,0.3333333333333333,1.0,1.0,0.611111111111111
4 fine-tuned mE5-small (ours),IB_0247_hi,hindi,test,multi_hop,True,False,0.3333333333333333,1.0,1.0,0.611111111111111
4 fine-tuned mE5-small (ours),IB_0247_hing,hinglish,test,multi_hop,True,False,0.3333333333333333,0.6666666666666666,1.0,0.5833333333333334
4 fine-tuned mE5-small (ours),IB_0247_ta,tamil,test,multi_hop,True,False,0.3333333333333333,1.0,1.0,0.611111111111111
4 fine-tuned mE5-small (ours),IB_0249_en,english,test,simple_lookup,True,False,0.0,1.0,1.0,0.3333333333333333
4 fine-tuned mE5-small (ours),IB_0249_hi,hindi,test,simple_lookup,True,False,0.0,1.0,1.0,0.5
4 fine-tuned mE5-small (ours),IB_0249_hing,hinglish,test,simple_lookup,False,False,1.0,1.0,1.0,1.0
4 fine-tuned mE5-small (ours),IB_0249_ta,tamil,test,simple_lookup,False,False,0.0,0.0,0.0,0.08333333333333333
4 fine-tuned mE5-small (ours),IB_0250_en,english,test,simple_lookup,True,False,0.0,1.0,1.0,0.3333333333333333
4 fine-tuned mE5-small (ours),IB_0250_hi,hindi,test,simple_lookup,True,False,1.0,1.0,1.0,1.0
4 fine-tuned mE5-small (ours),IB_0250_hing,hinglish,test,simple_lookup,True,False,1.0,1.0,1.0,1.0
4 fine-tuned mE5-small (ours),IB_0250_ta,tamil,test,simple_lookup,True,False,0.0,0.0,1.0,0.25
4 fine-tuned mE5-small (ours),IB_0251_en,english,test,simple_lookup,False,False,0.0,1.0,1.0,0.3333333333333333
4 fine-tuned mE5-small (ours),IB_0251_hi,hindi,test,simple_lookup,True,False,0.0,1.0,1.0,0.5
4 fine-tuned mE5-small (ours),IB_0251_hing,hinglish,test,simple_lookup,True,False,0.0,0.0,1.0,0.2
4 fine-tuned mE5-small (ours),IB_0251_ta,tamil,test,simple_lookup,True,False,0.0,1.0,1.0,0.3333333333333333
4 fine-tuned mE5-small (ours),IB_0252_en,english,test,simple_lookup,True,False,1.0,1.0,1.0,1.0
4 fine-tuned mE5-small (ours),IB_0252_hi,hindi,test,simple_lookup,True,False,1.0,1.0,1.0,1.0
4 fine-tuned mE5-small (ours),IB_0252_hing,hinglish,test,simple_lookup,True,False,1.0,1.0,1.0,1.0
4 fine-tuned mE5-small (ours),IB_0252_ta,tamil,test,simple_lookup,True,False,0.0,1.0,1.0,0.3333333333333333
4 fine-tuned mE5-small (ours),IB_0253_en,english,test,simple_lookup,True,False,0.0,1.0,1.0,0.5
4 fine-tuned mE5-small (ours),IB_0253_hi,hindi,test,simple_lookup,True,False,1.0,1.0,1.0,1.0
4 fine-tuned mE5-small (ours),IB_0253_hing,hinglish,test,simple_lookup,True,False,1.0,1.0,1.0,1.0
4 fine-tuned mE5-small (ours),IB_0253_ta,tamil,test,simple_lookup,True,False,0.0,1.0,1.0,0.3333333333333333
4 fine-tuned mE5-small (ours),IB_0254_en,english,dev,simple_lookup,False,False,1.0,1.0,1.0,1.0
4 fine-tuned mE5-small (ours),IB_0254_hi,hindi,dev,simple_lookup,False,False,0.0,1.0,1.0,0.3333333333333333
4 fine-tuned mE5-small (ours),IB_0254_hing,hinglish,dev,simple_lookup,False,False,1.0,1.0,1.0,1.0
4 fine-tuned mE5-small (ours),IB_0254_ta,tamil,dev,simple_lookup,False,False,0.0,0.0,0.0,0.1111111111111111
4 fine-tuned mE5-small (ours),IB_0256_en,english,hard_test,simple_lookup,True,True,0.0,1.0,1.0,0.5
4 fine-tuned mE5-small (ours),IB_0256_hi,hindi,hard_test,simple_lookup,False,True,0.0,1.0,1.0,0.3333333333333333
4 fine-tuned mE5-small (ours),IB_0256_hing,hinglish,hard_test,simple_lookup,True,True,1.0,1.0,1.0,1.0
4 fine-tuned mE5-small (ours),IB_0256_ta,tamil,hard_test,simple_lookup,True,True,0.0,1.0,1.0,0.3333333333333333
4 fine-tuned mE5-small (ours),IB_0257_en,english,hard_test,simple_lookup,False,True,1.0,1.0,1.0,1.0
4 fine-tuned mE5-small (ours),IB_0257_hi,hindi,hard_test,simple_lookup,True,True,0.0,1.0,1.0,0.3333333333333333
4 fine-tuned mE5-small (ours),IB_0257_hing,hinglish,hard_test,simple_lookup,True,True,1.0,1.0,1.0,1.0
4 fine-tuned mE5-small (ours),IB_0257_ta,tamil,hard_test,simple_lookup,True,True,0.0,1.0,1.0,0.3333333333333333
4 fine-tuned mE5-small (ours),IB_0258_en,english,test,simple_lookup,False,False,1.0,1.0,1.0,1.0
4 fine-tuned mE5-small (ours),IB_0258_hi,hindi,test,simple_lookup,False,False,0.0,0.0,1.0,0.2
4 fine-tuned mE5-small (ours),IB_0258_hing,hinglish,test,simple_lookup,False,False,0.0,0.0,1.0,0.2
4 fine-tuned mE5-small (ours),IB_0258_ta,tamil,test,simple_lookup,False,False,0.0,0.0,0.0,0.041666666666666664
4 fine-tuned mE5-small (ours),IB_0259_en,english,hard_test,simple_lookup,False,True,1.0,1.0,1.0,1.0
4 fine-tuned mE5-small (ours),IB_0259_hi,hindi,hard_test,simple_lookup,True,True,0.0,0.0,1.0,0.25
4 fine-tuned mE5-small (ours),IB_0259_hing,hinglish,hard_test,simple_lookup,True,False,0.0,0.0,1.0,0.25
4 fine-tuned mE5-small (ours),IB_0259_ta,tamil,hard_test,simple_lookup,True,True,0.0,0.0,1.0,0.2
4 fine-tuned mE5-small (ours),IB_0260_en,english,test,simple_lookup,True,False,0.0,0.0,1.0,0.25
4 fine-tuned mE5-small (ours),IB_0260_hi,hindi,test,simple_lookup,True,False,0.0,0.0,0.0,0.16666666666666666
4 fine-tuned mE5-small (ours),IB_0260_hing,hinglish,test,simple_lookup,True,False,0.0,0.0,1.0,0.2
4 fine-tuned mE5-small (ours),IB_0260_ta,tamil,test,simple_lookup,False,False,0.0,0.0,0.0,0.034482758620689655
4 fine-tuned mE5-small (ours),IB_0261_en,english,hard_test,simple_lookup,False,True,1.0,1.0,1.0,1.0
4 fine-tuned mE5-small (ours),IB_0261_hi,hindi,hard_test,simple_lookup,True,True,1.0,1.0,1.0,1.0
4 fine-tuned mE5-small (ours),IB_0261_hing,hinglish,hard_test,simple_lookup,True,True,1.0,1.0,1.0,1.0
4 fine-tuned mE5-small (ours),IB_0261_ta,tamil,hard_test,simple_lookup,True,True,0.0,1.0,1.0,0.3333333333333333
4 fine-tuned mE5-small (ours),IB_0262_en,english,test,simple_lookup,True,False,1.0,1.0,1.0,1.0
4 fine-tuned mE5-small (ours),IB_0262_hi,hindi,test,simple_lookup,True,False,1.0,1.0,1.0,1.0
4 fine-tuned mE5-small (ours),IB_0262_hing,hinglish,test,simple_lookup,False,False,0.0,0.0,1.0,0.25
4 fine-tuned mE5-small (ours),IB_0262_ta,tamil,test,simple_lookup,True,False,0.0,1.0,1.0,0.3333333333333333
4 fine-tuned mE5-small (ours),IB_0264_en,english,hard_test,cross_year,False,True,1.0,1.0,1.0,1.0
4 fine-tuned mE5-small (ours),IB_0264_hi,hindi,hard_test,cross_year,False,True,1.0,1.0,1.0,1.0
4 fine-tuned mE5-small (ours),IB_0264_hing,hinglish,hard_test,cross_year,True,True,1.0,1.0,1.0,1.0
4 fine-tuned mE5-small (ours),IB_0264_ta,tamil,hard_test,cross_year,False,True,0.0,0.0,0.0,0.16666666666666666
4 fine-tuned mE5-small (ours),IB_0265_en,english,hard_test,cross_year,True,False,0.0,1.0,1.0,0.5
4 fine-tuned mE5-small (ours),IB_0265_hi,hindi,hard_test,cross_year,True,False,0.0,0.0,0.0,0.125
4 fine-tuned mE5-small (ours),IB_0265_hing,hinglish,hard_test,cross_year,True,True,1.0,1.0,1.0,1.0
4 fine-tuned mE5-small (ours),IB_0265_ta,tamil,hard_test,cross_year,True,True,0.0,0.0,0.0,0.05555555555555555
4 fine-tuned mE5-small (ours),IB_0266_en,english,test,cross_year,False,False,1.0,1.0,1.0,1.0
4 fine-tuned mE5-small (ours),IB_0266_hi,hindi,test,cross_year,True,False,0.0,1.0,1.0,0.3333333333333333
4 fine-tuned mE5-small (ours),IB_0266_hing,hinglish,test,cross_year,True,False,1.0,1.0,1.0,1.0
4 fine-tuned mE5-small (ours),IB_0266_ta,tamil,test,cross_year,True,False,0.0,0.0,0.0,0.0625
4 fine-tuned mE5-small (ours),IB_0267_en,english,hard_test,cross_year,True,True,0.0,1.0,1.0,0.3333333333333333
4 fine-tuned mE5-small (ours),IB_0267_hi,hindi,hard_test,cross_year,True,True,0.0,0.0,0.0,0.08333333333333333
4 fine-tuned mE5-small (ours),IB_0267_hing,hinglish,hard_test,cross_year,True,True,1.0,1.0,1.0,1.0
4 fine-tuned mE5-small (ours),IB_0267_ta,tamil,hard_test,cross_year,False,True,0.0,0.0,0.0,0.1111111111111111
4 fine-tuned mE5-small (ours),IB_0269_en,english,hard_test,cross_year,False,True,1.0,1.0,1.0,1.0
4 fine-tuned mE5-small (ours),IB_0269_hi,hindi,hard_test,cross_year,False,False,0.0,1.0,1.0,0.3333333333333333
4 fine-tuned mE5-small (ours),IB_0269_hing,hinglish,hard_test,cross_year,True,True,1.0,1.0,1.0,1.0
4 fine-tuned mE5-small (ours),IB_0269_ta,tamil,hard_test,cross_year,True,True,0.0,0.0,0.0,0.037037037037037035
4 fine-tuned mE5-small (ours),IB_0270_en,english,hard_test,cross_year,True,False,0.0,0.0,1.0,0.25
4 fine-tuned mE5-small (ours),IB_0270_hi,hindi,hard_test,cross_year,True,True,0.0,0.0,1.0,0.2
4 fine-tuned mE5-small (ours),IB_0270_hing,hinglish,hard_test,cross_year,True,True,0.0,1.0,1.0,0.3333333333333333
4 fine-tuned mE5-small (ours),IB_0270_ta,tamil,hard_test,cross_year,True,True,0.0,0.0,0.0,0.0625
4 fine-tuned mE5-small (ours),IB_0273_en,english,hard_test,cross_year,False,False,1.0,1.0,1.0,1.0
4 fine-tuned mE5-small (ours),IB_0273_hi,hindi,hard_test,cross_year,True,True,0.0,1.0,1.0,0.5
4 fine-tuned mE5-small (ours),IB_0273_hing,hinglish,hard_test,cross_year,True,True,1.0,1.0,1.0,1.0
4 fine-tuned mE5-small (ours),IB_0273_ta,tamil,hard_test,cross_year,False,True,0.0,0.0,0.0,0.125
4 fine-tuned mE5-small (ours),IB_0282_en,english,hard_test,cross_year,True,True,1.0,1.0,1.0,1.0
4 fine-tuned mE5-small (ours),IB_0282_hi,hindi,hard_test,cross_year,True,True,1.0,1.0,1.0,1.0
4 fine-tuned mE5-small (ours),IB_0282_hing,hinglish,hard_test,cross_year,True,True,1.0,1.0,1.0,1.0
4 fine-tuned mE5-small (ours),IB_0282_ta,tamil,hard_test,cross_year,True,True,1.0,1.0,1.0,1.0
4 fine-tuned mE5-small (ours),IB_0285_en,english,test,cross_year,True,False,1.0,1.0,1.0,1.0
4 fine-tuned mE5-small (ours),IB_0285_hi,hindi,test,cross_year,True,False,1.0,1.0,1.0,1.0
4 fine-tuned mE5-small (ours),IB_0285_hing,hinglish,test,cross_year,False,False,1.0,1.0,1.0,1.0
4 fine-tuned mE5-small (ours),IB_0285_ta,tamil,test,cross_year,True,False,1.0,1.0,1.0,1.0
4 fine-tuned mE5-small (ours),IB_0286_en,english,test,cross_year,True,False,1.0,1.0,1.0,1.0
4 fine-tuned mE5-small (ours),IB_0286_hi,hindi,test,cross_year,True,False,1.0,1.0,1.0,1.0
4 fine-tuned mE5-small (ours),IB_0286_hing,hinglish,test,cross_year,True,False,1.0,1.0,1.0,1.0
4 fine-tuned mE5-small (ours),IB_0286_ta,tamil,test,cross_year,True,False,1.0,1.0,1.0,1.0
4 fine-tuned mE5-small (ours),IB_0287_en,english,test,cross_year,True,False,1.0,1.0,1.0,1.0
4 fine-tuned mE5-small (ours),IB_0287_hi,hindi,test,cross_year,True,False,1.0,1.0,1.0,1.0
4 fine-tuned mE5-small (ours),IB_0287_hing,hinglish,test,cross_year,True,False,1.0,1.0,1.0,1.0
4 fine-tuned mE5-small (ours),IB_0287_ta,tamil,test,cross_year,False,False,1.0,1.0,1.0,1.0
4 fine-tuned mE5-small (ours),IB_0289_en,english,hard_test,cross_year,False,True,1.0,1.0,1.0,1.0
4 fine-tuned mE5-small (ours),IB_0289_hi,hindi,hard_test,cross_year,True,True,1.0,1.0,1.0,1.0
4 fine-tuned mE5-small (ours),IB_0289_hing,hinglish,hard_test,cross_year,True,True,1.0,1.0,1.0,1.0
4 fine-tuned mE5-small (ours),IB_0289_ta,tamil,hard_test,cross_year,True,True,1.0,1.0,1.0,1.0
4 fine-tuned mE5-small (ours),IB_0292_en,english,hard_test,simple_lookup,True,True,1.0,1.0,1.0,1.0
4 fine-tuned mE5-small (ours),IB_0292_hi,hindi,hard_test,simple_lookup,True,True,1.0,1.0,1.0,1.0
4 fine-tuned mE5-small (ours),IB_0292_hing,hinglish,hard_test,simple_lookup,False,True,1.0,1.0,1.0,1.0
4 fine-tuned mE5-small (ours),IB_0292_ta,tamil,hard_test,simple_lookup,False,True,1.0,1.0,1.0,1.0
4 fine-tuned mE5-small (ours),IB_0293_en,english,hard_test,simple_lookup,False,True,1.0,1.0,1.0,1.0
4 fine-tuned mE5-small (ours),IB_0293_hi,hindi,hard_test,simple_lookup,False,True,1.0,1.0,1.0,1.0
4 fine-tuned mE5-small (ours),IB_0293_hing,hinglish,hard_test,simple_lookup,True,False,1.0,1.0,1.0,1.0
4 fine-tuned mE5-small (ours),IB_0293_ta,tamil,hard_test,simple_lookup,True,True,1.0,1.0,1.0,1.0
4 fine-tuned mE5-small (ours),IB_0294_en,english,test,simple_lookup,True,False,1.0,1.0,1.0,1.0
4 fine-tuned mE5-small (ours),IB_0294_hi,hindi,test,simple_lookup,False,False,1.0,1.0,1.0,1.0
4 fine-tuned mE5-small (ours),IB_0294_hing,hinglish,test,simple_lookup,False,False,0.0,1.0,1.0,0.5
4 fine-tuned mE5-small (ours),IB_0294_ta,tamil,test,simple_lookup,True,False,1.0,1.0,1.0,1.0
4 fine-tuned mE5-small (ours),IB_0295_en,english,hard_test,simple_lookup,True,True,1.0,1.0,1.0,1.0
4 fine-tuned mE5-small (ours),IB_0295_hi,hindi,hard_test,simple_lookup,True,True,1.0,1.0,1.0,1.0
4 fine-tuned mE5-small (ours),IB_0295_hing,hinglish,hard_test,simple_lookup,False,True,1.0,1.0,1.0,1.0
4 fine-tuned mE5-small (ours),IB_0295_ta,tamil,hard_test,simple_lookup,True,True,1.0,1.0,1.0,1.0
4 fine-tuned mE5-small (ours),IB_0297_en,english,dev,simple_lookup,False,False,1.0,1.0,1.0,1.0
4 fine-tuned mE5-small (ours),IB_0297_hi,hindi,dev,simple_lookup,False,False,0.0,1.0,1.0,0.5
4 fine-tuned mE5-small (ours),IB_0297_hing,hinglish,dev,simple_lookup,False,False,1.0,1.0,1.0,1.0
4 fine-tuned mE5-small (ours),IB_0297_ta,tamil,dev,simple_lookup,False,False,1.0,1.0,1.0,1.0
4 fine-tuned mE5-small (ours),IB_0299_en,english,test,simple_lookup,False,False,1.0,1.0,1.0,1.0
4 fine-tuned mE5-small (ours),IB_0299_hi,hindi,test,simple_lookup,False,False,0.0,1.0,1.0,0.3333333333333333
4 fine-tuned mE5-small (ours),IB_0299_hing,hinglish,test,simple_lookup,False,False,0.0,0.0,0.0,0.07142857142857142
4 fine-tuned mE5-small (ours),IB_0299_ta,tamil,test,simple_lookup,True,False,1.0,1.0,1.0,1.0
4 fine-tuned mE5-small (ours),IB_0300_en,english,test,simple_lookup,True,False,1.0,1.0,1.0,1.0
4 fine-tuned mE5-small (ours),IB_0300_hi,hindi,test,simple_lookup,False,False,1.0,1.0,1.0,1.0
4 fine-tuned mE5-small (ours),IB_0300_hing,hinglish,test,simple_lookup,True,False,0.0,1.0,1.0,0.5
4 fine-tuned mE5-small (ours),IB_0300_ta,tamil,test,simple_lookup,False,False,1.0,1.0,1.0,1.0
4 fine-tuned mE5-small (ours),IB_0301_en,english,dev,simple_lookup,False,False,1.0,1.0,1.0,1.0
4 fine-tuned mE5-small (ours),IB_0301_hi,hindi,dev,simple_lookup,False,False,1.0,1.0,1.0,1.0
4 fine-tuned mE5-small (ours),IB_0301_hing,hinglish,dev,simple_lookup,False,False,0.0,1.0,1.0,0.5
4 fine-tuned mE5-small (ours),IB_0301_ta,tamil,dev,simple_lookup,False,False,1.0,1.0,1.0,1.0
4 fine-tuned mE5-small (ours),IB_0304_en,english,dev,simple_lookup,False,False,1.0,1.0,1.0,1.0
4 fine-tuned mE5-small (ours),IB_0304_hi,hindi,dev,simple_lookup,False,False,1.0,1.0,1.0,1.0
4 fine-tuned mE5-small (ours),IB_0304_hing,hinglish,dev,simple_lookup,False,False,0.0,0.0,0.0,0.16666666666666666
4 fine-tuned mE5-small (ours),IB_0304_ta,tamil,dev,simple_lookup,False,False,1.0,1.0,1.0,1.0
4 fine-tuned mE5-small (ours),IB_0305_en,english,test,simple_lookup,False,False,1.0,1.0,1.0,1.0
4 fine-tuned mE5-small (ours),IB_0305_hi,hindi,test,simple_lookup,True,False,1.0,1.0,1.0,1.0
4 fine-tuned mE5-small (ours),IB_0305_hing,hinglish,test,simple_lookup,False,False,0.0,1.0,1.0,0.5
4 fine-tuned mE5-small (ours),IB_0305_ta,tamil,test,simple_lookup,True,False,1.0,1.0,1.0,1.0
4 fine-tuned mE5-small (ours),IB_0306_en,english,test,simple_lookup,False,False,1.0,1.0,1.0,1.0
4 fine-tuned mE5-small (ours),IB_0306_hi,hindi,test,simple_lookup,False,False,1.0,1.0,1.0,1.0
4 fine-tuned mE5-small (ours),IB_0306_hing,hinglish,test,simple_lookup,False,False,1.0,1.0,1.0,1.0
4 fine-tuned mE5-small (ours),IB_0306_ta,tamil,test,simple_lookup,True,False,1.0,1.0,1.0,1.0
4 fine-tuned mE5-small (ours),IB_0307_en,english,dev,simple_lookup,False,False,1.0,1.0,1.0,1.0
4 fine-tuned mE5-small (ours),IB_0307_hi,hindi,dev,simple_lookup,False,False,0.0,1.0,1.0,0.5
4 fine-tuned mE5-small (ours),IB_0307_hing,hinglish,dev,simple_lookup,False,False,1.0,1.0,1.0,1.0
4 fine-tuned mE5-small (ours),IB_0307_ta,tamil,dev,simple_lookup,False,False,1.0,1.0,1.0,1.0
4 fine-tuned mE5-small (ours),IB_0309_en,english,hard_test,simple_lookup,False,True,1.0,1.0,1.0,1.0
4 fine-tuned mE5-small (ours),IB_0309_hi,hindi,hard_test,simple_lookup,True,True,0.0,1.0,1.0,0.5
4 fine-tuned mE5-small (ours),IB_0309_hing,hinglish,hard_test,simple_lookup,False,True,0.0,0.0,1.0,0.25
4 fine-tuned mE5-small (ours),IB_0309_ta,tamil,hard_test,simple_lookup,True,True,1.0,1.0,1.0,1.0
4 fine-tuned mE5-small (ours),IB_0310_en,english,test,simple_lookup,True,False,0.0,1.0,1.0,0.5
4 fine-tuned mE5-small (ours),IB_0310_hi,hindi,test,simple_lookup,True,False,1.0,1.0,1.0,1.0
4 fine-tuned mE5-small (ours),IB_0310_hing,hinglish,test,simple_lookup,True,False,0.0,1.0,1.0,0.5
4 fine-tuned mE5-small (ours),IB_0310_ta,tamil,test,simple_lookup,False,False,1.0,1.0,1.0,1.0
4 fine-tuned mE5-small (ours),IB_0312_en,english,test,simple_lookup,False,False,1.0,1.0,1.0,1.0
4 fine-tuned mE5-small (ours),IB_0312_hi,hindi,test,simple_lookup,False,False,1.0,1.0,1.0,1.0
4 fine-tuned mE5-small (ours),IB_0312_hing,hinglish,test,simple_lookup,False,False,1.0,1.0,1.0,1.0
4 fine-tuned mE5-small (ours),IB_0312_ta,tamil,test,simple_lookup,True,False,1.0,1.0,1.0,1.0
4 fine-tuned mE5-small (ours),IB_0313_en,english,hard_test,simple_lookup,True,True,0.0,1.0,1.0,0.5
4 fine-tuned mE5-small (ours),IB_0313_hi,hindi,hard_test,simple_lookup,True,True,1.0,1.0,1.0,1.0
4 fine-tuned mE5-small (ours),IB_0313_hing,hinglish,hard_test,simple_lookup,True,True,1.0,1.0,1.0,1.0
4 fine-tuned mE5-small (ours),IB_0313_ta,tamil,hard_test,simple_lookup,True,True,1.0,1.0,1.0,1.0
4 fine-tuned mE5-small (ours),IB_0315_en,english,hard_test,simple_lookup,True,True,1.0,1.0,1.0,1.0
4 fine-tuned mE5-small (ours),IB_0315_hi,hindi,hard_test,simple_lookup,True,True,1.0,1.0,1.0,1.0
4 fine-tuned mE5-small (ours),IB_0315_hing,hinglish,hard_test,simple_lookup,False,True,0.0,1.0,1.0,0.5
4 fine-tuned mE5-small (ours),IB_0315_ta,tamil,hard_test,simple_lookup,True,True,1.0,1.0,1.0,1.0
4 fine-tuned mE5-small (ours),IB_0316_en,english,test,simple_lookup,True,False,1.0,1.0,1.0,1.0
4 fine-tuned mE5-small (ours),IB_0316_hi,hindi,test,simple_lookup,True,False,1.0,1.0,1.0,1.0
4 fine-tuned mE5-small (ours),IB_0316_hing,hinglish,test,simple_lookup,True,False,0.0,1.0,1.0,0.5
4 fine-tuned mE5-small (ours),IB_0316_ta,tamil,test,simple_lookup,False,False,1.0,1.0,1.0,1.0
4 fine-tuned mE5-small (ours),IB_0317_en,english,dev,simple_lookup,False,False,1.0,1.0,1.0,1.0
4 fine-tuned mE5-small (ours),IB_0317_hi,hindi,dev,simple_lookup,False,False,1.0,1.0,1.0,1.0
4 fine-tuned mE5-small (ours),IB_0317_hing,hinglish,dev,simple_lookup,False,False,1.0,1.0,1.0,1.0
4 fine-tuned mE5-small (ours),IB_0317_ta,tamil,dev,simple_lookup,False,False,1.0,1.0,1.0,1.0
4 fine-tuned mE5-small (ours),IB_0320_en,english,hard_test,simple_lookup,False,True,1.0,1.0,1.0,1.0
4 fine-tuned mE5-small (ours),IB_0320_hi,hindi,hard_test,simple_lookup,True,True,1.0,1.0,1.0,1.0
4 fine-tuned mE5-small (ours),IB_0320_hing,hinglish,hard_test,simple_lookup,False,True,0.0,0.0,0.0,0.16666666666666666
4 fine-tuned mE5-small (ours),IB_0320_ta,tamil,hard_test,simple_lookup,True,True,1.0,1.0,1.0,1.0
4 fine-tuned mE5-small (ours),IB_0321_en,english,test,simple_lookup,False,False,1.0,1.0,1.0,1.0
4 fine-tuned mE5-small (ours),IB_0321_hi,hindi,test,simple_lookup,True,False,1.0,1.0,1.0,1.0
4 fine-tuned mE5-small (ours),IB_0321_hing,hinglish,test,simple_lookup,False,False,0.0,1.0,1.0,0.5
4 fine-tuned mE5-small (ours),IB_0321_ta,tamil,test,simple_lookup,True,False,1.0,1.0,1.0,1.0
4 fine-tuned mE5-small (ours),IB_0322_en,english,hard_test,simple_lookup,True,True,1.0,1.0,1.0,1.0
4 fine-tuned mE5-small (ours),IB_0322_hi,hindi,hard_test,simple_lookup,True,False,1.0,1.0,1.0,1.0
4 fine-tuned mE5-small (ours),IB_0322_hing,hinglish,hard_test,simple_lookup,True,True,0.0,1.0,1.0,0.5
4 fine-tuned mE5-small (ours),IB_0322_ta,tamil,hard_test,simple_lookup,True,True,1.0,1.0,1.0,1.0
4 fine-tuned mE5-small (ours),IB_0323_en,english,hard_test,simple_lookup,True,True,0.0,1.0,1.0,0.5
4 fine-tuned mE5-small (ours),IB_0323_hi,hindi,hard_test,simple_lookup,True,True,1.0,1.0,1.0,1.0
4 fine-tuned mE5-small (ours),IB_0323_hing,hinglish,hard_test,simple_lookup,False,False,0.0,1.0,1.0,0.3333333333333333
4 fine-tuned mE5-small (ours),IB_0323_ta,tamil,hard_test,simple_lookup,True,False,1.0,1.0,1.0,1.0
4 fine-tuned mE5-small (ours),IB_0324_en,english,test,simple_lookup,False,False,0.0,1.0,1.0,0.5
4 fine-tuned mE5-small (ours),IB_0324_hi,hindi,test,simple_lookup,False,False,1.0,1.0,1.0,1.0
4 fine-tuned mE5-small (ours),IB_0324_hing,hinglish,test,simple_lookup,True,False,0.0,1.0,1.0,0.5
4 fine-tuned mE5-small (ours),IB_0324_ta,tamil,test,simple_lookup,False,False,1.0,1.0,1.0,1.0
4 fine-tuned mE5-small (ours),IB_0325_en,english,test,simple_lookup,False,False,1.0,1.0,1.0,1.0
4 fine-tuned mE5-small (ours),IB_0325_hi,hindi,test,simple_lookup,True,False,1.0,1.0,1.0,1.0
4 fine-tuned mE5-small (ours),IB_0325_hing,hinglish,test,simple_lookup,True,False,1.0,1.0,1.0,1.0
4 fine-tuned mE5-small (ours),IB_0325_ta,tamil,test,simple_lookup,True,False,1.0,1.0,1.0,1.0
4 fine-tuned mE5-small (ours),IB_0327_en,english,dev,simple_lookup,False,False,1.0,1.0,1.0,1.0
4 fine-tuned mE5-small (ours),IB_0327_hi,hindi,dev,simple_lookup,False,False,1.0,1.0,1.0,1.0
4 fine-tuned mE5-small (ours),IB_0327_hing,hinglish,dev,simple_lookup,False,False,1.0,1.0,1.0,1.0
4 fine-tuned mE5-small (ours),IB_0327_ta,tamil,dev,simple_lookup,False,False,1.0,1.0,1.0,1.0
4 fine-tuned mE5-small (ours),IB_0330_en,english,test,cross_year,True,False,1.0,1.0,1.0,1.0
4 fine-tuned mE5-small (ours),IB_0330_hi,hindi,test,cross_year,True,False,0.0,1.0,1.0,0.5
4 fine-tuned mE5-small (ours),IB_0330_hing,hinglish,test,cross_year,True,False,0.0,1.0,1.0,0.5
4 fine-tuned mE5-small (ours),IB_0330_ta,tamil,test,cross_year,True,False,1.0,1.0,1.0,1.0
4 fine-tuned mE5-small (ours),IB_0331_en,english,hard_test,cross_year,False,True,1.0,1.0,1.0,1.0
4 fine-tuned mE5-small (ours),IB_0331_hi,hindi,hard_test,cross_year,True,True,1.0,1.0,1.0,1.0
4 fine-tuned mE5-small (ours),IB_0331_hing,hinglish,hard_test,cross_year,True,True,0.0,1.0,1.0,0.5
4 fine-tuned mE5-small (ours),IB_0331_ta,tamil,hard_test,cross_year,True,True,1.0,1.0,1.0,1.0
4 fine-tuned mE5-small (ours),IB_0333_en,english,hard_test,cross_year,False,False,1.0,1.0,1.0,1.0
4 fine-tuned mE5-small (ours),IB_0333_hi,hindi,hard_test,cross_year,False,True,1.0,1.0,1.0,1.0
4 fine-tuned mE5-small (ours),IB_0333_hing,hinglish,hard_test,cross_year,False,True,0.0,1.0,1.0,0.5
4 fine-tuned mE5-small (ours),IB_0333_ta,tamil,hard_test,cross_year,False,True,1.0,1.0,1.0,1.0
4 fine-tuned mE5-small (ours),IB_0336_en,english,hard_test,cross_year,False,False,1.0,1.0,1.0,1.0
4 fine-tuned mE5-small (ours),IB_0336_hi,hindi,hard_test,cross_year,True,True,1.0,1.0,1.0,1.0
4 fine-tuned mE5-small (ours),IB_0336_hing,hinglish,hard_test,cross_year,True,False,1.0,1.0,1.0,1.0
4 fine-tuned mE5-small (ours),IB_0336_ta,tamil,hard_test,cross_year,True,True,1.0,1.0,1.0,1.0
4 fine-tuned mE5-small (ours),IB_0339_en,english,test,cross_year,True,False,1.0,1.0,1.0,1.0
4 fine-tuned mE5-small (ours),IB_0339_hi,hindi,test,cross_year,True,False,1.0,1.0,1.0,1.0
4 fine-tuned mE5-small (ours),IB_0339_hing,hinglish,test,cross_year,False,False,0.0,1.0,1.0,0.5
4 fine-tuned mE5-small (ours),IB_0339_ta,tamil,test,cross_year,False,False,1.0,1.0,1.0,1.0
4 fine-tuned mE5-small (ours),IB_0340_en,english,hard_test,cross_year,True,True,1.0,1.0,1.0,1.0
4 fine-tuned mE5-small (ours),IB_0340_hi,hindi,hard_test,cross_year,True,True,1.0,1.0,1.0,1.0
4 fine-tuned mE5-small (ours),IB_0340_hing,hinglish,hard_test,cross_year,True,True,1.0,1.0,1.0,1.0
4 fine-tuned mE5-small (ours),IB_0340_ta,tamil,hard_test,cross_year,False,True,1.0,1.0,1.0,1.0
4 fine-tuned mE5-small (ours),IB_0341_en,english,hard_test,cross_year,True,True,0.0,1.0,1.0,0.5
4 fine-tuned mE5-small (ours),IB_0341_hi,hindi,hard_test,cross_year,False,True,0.0,1.0,1.0,0.5
4 fine-tuned mE5-small (ours),IB_0341_hing,hinglish,hard_test,cross_year,True,True,0.0,1.0,1.0,0.5
4 fine-tuned mE5-small (ours),IB_0341_ta,tamil,hard_test,cross_year,True,True,0.0,1.0,1.0,0.5
4 fine-tuned mE5-small (ours),IB_0342_en,english,test,multi_hop,False,False,0.5,1.0,1.0,0.75
4 fine-tuned mE5-small (ours),IB_0342_hi,hindi,test,multi_hop,True,False,0.0,1.0,1.0,0.41666666666666663
4 fine-tuned mE5-small (ours),IB_0342_hing,hinglish,test,multi_hop,True,False,0.0,0.0,0.5,0.15000000000000002
4 fine-tuned mE5-small (ours),IB_0342_ta,tamil,test,multi_hop,False,False,0.0,0.5,0.5,0.28125
4 fine-tuned mE5-small (ours),IB_0344_en,english,test,multi_hop,True,False,0.5,1.0,1.0,0.75
4 fine-tuned mE5-small (ours),IB_0344_hi,hindi,test,multi_hop,True,False,0.0,0.5,1.0,0.375
4 fine-tuned mE5-small (ours),IB_0344_hing,hinglish,test,multi_hop,True,False,0.0,0.0,0.5,0.13846153846153847
4 fine-tuned mE5-small (ours),IB_0344_ta,tamil,test,multi_hop,True,False,0.5,1.0,1.0,0.6666666666666666
4 fine-tuned mE5-small (ours),IB_0345_en,english,dev,multi_hop,False,False,0.0,0.0,0.0,0.15476190476190477
4 fine-tuned mE5-small (ours),IB_0345_hi,hindi,dev,multi_hop,False,False,0.5,1.0,1.0,0.75
4 fine-tuned mE5-small (ours),IB_0345_hing,hinglish,dev,multi_hop,False,False,0.5,0.5,1.0,0.6
4 fine-tuned mE5-small (ours),IB_0345_ta,tamil,dev,multi_hop,False,False,0.0,0.5,0.5,0.28846153846153844
4 fine-tuned mE5-small (ours),IB_0346_en,english,dev,multi_hop,False,False,0.0,0.5,1.0,0.26666666666666666
4 fine-tuned mE5-small (ours),IB_0346_hi,hindi,dev,multi_hop,False,False,0.5,0.5,1.0,0.625
4 fine-tuned mE5-small (ours),IB_0346_hing,hinglish,dev,multi_hop,False,False,0.0,0.5,0.5,0.2121212121212121
4 fine-tuned mE5-small (ours),IB_0346_ta,tamil,dev,multi_hop,False,False,0.5,0.5,1.0,0.6
4 fine-tuned mE5-small (ours),IB_0347_en,english,test,multi_hop,False,False,0.0,0.0,0.5,0.18333333333333335
4 fine-tuned mE5-small (ours),IB_0347_hi,hindi,test,multi_hop,True,False,0.5,1.0,1.0,0.6666666666666666
4 fine-tuned mE5-small (ours),IB_0347_hing,hinglish,test,multi_hop,False,False,0.0,0.5,0.5,0.19444444444444442
4 fine-tuned mE5-small (ours),IB_0347_ta,tamil,test,multi_hop,False,False,0.0,0.5,0.5,0.28125
4 fine-tuned mE5-small (ours),IB_0349_en,english,hard_test,multi_hop,True,True,0.5,1.0,1.0,0.75
4 fine-tuned mE5-small (ours),IB_0349_hi,hindi,hard_test,multi_hop,False,True,0.5,1.0,1.0,0.75
4 fine-tuned mE5-small (ours),IB_0349_hing,hinglish,hard_test,multi_hop,True,True,0.0,0.5,0.5,0.3
4 fine-tuned mE5-small (ours),IB_0349_ta,tamil,hard_test,multi_hop,True,False,0.5,0.5,1.0,0.625
4 fine-tuned mE5-small (ours),IB_0353_en,english,hard_test,multi_hop,False,True,0.3333333333333333,0.6666666666666666,1.0,0.5277777777777778
4 fine-tuned mE5-small (ours),IB_0353_hi,hindi,hard_test,multi_hop,False,True,0.3333333333333333,0.6666666666666666,1.0,0.5277777777777778
4 fine-tuned mE5-small (ours),IB_0353_hing,hinglish,hard_test,multi_hop,True,False,0.3333333333333333,0.3333333333333333,0.3333333333333333,0.37564102564102564
4 fine-tuned mE5-small (ours),IB_0353_ta,tamil,hard_test,multi_hop,True,True,0.3333333333333333,1.0,1.0,0.611111111111111
4 fine-tuned mE5-small (ours),IB_0354_en,english,test,multi_hop,False,False,0.3333333333333333,0.6666666666666666,1.0,0.5277777777777778
4 fine-tuned mE5-small (ours),IB_0354_hi,hindi,test,multi_hop,True,False,0.3333333333333333,0.3333333333333333,0.6666666666666666,0.46428571428571425
4 fine-tuned mE5-small (ours),IB_0354_hing,hinglish,test,multi_hop,True,False,0.3333333333333333,0.3333333333333333,0.3333333333333333,0.3644927536231884
4 fine-tuned mE5-small (ours),IB_0354_ta,tamil,test,multi_hop,True,False,0.3333333333333333,0.6666666666666666,1.0,0.5833333333333334
4 fine-tuned mE5-small (ours),IB_0355_en,english,dev,multi_hop,False,False,0.3333333333333333,0.6666666666666666,1.0,0.5277777777777778
4 fine-tuned mE5-small (ours),IB_0355_hi,hindi,dev,multi_hop,False,False,0.3333333333333333,0.6666666666666666,1.0,0.5277777777777778
4 fine-tuned mE5-small (ours),IB_0355_hing,hinglish,dev,multi_hop,False,False,0.3333333333333333,0.6666666666666666,1.0,0.5277777777777778
4 fine-tuned mE5-small (ours),IB_0355_ta,tamil,dev,multi_hop,False,False,0.3333333333333333,1.0,1.0,0.611111111111111
4 fine-tuned mE5-small (ours),IB_0356_en,english,test,multi_hop,False,False,0.3333333333333333,0.6666666666666666,1.0,0.5277777777777778
4 fine-tuned mE5-small (ours),IB_0356_hi,hindi,test,multi_hop,False,False,0.3333333333333333,0.6666666666666666,1.0,0.5277777777777778
4 fine-tuned mE5-small (ours),IB_0356_hing,hinglish,test,multi_hop,False,False,0.3333333333333333,0.6666666666666666,1.0,0.5277777777777778
4 fine-tuned mE5-small (ours),IB_0356_ta,tamil,test,multi_hop,False,False,0.3333333333333333,0.3333333333333333,0.6666666666666666,0.45555555555555555
4 fine-tuned mE5-small (ours),IB_0357_en,english,hard_test,multi_hop,False,False,0.3333333333333333,0.6666666666666666,1.0,0.5277777777777778
4 fine-tuned mE5-small (ours),IB_0357_hi,hindi,hard_test,multi_hop,False,False,0.3333333333333333,0.6666666666666666,1.0,0.5277777777777778
4 fine-tuned mE5-small (ours),IB_0357_hing,hinglish,hard_test,multi_hop,False,True,0.3333333333333333,0.6666666666666666,1.0,0.5277777777777778
4 fine-tuned mE5-small (ours),IB_0357_ta,tamil,hard_test,multi_hop,True,True,0.3333333333333333,0.6666666666666666,1.0,0.5833333333333334
4 fine-tuned mE5-small (ours),IB_0358_en,english,hard_test,multi_hop,False,True,1.0,1.0,1.0,1.0
4 fine-tuned mE5-small (ours),IB_0358_hi,hindi,hard_test,multi_hop,False,True,1.0,1.0,1.0,1.0
4 fine-tuned mE5-small (ours),IB_0358_hing,hinglish,hard_test,multi_hop,True,True,1.0,1.0,1.0,1.0
4 fine-tuned mE5-small (ours),IB_0358_ta,tamil,hard_test,multi_hop,False,False,1.0,1.0,1.0,1.0
4 fine-tuned mE5-small (ours),IB_0359_en,english,test,multi_hop,True,False,1.0,1.0,1.0,1.0
4 fine-tuned mE5-small (ours),IB_0359_hi,hindi,test,multi_hop,True,False,1.0,1.0,1.0,1.0
4 fine-tuned mE5-small (ours),IB_0359_hing,hinglish,test,multi_hop,True,False,0.0,1.0,1.0,0.5
4 fine-tuned mE5-small (ours),IB_0359_ta,tamil,test,multi_hop,True,False,1.0,1.0,1.0,1.0
4 fine-tuned mE5-small (ours),IB_0360_en,english,test,multi_hop,False,False,1.0,1.0,1.0,1.0
4 fine-tuned mE5-small (ours),IB_0360_hi,hindi,test,multi_hop,True,False,1.0,1.0,1.0,1.0
4 fine-tuned mE5-small (ours),IB_0360_hing,hinglish,test,multi_hop,False,False,1.0,1.0,1.0,1.0
4 fine-tuned mE5-small (ours),IB_0360_ta,tamil,test,multi_hop,True,False,1.0,1.0,1.0,1.0
4 fine-tuned mE5-small (ours),IB_0362_en,english,hard_test,multi_hop,False,False,1.0,1.0,1.0,1.0
4 fine-tuned mE5-small (ours),IB_0362_hi,hindi,hard_test,multi_hop,True,True,1.0,1.0,1.0,1.0
4 fine-tuned mE5-small (ours),IB_0362_hing,hinglish,hard_test,multi_hop,True,False,0.0,1.0,1.0,0.3333333333333333
4 fine-tuned mE5-small (ours),IB_0362_ta,tamil,hard_test,multi_hop,True,True,1.0,1.0,1.0,1.0
4 fine-tuned mE5-small (ours),IB_0363_en,english,hard_test,multi_hop,False,True,1.0,1.0,1.0,1.0
4 fine-tuned mE5-small (ours),IB_0363_hi,hindi,hard_test,multi_hop,True,True,1.0,1.0,1.0,1.0
4 fine-tuned mE5-small (ours),IB_0363_hing,hinglish,hard_test,multi_hop,False,False,0.0,1.0,1.0,0.5
4 fine-tuned mE5-small (ours),IB_0363_ta,tamil,hard_test,multi_hop,False,True,1.0,1.0,1.0,1.0
4 fine-tuned mE5-small (ours),IB_0365_en,english,hard_test,multi_hop,True,False,0.5,1.0,1.0,0.75
4 fine-tuned mE5-small (ours),IB_0365_hi,hindi,hard_test,multi_hop,True,True,0.5,1.0,1.0,0.75
4 fine-tuned mE5-small (ours),IB_0365_hing,hinglish,hard_test,multi_hop,True,True,0.5,1.0,1.0,0.75
4 fine-tuned mE5-small (ours),IB_0365_ta,tamil,hard_test,multi_hop,True,False,0.5,1.0,1.0,0.75
4 fine-tuned mE5-small (ours),IB_0366_en,english,dev,multi_hop,False,False,0.5,1.0,1.0,0.75
4 fine-tuned mE5-small (ours),IB_0366_hi,hindi,dev,multi_hop,False,False,0.5,1.0,1.0,0.6666666666666666
4 fine-tuned mE5-small (ours),IB_0366_hing,hinglish,dev,multi_hop,False,False,0.5,1.0,1.0,0.75
4 fine-tuned mE5-small (ours),IB_0366_ta,tamil,dev,multi_hop,False,False,0.5,0.5,0.5,0.5555555555555556
4 fine-tuned mE5-small (ours),IB_0367_en,english,dev,multi_hop,False,False,0.5,1.0,1.0,0.6666666666666666
4 fine-tuned mE5-small (ours),IB_0367_hi,hindi,dev,multi_hop,False,False,0.5,0.5,1.0,0.625
4 fine-tuned mE5-small (ours),IB_0367_hing,hinglish,dev,multi_hop,False,False,0.5,1.0,1.0,0.6666666666666666
4 fine-tuned mE5-small (ours),IB_0367_ta,tamil,dev,multi_hop,False,False,0.5,1.0,1.0,0.6666666666666666
4 fine-tuned mE5-small (ours),IB_0368_en,english,dev,multi_hop,False,False,0.5,1.0,1.0,0.6666666666666666
4 fine-tuned mE5-small (ours),IB_0368_hi,hindi,dev,multi_hop,False,False,0.5,1.0,1.0,0.75
4 fine-tuned mE5-small (ours),IB_0368_hing,hinglish,dev,multi_hop,False,False,0.5,0.5,1.0,0.6
4 fine-tuned mE5-small (ours),IB_0368_ta,tamil,dev,multi_hop,False,False,0.5,0.5,0.5,0.5714285714285714
4 fine-tuned mE5-small (ours),IB_0371_en,english,test,multi_hop,True,False,0.5,1.0,1.0,0.75
4 fine-tuned mE5-small (ours),IB_0371_hi,hindi,test,multi_hop,True,False,0.5,1.0,1.0,0.75
4 fine-tuned mE5-small (ours),IB_0371_hing,hinglish,test,multi_hop,False,False,0.5,0.5,1.0,0.625
4 fine-tuned mE5-small (ours),IB_0371_ta,tamil,test,multi_hop,True,False,0.5,1.0,1.0,0.75
